pais,fecha,anio,nota_no,fuente,url_pagina,url_pdf,decreto,tipo,base_legal,causa,plazo_dias,alcance,derechos,ocr_chars
Perú,2014-01-28,2014,,notif_oea_art27,,http://www.oas.org/es/sla/ddi/docs/tratados_multilaterales_suspencion_garantias_Peru_No_7-5M-273.pdf,Decreto Supremo No. 045-2014,estado de emergencia,Art. 137 Constitución,,,,"Internacional- en ocasión a remitir para su debido conocimiento, copia del Decreto Supremo No",14797
Perú,2014-06-18,2014,,notif_oea_art27,,http://www.oas.org/es/sla/ddi/docs/tratados_multilaterales_suspencion_garantias_Peru_No_7-5M-271.pdf,DECRETO SUPREMO N* 048-2014,estado de emergencia,Art. 127 Constitución,,,subnacional: Huanta y La Mar del,"Internacional- en ocasión a remitir para su debido conocimiento, copia de los Decretos Supremos No",25346
Perú,2014-08-08,2014,,notif_oea_art27,,http://www.oas.org/es/sla/ddi/docs/tratados_multilaterales_suspencion_garantias_Peru_No_7-5M-323.pdf,DECRETO SUPREMO N* 067-2014,estado de emergencia,Art. 137 Constitución,,,,Internacional de la Secretaría de Asuntos Jurídicos de la Secretaría General de la Organización de los Estados Americanos saluda muy atentamente a los Estados p,13820
Perú,2014-09-19,2014,,notif_oea_art27,,http://www.oas.org/es/sla/ddi/docs/tratados_multilaterales_suspencion_garantias_Peru_No_7-5M-359_eng.pdf,Decreto Supremo No. 065-2014,estado de emergencia,Art. 137 Constitución,,,,"Internacional- en ocasión a remitir para su debido conocimiento, copia del Decreto Supremo No",8278
Perú,2014-11-07,2014,,notif_oea_art27,,http://www.oas.org/es/sla/ddi/docs/tratados_multilaterales_suspencion_garantias_Peru_No_7-5M-357_eng.pdf,DECRETO SUPREMO N* 060-2014,estado de emergencia,,,,,"Internacional- en ocasión a remitir para su debido conocimiento, copia de los Decretos Supremos No",15615
Guatemala,2014-12-12,2014,,notif_oea_art27,,,,,,,,,,0
Perú,2015-02-04,2015,,notif_oea_art27,,http://www.oas.org/es/sla/ddi/docs/tratados_multilaterales_suspencion_garantias_Peru_No_7-5M-374.pdf,Decreto Supremo N* 035-2015,estado de emergencia,Art. 137 Constitución,desastre/salud,,subnacional: Huanta y La,"Internacional- en ocasión a remitir para su debido conocimiento, copia de los Decretos Supremos N* 047- 2014-PCM y 062-2015-PCM publicados el 16 de julio y el 1",28798
Perú,2015-06-02,2015,,notif_oea_art27,,http://www.oas.org/es/sla/ddi/docs/tratados_multilaterales_suspencion_garantias_Peru_No_7-5M-412.pdf,Decreto Supremo N* 077-2015,estado de emergencia,Art. 44 Constitución,,,,"Internacional- en ocasión a remitir para su debido conocimiento, copia del Decreto Supremo N* 077-2015-PCM publicado el 12 de noviembre de 2015, mediante el cua",7326
Perú,2015-10-21,2015,,notif_oea_art27,,http://www.oas.org/es/sla/ddi/docs/tratados_multilaterales_suspencion_garantias_Peru_No_7-5M-412.pdf,Decreto Supremo N* 077-2015,estado de emergencia,Art. 44 Constitución,,,,"Internacional- en ocasión a remitir para su debido conocimiento, copia del Decreto Supremo N* 077-2015-PCM publicado el 12 de noviembre de 2015, mediante el cua",7326
Colombia,2015-10-23,2015,,notif_oea_art27,,http://www.oas.org/es/sla/ddi/docs/tratados_multilaterales_suspencion_garantias_Colombia_No_1390-2015.pdf,Decreto No. 1979,estado de emergencia,Art. 215 Constitución,,,subnacional: La Jagua del,Humanos y el artículo 4 del Pacto Internacional de Derechos Civiles y Políticos se ha expedido el día 6 de octubre de 2015 el Decreto No,10123
Perú,2015-11-05,2015,,notif_oea_art27,,http://www.oas.org/es/sla/ddi/docs/tratados_multilaterales_suspencion_garantias_Peru_No_7-5M-414.pdf,Decreto Supremo N* 078-2015,estado de emergencia,Art. 44 Constitución,,,,"Internacional- en ocasión a remitir para su debido conocimiento, copia del Decreto Supremo N* 078-2015-PCM publicado el 12 de noviembre de 2015, mediante el cua",14562
Perú,2015-12-11,2015,,notif_oea_art27,,http://www.oas.org/es/sla/ddi/docs/tratados_multilaterales_suspencion_garantias_Peru_No_7-5M-412.pdf,Decreto Supremo N* 077-2015,estado de emergencia,Art. 44 Constitución,,,,"Internacional- en ocasión a remitir para su debido conocimiento, copia del Decreto Supremo N* 077-2015-PCM publicado el 12 de noviembre de 2015, mediante el cua",7326
Perú,2016-03-22,2016,,notif_oea_art27,,http://www.oas.org/es/sla/ddi/docs/tratados_multilaterales_suspencion_garantias_Peru_No_7-5M-033_No_7-5M-035.pdf,Decreto Supremo N* 003-2016,estado de emergencia,,seguridad/crimen,,,Internacional de la Secretaría de Asuntos Jurídicos de la Secretaría General de la Organización de los Estados Americanos saluda muy atentamente a los Estados p,11491
Ecuador,2016-04-19,2016,,notif_oea_art27,,http://www.oas.org/es/sla/ddi/docs/tratados_multilaterales_suspencion_garantias_Ecuador_No_4-2-149-2016.pdf,Decreto Ejecutivo No. 1101,estado de excepción,Art. 14 Constitución,desastre/salud,,"subnacional: Esmeraldas, Manabí, Santa Elena, Santo",Internacional de la Secretaría de Asuntos Jurídicos de la Secretaría General de la Organización de los Estados Americanos saluda muy atentamente a los Estados p,8255
Perú,2016-06-22,2016,,notif_oea_art27,,http://www.oas.org/es/sla/ddi/docs/tratados_multilaterales_suspencion_garantias_Peru_No_7-5-M-103_No_7-5-M-105_No_7-5-M-107.pdf,,estado de emergencia,,,,,Internacional de la Secretaría de Asuntos Jurídicos de la Secretaría General de la Organización de los Estados Americanos saluda muy atentamente a los Estados p,3900
Perú,2016-07-19,2016,,notif_oea_art27,,http://www.oas.org/es/sla/ddi/docs/tratados_multilaterales_suspencion_garantias_Peru_No_7-5-M-132_No_7-5-M-134_No_7-5-M-136.pdf,Decreto Supremo N* 045-2016,estado de emergencia,,,,,Internacional de la Secretaría de Asuntos Jurídicos de la Secretaría General de la Organización de los Estados Americanos saluda muy atentamente a los Estados p,3511
Perú,2016-09-04,2016,,notif_oea_art27,,http://www.oas.org/es/sla/ddi/docs/tratados_multilaterales_suspencion_garantias_Peru_No_7-5-M-176_No_7-5-M-178.pdf,DECRETO SUPREMO N* 066-2016,estado de emergencia,Art. 44 Constitución,seguridad/crimen,,nacional,Internacional de la Secretaría de Asuntos Jurídicos de la Secretaría General de la Organización de los Estados Americanos saluda muy atentamente a los Estados p,11100
Perú,2016-11-02,2016,,notif_oea_art27,,http://www.oas.org/es/sla/ddi/docs/tratados_multilaterales_suspencion_garantias_Peru_No_7-5M-216.pdf,Decreto Supremo N* 076-2016,estado de emergencia,,,,,| para más gente 7 de noviembre de 2016 OEA/2,3432
Ecuador,2016-11-11,2016,,notif_oea_art27,,http://www.oas.org/es/sla/ddi/docs/tratados_multilaterales_suspencion_garantias_Ecuador_No_4-2-248-2016.pdf,,estado de excepción,,desastre/salud,,"subnacional: Manabí y Esmeraldas, por los efectos",; | para más gente 16 de noviembre de 2016 OEA/2,3229
Ecuador,2017-01-12,2017,,notif_oea_art27,,http://www.oas.org/es/sla/ddi/docs/tratados_multilaterales_suspencion_garantias_Ecuador_No-T-02-SGJ-17-0163.pdf,,estado de excepción,Art. 166 Constitución,desastre/salud,,nacional,"de la población tiene derecho a vivir en un ambiente sano y ecológicamente equilibrado que garantice la sostenibilidad y el buen vivir, sumak kawsay; Que el ar",7533
Ecuador,2017-01-23,2017,,notif_oea_art27,,http://www.oas.org/es/sla/ddi/docs/tratados_multilaterales_suspencion_garantias_Ecuador_No-T-02-SGJ-17-0162.pdf,,estado de excepción,Art. 166 Constitución,desastre/salud,,nacional,"de la población a vivir en un ambiente sano y ecológicamente equilibrado que garantice la sostenibilidad y el buen vivir, sumak kawsay: Que cl articulo 396 de",8209
Guatemala,2017-06-19,2017,,notif_oea_art27,,,,,,,,,,0
Perú,2017-06-21,2017,,notif_oea_art27,,http://www.oas.org/es/sla/ddi/docs/tratados_multilaterales_suspencion_garantias_Peru_No_7-5-M-137.pdf,Decreto Supremo N* 063-2017,estado de emergencia,,,,,"Internacional- en ocasión a remitir para su debido conocimiento, copia del Decreto Supremo N* 063-2017-PCM, publicado el 08 de junio de 2017 en el diario oficia",1325
Perú,2017-06-27,2017,,notif_oea_art27,,http://www.oas.org/es/sla/ddi/docs/tratados_multilaterales_suspencion_garantias_Peru_No_7-5-M-167.pdf,Decreto Supremo N* 074-2017,estado de emergencia,Art. 44 Constitución,seguridad/crimen,,nacional,"Internacional- en ocasión a remitir para su debido conocimiento copia del Decreto Supremo N* 074-2017-PCM, publicado el 12 de julio de 2017 en el diario oficial",15049
Guatemala,2017-07-18,2017,,notif_oea_art27,,http://www.oas.org/es/sla/ddi/docs/tratados_multilaterales_suspencion_garantias_Guatemala_No_MV-M12-352-2017.pdf,,estado de sitio,Art. 38 Constitución,,,subnacional: Ixchiguán y Tajumulco del,"Humanos, informando que mediante Decreto Gubernativo número 3-2017, el Señor Jimmy Morales Cabrera, Presidente de la República de Guatemala, en Consejo de Minis",11621
Perú,2017-08-04,2017,7-5-M/165 y No. 7-5-M/167,notif_oea_art27,,http://www.oas.org/es/sla/ddi/docs/tratados_multilaterales_suspencion_garantias_Peru_No_7-5-M-165.pdf,Decreto Supremo N* 078-2017,estado de emergencia,Art. 44 Constitución,seguridad/crimen,,nacional,"Internacional- en ocasión a remitir para su debido conocimiento copia del Decreto Supremo N* 078-2017-PCM, publicado el 19 de julio de 2017 en el diario oficial",18588
Honduras,2017-12-02,2017,098/MHOEA/2017,notif_oea_art27,,,,,,,,,,0
Honduras,2017-12-13,2017,,notif_oea_art27,,http://www.oas.org/es/sla/ddi/docs/tratados_multilaterales_suspencion_garantias_Honduras_No_SG-098-MHOEA-2017.pdf,,,,seguridad/crimen,,,"Internacional con ocasión de remitir para su debido conocimiento copia del Decreto ++ PCM-084-2017, publicado en el Diario Oficial La Gaceta del 1 de diciembre",11628
Perú,2018-01-16,2018,7-5-M/006,notif_oea_art27,,http://www.oas.org/es/sla/ddi/docs/tratados_multilaterales_suspencion_garantias_Peru_No_7-5-M-006.pdf,Decreto Supremo N* 084-2017,estado de emergencia,Art. 137 Constitución,seguridad/crimen,,,"Internacional- a fin de informarle que mediante Decretos Supremos que se listas a continuación y se remiten en archivo adjunto, publicados en el diario oficial",15122
Jamaica,2018-01-24,2018,,notif_oea_art27,,,,,,,,,,0
Ecuador,2018-03-30,2018,4-2-104-2018,notif_oea_art27,,http://www.oas.org/es/sla/ddi/docs/tratados_multilaterales_suspencion_garantias_Ecuador_No_4-2-104-2018.pdf,Decreto Ejecutivo No. 349,estado de excepción,,,,nacional,"Humanos y, como alcance a la nota verbal No",4238
Ecuador,2018-04-30,2018,4-2-136-2018 con su respectivo anexo,notif_oea_art27,,http://www.oas.org/es/sla/ddi/docs/tratados_multilaterales_suspencion_garantias_Ecuador_No_4-2-136-2018.pdf,Decreto Ejecutivo No. 381,estado de excepción,Art. 1 Constitución,seguridad/crimen; orden público,,nacional,"Humanos y como alcance a la nota verbal No, 4-2- 104-2018, de 30 de marzo de 2018, tiene a bien adjuntar una copia del Decreto Ejecutivo No",7826
Perú,2018-05-22,2018,7-5-M/91,notif_oea_art27,,http://www.oas.org/es/sla/ddi/docs/tratados_multilaterales_suspencion_garantias_Peru_No_7-5-M-091.pdf,Decreto Supremo N* 048-2011,estado de emergencia,Art. 137 Constitución,,,,"Internacional- a fin de informarle que mediante Decretos Supremos que se listan a continuación y se remiten en archivo adjunto, publicados en el diario oficial",23695
Perú,2019-01-16,2019,7-5-M/005,notif_oea_art27,,http://www.oas.org/es/sla/ddi/docs/tratados_multilaterales_suspencion_garantias_Peru_No_7-5-M-005.pdf,,,Art. 2 Constitución,,,,"Internacional- a fin de informarle que mediante Decretos Supremos que se listan a continuación y se remiten en archivo adjunto, publicados en el diario oficial",3949
Perú,2019-05-02,2019,7-5-M/104,notif_oea_art27,,http://www.oas.org/es/sla/ddi/docs/tratados_multilaterales_suspencion_garantias_Peru_No_7-5-M-104.pdf,Decreto Supremo N* 041-2019,estado de emergencia,Art. 2 Constitución,seguridad/crimen,,nacional,"Internacional-, a fin de informarle que del 2 de abril de 2019 a la fecha, la Presidencia del Consejo de Ministros ha decretado los siguiente, respecto a Estado",19103
Ecuador,2019-07-03,2019,4-2-191-2019,notif_oea_art27,,http://www.oas.org/es/sla/ddi/docs/tratados_multilaterales_suspencion_garantias_Ecuador_No_4-2-210-2019.pdf,Decreto Ejecutivo No. 823,estado de excepción,Art. 1 Constitución,,,,"Internacional, en cumplimiento con lo establecido en el artículo 27, inciso 3, de la Convención Americana de Derechos Humanos y en alcance a la Nota No",12151
Ecuador,2019-07-17,2019,4-2-210-2019,notif_oea_art27,,http://www.oas.org/es/sla/ddi/docs/tratados_multilaterales_suspencion_garantias_Ecuador_nota_No_4-2-295-2019.pdf,Decreto Ejecutivo No. 884,estado de excepción,Art. 1 Constitución,desastre/salud; seguridad/crimen; orden público,,nacional,"Internacional — y, en cumplimiento con lo establecido en el artículo 27, inciso 3, de la Convención Americana de Derechos Humanos, tiene a honra remitir para su",14160
Perú,2019-07-23,2019,7-5-M/156,notif_oea_art27,,http://www.oas.org/es/sla/ddi/docs/tratados_multilaterales_suspencion_garantias_Peru_No_7-5-M-156_2019.pdf,Decreto Supremo N* 074-,estado de emergencia,Art. 2 Constitución,seguridad/crimen,,nacional,"Internacional- a fin de informarle a fin de informarle que del 1 de mayo de 2019 a la fecha, la Presidencia del Consejo de Ministros de la República del Perú ha",19997
Guatemala,2019-09-06,2019,,notif_oea_art27,,http://www.oas.org/es/sla/ddi/docs/tratados_multilaterales_suspencion_garantias_Guatemala_nota_MV-M12-No_461-2019.pdf,,estado de sitio,,,,"subnacional: Tactic, Senahú, Tamahú, Tucurú, Panzós,","Humanos, para hacer de su conocimiento que mediante Decreto Gubernativo número número 1-2019, el Señor Jimmy Morales Cabrera, Presidente de la República de Guat",11105
Perú,2019-10-04,2019,7-5-M/194,notif_oea_art27,,http://www.oas.org/es/sla/ddi/docs/tratados_multilaterales_suspencion_garantias_Peru_nota_No_7-5-M-194-2019.pdf,DECRETO SUPREMO N* 159-2019,estado de emergencia,Art. 2 Constitución,seguridad/crimen,,nacional,"Internacional- a fin de informarle que del 24 de agosto de 2019 a la fecha, la Presidencia del Consejo de Ministros de la República del Perú ha decretado los si",22899
Ecuador,2019-10-09,2019,4-2-307/2019,notif_oea_art27,,http://www.oas.org/es/sla/ddi/docs/tratados_multilaterales_suspencion_garantias_Ecuador_nota_No_4-2-307-2019.pdf,Decreto Ejecutivo No. 888,estado de excepción,Art. 1 Constitución,seguridad/crimen; orden público,,nacional,"Internacional — y, en alcance a la Nota 4-2-295/2019, tiene a honra remitir para su conocimiento copia del Decreto Ejecutivo No",12629
Chile,2019-10-21,2019,155/19,notif_oea_art27,,http://www.oas.org/es/sla/ddi/docs/tratados_multilaterales_suspencion_garantias_Chile_nota_No_155-2019.pdf,Decreto Supremo N* 473,estado de excepción,Art. 42 Constitución,seguridad estado,15,subnacional: Santiago y de,"de libre circulación, Se hace presente que por expreso mandato constitucional ninguna medida puede tener una duración mayor que la del estado de excepción const",8930
Perú,2019-10-25,2019,7-5-M/204,notif_oea_art27,,http://www.oas.org/es/sla/ddi/docs/tratados_multilaterales_suspencion_garantias_Peru_No_7-5-M-204_2019.pdf,Decreto Supremo N* 169-2019,estado de emergencia,Art. 2 Constitución,seguridad/crimen,,nacional,"Internacional- a fin de informarle que, del 27 de setiembre de 2019 al 26 de octubre de 2019, la Presidencia del Consejo de Ministros de la República del Perú h",17119
Chile,2019-10-28,2019,162/19,notif_oea_art27,,http://www.oas.org/es/sla/ddi/docs/tratados_multilaterales_suspencion_garantias_Chile_nota_No_162-2019.pdf,Decreto Supremo N* 527,estado de excepción,Art. 42 Constitución,,,,,9752
Ecuador,2019-11-13,2019,4-2-351/2019,notif_oea_art27,,http://www.oas.org/es/sla/ddi/docs/tratados_multilaterales_suspencion_garantias_Ecuador_nota_No_4-2-351-2019.pdf,,estado de excepción,,,,,"Internacional — y, en cumplimiento con lo establecido en el artículo 27, inciso 3, de la Convención Americana de Derechos Humanos y en alcance a las Notas 4-2-2",1092
Perú,2019-12-20,2019,7-5-M/225 nota 7-5-M/225,notif_oea_art27,,http://www.oas.org/es/sla/ddi/docs/tratados_multilaterales_suspencion_garantias_Peru_No_7-5-M-225_2019.pdf,Decreto Supremo N* 169-2019,estado de emergencia,Art. 2 Constitución,seguridad/crimen,,nacional,"Internacional- a fin de informarle que, del 24 de octubre al 2 de diciembre de 2019, la Presidencia del Consejo de Ministros del Perú ha decretado lo siguiente:",22368
Guatemala,2020-01-21,2020,,notif_oea_art27,,,,,,,,,,0
Ecuador,2020-03-17,2020,4-2-073/2020,notif_oea_art27,,http://www.oas.org/es/sla/ddi/docs/tratados_multilaterales_suspencion_garantias_Ecuador_nota_No_4-2-073-2020.pdf,Decreto Ejecutivo No. 1017,estado de excepción,Art. 1 Constitución,desastre/salud; orden público; seguridad estado,,nacional,"Internacional — y, en cumplimiento con lo establecido en el artículo 27, inciso 3, de la Convención Americana de Derechos Humanos, tiene a honra remitir para su",12426
Colombia,2020-03-19,2020,377/2020,notif_oea_art27,,http://www.oas.org/es/sla/ddi/docs/tratados_multilaterales_suspencion_garantias_Colombia_nota_No_377-2020.pdf,,estado de excepción,Art. 215 Constitución,desastre/salud,,nacional,"Humanos, aprobada por la República de Colombia mediante la Ley 16 de 1972, « Por medio de la cual se aprueba la Convención Americana sobre Derechos Humanos Pact",15292
Guatemala,2020-03-23,2020,Ref. NV-OEA-M4-No.182-2020,notif_oea_art27,,http://www.oas.org/es/sla/ddi/docs/tratados_multilaterales_suspencion_garantias_Guatemala_nota_No_182-2020.pdf,Decreto No. 8-2020,estado de calamidad,Art. 138 Constitución,desastre/salud,,nacional,"Humanos, para hacer de su conocimiento que mediante Decreto Gubernativo número 6-2020, el Señor Alejandro Eduardo Giammattei Falla, Presidente de la República d",33352
Ecuador,2020-03-24,2020,4-2-077/2020,notif_oea_art27,,http://www.oas.org/es/sla/ddi/docs/tratados_multilaterales_suspencion_garantias_Ecuador_nota_No_4-2-077-2020.pdf,Decreto Ejecutivo No. 1019,estado de excepción,Art. 1 Constitución,desastre/salud,,nacional,"Internacional — y, en cumplimiento con lo establecido en el artículo 27, inciso 3, de la Convención Americana de Derechos Humanos, tiene a honra remitir para su",14208
Bolivia,2020-03-25,2020,MPB-OEA-NV085-20,notif_oea_art27,,http://www.oas.org/es/sla/ddi/docs/tratados_multilaterales_suspencion_garantias_Bolivia_nota_No_NV085-20.pdf,DECRETO SUPREMO N* 4196,,Art. 9 Constitución,desastre/salud,,nacional,Internacional y de acuerdo a lo establecido en el Art,9535
Colombia,2020-03-25,2020,389/2020,notif_oea_art27,,http://www.oas.org/es/sla/ddi/docs/tratados_multilaterales_suspencion_garantias_Colombia_nota_No_389-2020.pdf,,estado de emergencia,,desastre/salud,,nacional,,5476
Chile,2020-03-26,2020,032-2020,notif_oea_art27,,http://www.oas.org/es/sla/ddi/docs/tratados_multilaterales_suspencion_garantias_Chile_nota_No_32-2020.pdf,decreto N2,estado de excepción,Art. 41 Constitución,desastre/salud; seguridad estado,90,nacional,"Humanos, el día 18 de marzo del presente año el Presidente de la República decidió hacer uso de las facultades que le confiere el artículo 41 de la Constitución",11875
Panamá,2020-03-26,2020,PANA-OEA-7-121,notif_oea_art27,,http://www.oas.org/es/sla/ddi/docs/tratados_multilaterales_suspencion_garantias_Panama_nota_No_7-121-2020.pdf,Decreto Ejecutivo No.490,estado de emergencia,Art. 27 Constitución,desastre/salud,,nacional,"Humanos, copia de la Resolución de Gabinete N*11 de 13 de marzo de 2020, a través de la cual se declara en la República de Panamá “Estado de Emergencia Nacional",12625
Honduras,2020-03-26,2020,056/MPHOEA/2020,notif_oea_art27,,http://www.oas.org/es/sla/ddi/docs/tratados_multilaterales_suspencion_garantias_Honduras_nota_No_56-2020.pdf,,estado de emergencia,,desastre/salud,,nacional,"Internacional de la SG OEA, y, en cumplimiento de lo establecido en el artículo 27, inciso 3 de la Convención Americana sobre Derechos Humanos, tiene a honra re",11903
Bolivia,2020-03-26,2020,MPB-OEA-NV087-20,notif_oea_art27,,http://www.oas.org/es/sla/ddi/docs/tratados_multilaterales_suspencion_garantias_Bolivia_nota_No_NV087-20.pdf,DECRETO SUPREMO N* 4200,,Art. 35 Constitución,desastre/salud,,nacional,"Internacional y tiene a bien poner en su conocimiento que, en el marco de la declaratoria de emergencia sanitaria y cuarentena total en el país, el Gobierno Nac",9187
Argentina,2020-03-27,2020,039,notif_oea_art27,,http://www.oas.org/es/sla/ddi/docs/tratados_multilaterales_suspencion_garantias_Argentina_nota_No_39-2020.pdf,Decreto N* 659/1947,,,desastre/salud,,nacional,"Humanos, lo dispuesto en el Decreto de Necesidad y Urgencia (DNU) 313/2020, del 26 de marzo de 2020, dictado por el Poder Ejecutivo Nacional",19358
Guatemala,2020-03-27,2020,Ref. NV-OEA-M4-No.190-2020,notif_oea_art27,,http://www.oas.org/es/sla/ddi/docs/tratados_multilaterales_suspencion_garantias_Guatemala_nota_No_190-2020.pdf,,estado de calamidad,,desastre/salud,,nacional,"fundamental que el Estado de Guatemala debe garantizar, y que es esencial que se sigan tomando las medidas establecidas para evitar consecuencias graves para l",7132
República Dominicana,2020-03-30,2020,MPRD-OEA 0300-2020,notif_oea_art27,,http://www.oas.org/es/sla/ddi/docs/tratados_multilaterales_suspencion_garantias_Republica_Dominicana_nota_MPRD-OEA_0300-2020.pdf,,estado de excepción,Art. 262 Constitución,desastre/salud; seguridad/crimen,,nacional,"Internacional de la Secretaría de Asuntos Jurídicos de la Secretaría General de la Organización de los Estados Americanos (OEA), y en cumplimiento a lo establec",10468
Perú,2020-03-30,2020,7-5-M/045,notif_oea_art27,,http://www.oas.org/es/sla/ddi/docs/tratados_multilaterales_suspencion_garantias_Peru_nota_No_7-5-M-045-2020.pdf,Decreto Supremo N* 051-220,estado de emergencia,Art. 2 Constitución,desastre/salud; seguridad/crimen; orden público,,nacional,Internacional- a fin de informarle que la Presidencia del Consejo de Ministros del Perú ha decretado lo siguiente: Fecha de Decreto publicación en : 6 Supremo,27662
Bolivia,2020-03-30,2020,MPB-OEA-NV089-20,notif_oea_art27,,http://www.oas.org/es/sla/ddi/docs/tratados_multilaterales_suspencion_garantias_Bolivia_nota_No_NV089-20.pdf,,estado de emergencia,,desastre/salud; seguridad estado,,nacional,"Humanos de 1969, es necesario comunicar a su Secretaria sobre la reciente adopción de un estado de emergencia sanitaria",8806
Argentina,2020-04-01,2020,OEA 042,notif_oea_art27,,http://www.oas.org/es/sla/ddi/docs/tratados_multilaterales_suspencion_garantias_Argentina_nota_No_42-2020.pdf,Decreto N2,,Art. 14 Constitución,desastre/salud,,,conforme a las leyes que reglamenten su ejercicio; a saber: de trabajar y ejercer toda industria lícita; de navegar y comerciar; de peticionar a las autoridades,11534
El Salvador,2020-04-01,2020,MPOEA- OEA-024/2020,notif_oea_art27,,,,,,,,,,0
República Dominicana,2020-04-03,2020,MPRD-OEA 0315-2020,notif_oea_art27,,http://www.oas.org/es/sla/ddi/docs/tratados_multilaterales_suspencion_garantias_Republica_Dominicana_nota_MPRD-OEA_0315-2020.pdf,Decreto No. 142-20,estado de emergencia,Art. 128 Constitución,desastre/salud; seguridad/crimen,,nacional,Internacional —en ocasión de hacer referencia a la Nota No,5647
Colombia,2020-04-03,2020,MPC/OEA No. 412/2020,notif_oea_art27,,http://www.oas.org/es/sla/ddi/docs/tratados_multilaterales_suspencion_garantias_Colombia_nota_MPC-OEA_No_412-2020.pdf,,estado de emergencia,Art. 215 Constitución,desastre/salud,,nacional,"en materia de extradición, con ocasión del ""Estado de Emergencia Económica, Social y Ecológica"" declarada en todo el territorio nacional, derivada de la Pandemi",5705
Honduras,2020-04-08,2020,057/MPHOEA/2020,notif_oea_art27,,http://www.oas.org/es/sla/ddi/docs/tratados_multilaterales_suspencion_garantias_Honduras_nota_No_57-2020.pdf,Decreto  Legislativo No. 32-2020,,,desastre/salud,,,"Humanos, la prórroga de las medidas de restricción a derechos fundamentales a nivel nacional ante la pandemia del COVID-19",10949
Colombia,2020-04-08,2020,MPC/OEA No. 424/2020,notif_oea_art27,,http://www.oas.org/es/sla/ddi/docs/tratados_multilaterales_suspencion_garantias_Colombia_nota_MPC-OEA_No_424-2020.pdf,,estado de emergencia,,,,nacional,"Internacional, y tiene a bien referirse a sus anteriores Notas Verbales 377/2020 del 19 de marzo de 2020, 389/2020 del 24 de marzo de 2020 y 412/2020 del 3 de a",3138
Colombia,2020-04-13,2020,MPC/OEA No. 428/2020,notif_oea_art27,,http://www.oas.org/es/sla/ddi/docs/tratados_multilaterales_suspencion_garantias_Colombia_nota_MPC-OEA_No_428-2020.pdf,,,Art. 2 Constitución,desastre/salud; seguridad/crimen,,,"Internacional, y tiene a bien referirse a sus anteriores Notas Verbales 377/2020 del 19 de marzo, 389/2020 del 24 de marzo, 412/2020 del 3 de abril y 424/2020 d",16786
República Dominicana,2020-04-16,2020,MPRD-OEA 0365-2020,notif_oea_art27,,http://www.oas.org/es/sla/ddi/docs/tratados_multilaterales_suspencion_garantias_Republica_Dominicana_nota_MPRD-OEA_0365-2020.pdf,Decreto No. 148-20,estado de excepción,Art. 128 Constitución,desastre/salud,,nacional,Internacional —en ocasión de hacer referencia a las Notas No,6170
Colombia,2020-04-16,2020,MPC/OEA No. 450/2020,notif_oea_art27,,http://www.oas.org/es/sla/ddi/docs/tratados_multilaterales_suspencion_garantias_Colombia_nota_MPC-OEA_No_450-2020.pdf,,estado de emergencia,,desastre/salud,,,"Internacional, y tiene a bien referirse a sus anteriores Notas Verbales 377/2020 del 19 de marzo, 389/2020 del 24 de marzo, 412/2020 del 3 de abril, 424/2020 de",12800
Colombia,2020-04-17,2020,MPC/OEA No. 471/2020,notif_oea_art27,,http://www.oas.org/es/sla/ddi/docs/tratados_multilaterales_suspencion_garantias_Colombia_nota_MPC-OEA_No_471-2020.pdf,,estado de emergencia,,,,nacional,"Internacional, y tiene a bien referirse a su anterior Nota Verbal 377/2020",1279
República Dominicana,2020-04-20,2020,MPRD-OEA 0400-2020,notif_oea_art27,,http://www.oas.org/es/sla/ddi/docs/tratados_multilaterales_suspencion_garantias_Republica_Dominicana_nota_MPRD-OEA_0400-2020.pdf,Decreto No. 151-20,estado de emergencia,Art. 128 Constitución,desastre/salud,,nacional,Internacional —en ocasión de hacer referencia a las Notas No,4538
Bolivia,2020-04-20,2020,MPB-OEA-NV096-20,notif_oea_art27,,http://www.oas.org/es/sla/ddi/docs/tratados_multilaterales_suspencion_garantias_Bolivia_nota_No_NV096-20.pdf,Decreto Supremo N* 4196,,Art. 35 Constitución,desastre/salud,,nacional,Humanos remite a su conocimiento copia del D,7523
Perú,2020-04-27,2020,7-5-M/047,notif_oea_art27,,http://www.oas.org/es/sla/ddi/docs/tratados_multilaterales_suspencion_garantias_Peru_nota_No_7-5-M-047-2020.pdf,Decreto Supremo N2,estado de emergencia,Art. 2 Constitución,desastre/salud,,nacional,"Internacional- y tiene a bien informar que mediante Decreto Supremo N2 064-2020-PCM, publicado en la fecha, se dispuso la prórroga del Estado de Emergencia Naci",27701
Colombia,2020-04-27,2020,MPC/OEA No. 496.1/2020,notif_oea_art27,,http://www.oas.org/es/sla/ddi/docs/tratados_multilaterales_suspencion_garantias_Colombia_nota_MPC-OEA_No_496_1-2020.pdf,,,Art. 2 Constitución,desastre/salud; seguridad/crimen,,,"Internacional, y atendiendo instrucciones de Presidencia de la República, la Misión Permanente de Colombia, tiene a bien comunicar, en seguimiento de lo dispues",17125
Guatemala,2020-04-29,2020,Ref. NV-OEA-M4-No.266-2020,notif_oea_art27,,http://www.oas.org/es/sla/ddi/docs/tratados_multilaterales_suspencion_garantias_Guatemala_nota_No_266-2020.pdf,Decreto No. 8-2020,estado de calamidad,,desastre/salud,,nacional,"Humanos, para hacer de su conocimiento que el 20 de abril de 2020, el Señor Alejandro Eduardo Giammattei Falla, Presidente de la República de Guatemala, decretó",16954
República Dominicana,2020-04-30,2020,MPRD-OEA 0491-2020,notif_oea_art27,,http://www.oas.org/es/sla/ddi/docs/tratados_multilaterales_suspencion_garantias_Republica_Dominicana_nota_MPRD-OEA_0491-2020.pdf,Decreto No. 154-20,estado de emergencia,Art. 128 Constitución,desastre/salud,,nacional,"Internacional —, en ocasión de hacer referencia a las Notas No",5516
República Dominicana,2020-04-30,2020,MPRD-OEA 0489-2020,notif_oea_art27,,http://www.oas.org/es/sla/ddi/docs/tratados_multilaterales_suspencion_garantias_Republica_Dominicana_nota_MPRD-OEA_0489-2020.pdf,Decreto No. 153-20,estado de emergencia,Art. 128 Constitución,desastre/salud,,nacional,"Internacional —, en ocasión de hacer referencia a las Notas No",5390
República Dominicana,2020-05-01,2020,MPRD-OEA 0496-2020,notif_oea_art27,,http://www.oas.org/es/sla/ddi/docs/tratados_multilaterales_suspencion_garantias_Republica_Dominicana_nota_MPRD-OEA_0496-2020.pdf,,estado de excepción,Art. 266 Constitución,desastre/salud; seguridad/crimen,,,"humanos citados en esta ley, debidamente ratificados, por conducto del Secretario General de las Naciones Unidas y del Secretario General de la Organización de",4893
Bolivia,2020-05-04,2020,MPB-OEA-NV102-20,notif_oea_art27,,http://www.oas.org/es/sla/ddi/docs/tratados_multilaterales_suspencion_garantias_Bolivia_nota_No_NV102-20.pdf,Decreto Supremo N* 4196,,Art. 35 Constitución,desastre/salud,,nacional,Humanos remite a su conocimiento copia del D,9874
Suriname,2020-05-04,2020,PVOSA/SUR/191/20,notif_oea_art27,,http://www.oas.org/es/sla/ddi/docs/tratados_multilaterales_suspencion_garantias_Suriname_nota_No_PVOSA-SUR-191-20.pdf,,state of emergency,,desastre/salud,,,,6968
Perú,2020-05-06,2020,7-5-M/049,notif_oea_art27,,http://www.oas.org/es/sla/ddi/docs/tratados_multilaterales_suspencion_garantias_Peru_nota_No_7-5-M-049-2020.pdf,Decreto Supremo N2,estado de emergencia,Art. 2 Constitución,desastre/salud,,nacional,"Internacional- y tiene a bien informar que mediante Decreto Supremo N2 075-2020-PCM, publicado el 25 de abril de 2020, se ha dispuesto la prórroga del Estado de",19352
Colombia,2020-05-07,2020,MPC/OEA No. 591.1/2020,notif_oea_art27,,http://www.oas.org/es/sla/ddi/docs/tratados_multilaterales_suspencion_garantias_Colombia_nota_MPC-OEA_No_591_1-2020.pdf,,estado de emergencia,Art. 2 Constitución,desastre/salud; seguridad/crimen,,nacional,"Internacional, y atendiendo instrucciones de Presidencia de la República, y del Ministerio de Relaciones Exteriores, tiene a bien informar, acerca de la expedic",17071
Paraguay,2020-05-08,2020,292-20-MPP-OEA,notif_oea_art27,,http://www.oas.org/es/sla/ddi/docs/tratados_multilaterales_suspencion_garantias_Paraguay_nota_292-20-MPP-OEA.pdf,DECRETO N* 3576,estado de emergencia,,desastre/salud,,nacional,"Humanos, a fin de remitir en anexo para los fines pertinentes, textos de disposiciones emitidas por la Presidencia de la República del Paraguay en el marco de a",10287
Colombia,2020-05-13,2020,MPC/OEA No. 617/2020,notif_oea_art27,,http://www.oas.org/es/sla/ddi/docs/tratados_multilaterales_suspencion_garantias_Colombia_nota_MPC-OEA_No_617-2020.pdf,,estado de emergencia,,,,,"Internacional, y atendiendo instrucciones de Presidencia de la República, y del Ministerio de Relaciones Exteriores, tiene a bien informar, de conformidad con l",1274
Colombia,2020-05-14,2020,MPC/OEA No. 620/2020,notif_oea_art27,,http://www.oas.org/es/sla/ddi/docs/tratados_multilaterales_suspencion_garantias_Colombia_nota_MPC-OEA_No_620-2020.pdf,,estado de emergencia,Art. 215 Constitución,desastre/salud,,nacional,"Internacional, y atendiendo instrucciones de Presidencia de la República, y del Ministerio de Relaciones Exteriores, tiene a bien informar, de conformidad con l",15109
Ecuador,2020-05-16,2020,4-2-136/2020,notif_oea_art27,,http://www.oas.org/es/sla/ddi/docs/tratados_multilaterales_suspencion_garantias_Ecuador_nota_No_4-2-136-2020.pdf,Decreto Ejecutivo No. 1052,estado de excepción,Art. 1 Constitución,desastre/salud; orden público; seguridad estado,,nacional,"Internacional — y, en cumplimiento con lo establecido en el artículo 27, inciso 3, de la Convención Americana de Derechos Humanos, tiene a honra remitir para su",13106
Guatemala,2020-05-16,2020,NV-OEA-M4-318-2020,notif_oea_art27,,http://www.oas.org/es/sla/ddi/docs/tratados_multilaterales_suspencion_garantias_Guatemala_nota_No_NV-OEA-M4-318-2020.pdf,Decreto No. 90-97,estado de calamidad,,desastre/salud,,nacional,"Humanos, dicha nota comunica sobre las Disposiciones Presidenciales en caso de calamidad pública y Órdenes para el estricto cumplimiento, giradas el pasado 14 d",27091
República Dominicana,2020-05-18,2020,MPRD-OEA 0632-2020,notif_oea_art27,,http://www.oas.org/es/sla/ddi/docs/tratados_multilaterales_suspencion_garantias_Republica_Dominicana_nota_MPRD-OEA_0632-2020.pdf,Decreto No. 161-20,estado de emergencia,Art. 128 Constitución,desastre/salud,,nacional,"Internacional —, en ocasión de hacer referencia a las Notas núms",9987
Honduras,2020-05-18,2020,059/MPHOEA/2020,notif_oea_art27,,http://www.oas.org/es/sla/ddi/docs/tratados_multilaterales_suspencion_garantias_Honduras_nota_No_059-MPHOEA-2020.pdf,Decreto Legislativo No. 42-2020,,,desastre/salud; seguridad estado,,,"Internacional, con el objeto de informar, en cumplimiento del artículo 27, inciso 3 de la Convención Americana de los Derechos Humanos, el contenido del decreto",11391
Colombia,2020-05-18,2020,MPC/OEA No. 636/2020,notif_oea_art27,,http://www.oas.org/es/sla/ddi/docs/tratados_multilaterales_suspencion_garantias_Colombia_nota_MPC-OEA_No_636-2020.pdf,,estado de emergencia,,desastre/salud,,,"Internacional, y atendiendo instrucciones de Presidencia de la República, y del Ministerio de Relaciones Exteriores, tiene a bien informar, de conformidad con l",1387
Bolivia,2020-05-19,2020,MPB-OEA-NV108-20,notif_oea_art27,,http://www.oas.org/es/sla/ddi/docs/tratados_multilaterales_suspencion_garantias_Bolivia_nota_No_NV108-20.pdf,DECRETO SUPREMO N* 4236,,Art. 21 Constitución,desastre/salud,,nacional,Humanos remite a su conocimiento copia del D,6768
Colombia,2020-05-21,2020,MPC/OEA No. 653/2020,notif_oea_art27,,http://www.oas.org/es/sla/ddi/docs/tratados_multilaterales_suspencion_garantias_Colombia_nota_MPC-OEA_No_653-2020.pdf,,estado de emergencia,Art. 215 Constitución,desastre/salud,,nacional,"Internacional, y atendiendo instrucciones de Presidencia de la República, y del Ministerio de Relaciones Exteriores, tiene a bien informar, de conformidad con l",16294
Colombia,2020-05-21,2020,MPC/OEA No. 650.1/2020,notif_oea_art27,,http://www.oas.org/es/sla/ddi/docs/tratados_multilaterales_suspencion_garantias_Colombia_nota_MPC-OEA_No_650_1-2020.pdf,,estado de emergencia,Art. 215 Constitución,desastre/salud,,nacional,"Internacional, y atendiendo instrucciones de Presidencia de la República, y del Ministerio de Relaciones Exteriores, tiene a bien informar, de conformidad con l",17840
Colombia,2020-05-22,2020,MPC/OEA No. 672/2020,notif_oea_art27,,http://www.oas.org/es/sla/ddi/docs/tratados_multilaterales_suspencion_garantias_Colombia_nota_MPC-OEA_No_672-2020.pdf,,estado de emergencia,Art. 215 Constitución,desastre/salud,,nacional,"Internacional, y atendiendo instrucciones de Presidencia de la República, y del Ministerio de Relaciones Exteriores, tiene a bien informar, de conformidad con l",16026
Colombia,2020-05-26,2020,MPC/OEA No. 674.1/2020,notif_oea_art27,,http://www.oas.org/es/sla/ddi/docs/tratados_multilaterales_suspencion_garantias_Colombia_nota_MPC-OEA_No_674_1-2020.pdf,,estado de emergencia,Art. 215 Constitución,desastre/salud,,nacional,"Internacional, y atendiendo instrucciones de Presidencia de la República, y del Ministerio de Relaciones Exteriores, tiene a bien informar, de conformidad con l",15421
Paraguay,2020-05-28,2020,324-20-MPP-OEA,notif_oea_art27,,http://www.oas.org/es/sla/ddi/docs/tratados_multilaterales_suspencion_garantias_Paraguay_nota_324-20-MPP-OEA.pdf,Decreto N* 3442,estado de emergencia,,desastre/salud,,nacional,"Humanos, a fin de remitir en anexo para los fines pertinentes, el texto de la última disposición emitida por la Presidencia de la República del Paraguay y otros",10595
Argentina,2020-05-29,2020,71,notif_oea_art27,,http://www.oas.org/es/sla/ddi/docs/tratados_multilaterales_suspencion_garantias_Argentina_nota_No_71-2020.pdf,Decreto N* 260/20,,,desastre/salud,,,conforme a las leyes que reglamenten su ejercicio; a saber: de trabajar y ejercer toda industria lícita; de navegar y comerciar; de peticionar a las autoridades,12079
Colombia,2020-06-01,2020,MPC/OEA No. 697/2020,notif_oea_art27,,http://www.oas.org/es/sla/ddi/docs/tratados_multilaterales_suspencion_garantias_Colombia_nota_MPC-OEA_No_697-2020.pdf,,estado de emergencia,,,,,"Internacional, y atendiendo instrucciones de Presidencia de la República, y del Ministerio de Relaciones Exteriores, tiene a bien informar, de conformidad con l",1327
República Dominicana,2020-06-02,2020,MPRD-OEA 0763-2020,notif_oea_art27,,http://www.oas.org/es/sla/ddi/docs/tratados_multilaterales_suspencion_garantias_Republica_Dominicana_nota_MPRD-OEA_0763-2020.pdf,,estado de emergencia,Art. 128 Constitución,desastre/salud,,nacional,"Internacional —, en ocasión de hacer referencia a las Notas núms",6282
Guatemala,2020-06-03,2020,NV-OEA-M4-371-2020,notif_oea_art27,,http://www.oas.org/es/sla/ddi/docs/tratados_multilaterales_suspencion_garantias_Guatemala_nota_No_NV-OEA-M4-371-2020.pdf,,estado de sitio,,orden público,,nacional,"que la Constitución Política de la República de Guatemala determina y cuando el surgimiento de hechos graves que pongan en peligro el orden constitucional, la s",9808
Guatemala,2020-06-03,2020,NV-OEA-M4-368-2020,notif_oea_art27,,http://www.oas.org/es/sla/ddi/docs/tratados_multilaterales_suspencion_garantias_Guatemala_nota_No_NV-OEA-M4-368-2020.pdf,Decreto No. 5,estado de calamidad,,desastre/salud,,nacional,"Humanos, para hacer de su conocimiento que de conformidad a los Decretos Gubernativos No",14082
Panamá,2020-06-03,2020,PANA-OEA-7-151,notif_oea_art27,,http://www.oas.org/es/sla/ddi/docs/tratados_multilaterales_suspencion_garantias_Panama_nota_No_7-151-2020.pdf,Decreto Ejecutivo No. 644,estado de emergencia,,desastre/salud,,nacional,"Internacional, en ocasión de hacer referencia a la nota PANA-OEA-7-121 del 25 de marzo de 2020, mediante la cual en cumplimiento del artículo 27, inciso 3 de la",5349
Colombia,2020-06-04,2020,MPC/OEA No. 724/2020,notif_oea_art27,,http://www.oas.org/es/sla/ddi/docs/tratados_multilaterales_suspencion_garantias_Colombia_nota_MPC-OEA_No_724-2020.pdf,,estado de emergencia,Art. 215 Constitución,desastre/salud,,nacional,"Internacional, y atendiendo instrucciones de Presidencia de la República, y del Ministerio de Relaciones Exteriores, tiene a bien informar, de conformidad con l",14687
Argentina,2020-06-08,2020,79,notif_oea_art27,,http://www.oas.org/es/sla/ddi/docs/tratados_multilaterales_suspencion_garantias_Argentina_nota_No_79-2020.pdf,Decreto N* 297/20,,,desastre/salud,,nacional,consagrados por el artículo 14 de la CONSTITUCIÓN NACIONAL resultan ser pilares fundamentales de nuestro ordenamiento jurídico y están sujetos a limitaciones y,15610
Perú,2020-06-08,2020,7-5-M/054,notif_oea_art27,,http://www.oas.org/es/sla/ddi/docs/tratados_multilaterales_suspencion_garantias_Peru_nota_No_7-5-M-054-2020.pdf,Decreto Supremo N* 094-,estado de emergencia,Art. 2 Constitución,desastre/salud,,nacional,"Internacional- y tiene a bien informar que mediante Decreto Supremo N* 094- 2020-PCM, publicado el 23 de mayo de 2020, se ha dispuesto la prórroga del Estado de",25179
Panamá,2020-06-08,2020,PANA-OEA-7-160,notif_oea_art27,,http://www.oas.org/es/sla/ddi/docs/tratados_multilaterales_suspencion_garantias_Panama_nota_No_7-160-2020.pdf,Decreto Ejecutivo No. 644,,Art. 27 Constitución,desastre/salud,,nacional,"Internacional, en ocasión de hacer referencia a la nota PANA-OEA-7-151 del 3 de junio de 2020, mediante la cual en cumplimiento del artículo 27, inciso 3 de la",7101
Venezuela,2020-06-08,2020,MP-RBV/OEA 099-2020,notif_oea_art27,,http://www.oas.org/es/sla/ddi/docs/tratados_multilaterales_suspencion_garantias_Venezuela_nota_MP-RBV-OEA_099-2020.pdf,Decreto N* 4,estado de excepción,,desastre/salud; orden público,,,"Humanos (“Convención Americana”), a fin de informar por conducto suyo a los demás Estados partes, que el régimen usurpador e ilegítimo de Nicolás Maduro ha decr",13957
Colombia,2020-06-12,2020,MPC/OEA No. 727/2020 de fecha 5 de junio 2020,notif_oea_art27,,http://www.oas.org/es/sla/ddi/docs/tratados_multilaterales_suspencion_garantias_Colombia_nota_MPC-OEA_No_727-2020.pdf,,estado de emergencia,Art. 215 Constitución,desastre/salud,,nacional,"Internacional, y atendiendo instrucciones de Presidencia de la República, y del Ministerio de Relaciones Exteriores, tiene a bien informar, sobre la finalizació",10750
República Dominicana,2020-06-14,2020,MPRD-OEA 0838-2020,notif_oea_art27,,http://www.oas.org/es/sla/ddi/docs/tratados_multilaterales_suspencion_garantias_Republica_Dominicana_nota_MPRD-OEA_0838-2020.pdf,,estado de excepción,Art. 128 Constitución,desastre/salud,,nacional,"Internacional —, en ocasión de hacer referencia a la Nota núm",10736
Paraguay,2020-06-15,2020,373-20-MPP-OEA,notif_oea_art27,,http://www.oas.org/es/sla/ddi/docs/tratados_multilaterales_suspencion_garantias_Paraguay_nota_373-20-MPP-OEA.pdf,Decreto N* 3,estado de emergencia,,desastre/salud,,nacional,"Humanos, a fin de remitir en anexo para los fines pertinentes, el texto de la última disposición emitida por la Presidencia de la República del Paraguay, en el",11287
Ecuador,2020-06-16,2020,4-2-162/2020,notif_oea_art27,,http://www.oas.org/es/sla/ddi/docs/tratados_multilaterales_suspencion_garantias_Ecuador_nota_No_4-2-162-2020.pdf,Decreto Ejecutivo No. 1074,estado de excepción,Art. 1 Constitución,desastre/salud; orden público,,nacional,"Internacional — y, en cumplimiento con lo establecido en el artículo 27, inciso 3, de la Convención Americana de Derechos Humanos, tiene a honra remitir para su",14236
Chile,2020-06-18,2020,52-2020,notif_oea_art27,,http://www.oas.org/es/sla/ddi/docs/tratados_multilaterales_suspencion_garantias_Chile_nota_No_52-2020.pdf,decreto N* 4,estado de excepción,Art. 41 Constitución,desastre/salud; seguridad estado,90,nacional,de libre circulación,11339
República Dominicana,2020-06-28,2020,MPRD-OEA 0919-2020,notif_oea_art27,,http://www.oas.org/es/sla/ddi/docs/tratados_multilaterales_suspencion_garantias_Republica_Dominicana_nota_MPRD-OEA_0919-2020.pdf,,,,,,,"Internacional, en ocasión a referirse a la Nota Núm",1620
Argentina,2020-06-30,2020,90,notif_oea_art27,,http://www.oas.org/es/sla/ddi/docs/tratados_multilaterales_suspencion_garantias_Argentina_nota_No_90-2020.pdf,Decreto N* 297/20,,,desastre/salud,,nacional,consagrados por el artículo 14 de la CONSTITUCIÓN NACIONAL resultan ser pilares fundamentales de nuestro ordenamiento jurídico y están sujetos a limitaciones y,15318
República Dominicana,2020-07-01,2020,MPRD-OEA 0930-2020,notif_oea_art27,,http://www.oas.org/es/sla/ddi/docs/tratados_multilaterales_suspencion_garantias_Republica_Dominicana_nota_MPRD-OEA_0930-2020.pdf,,estado de emergencia,,desastre/salud,,,"Internacional —, en ocasión de hacer referencia a la Nota núm",2102
Bolivia,2020-07-01,2020,MPB-OEA-NV127-20,notif_oea_art27,,http://www.oas.org/es/sla/ddi/docs/tratados_multilaterales_suspencion_garantias_Bolivia_nota_No_NV127-20.pdf,Decreto Supremo N* 4179,,Art. 35 Constitución,desastre/salud,,nacional,Humanos remite a su conocimiento copia del D,14535
Guatemala,2020-07-03,2020,NV-OEA-M4-485-2020,notif_oea_art27,,http://www.oas.org/es/sla/ddi/docs/tratados_multilaterales_suspencion_garantias_Guatemala_nota_No_NV-OEA-M4-485-2020.pdf,Decreto No. 23-2020,estado de sitio,,desastre/salud; orden público,,nacional,"Humanos, para hacer de su conocimiento que de conformidad al Decreto Gubernativo No",17649
Paraguay,2020-07-06,2020,431-20-MPP-OEA,notif_oea_art27,,http://www.oas.org/es/sla/ddi/docs/tratados_multilaterales_suspencion_garantias_Paraguay_nota_431-20-MPP-OEA.pdf,DECRETO N* 3780,estado de emergencia,,desastre/salud,,nacional,"Humanos, a fin de remitir en anexo para los fines pertinentes, el texto de la última disposición emitida por la Presidencia de la República del Paraguay, en el",9511
Honduras,2020-07-06,2020,066/MPHOEA/2020,notif_oea_art27,,http://www.oas.org/es/sla/ddi/docs/tratados_multilaterales_suspencion_garantias_Honduras_nota_No_066-MPHOEA-2020.pdf,Decreto Legislativo No. 266-2013,,,desastre/salud,,,"Internacional, con el objeto de informar, en cumplimiento del artículo 27, inciso 3 de la Convención Americana de los Derechos Humanos, el contenido del decreto",7802
Perú,2020-07-10,2020,7-5-M/063,notif_oea_art27,,http://www.oas.org/es/sla/ddi/docs/tratados_multilaterales_suspencion_garantias_Peru_nota_No_7-5-M-063-2020.pdf,Decreto Supremo N* 116-2020,estado de emergencia,Art. 2 Constitución,desastre/salud,,nacional,"Internacional- y tiene a bien informar que mediante Decreto Supremo N* 116-2020-PCM, publicado el 26 de junio de 2020, se ha dispuesto la prórroga del Estado de",29204
Jamaica,2020-07-16,2020,6/80/2,notif_oea_art27,,http://www.oas.org/es/sla/ddi/docs/tratados_multilaterales_suspencion_garantias_Jamaica_nota_No_6-80-2.pdf,,state of emergency,,,,,,7683
República Dominicana,2020-07-20,2020,MPRD-OEA 1005-2020,notif_oea_art27,,http://www.oas.org/es/sla/ddi/docs/tratados_multilaterales_suspencion_garantias_Republica_Dominicana_nota_MPRD-OEA_1005-2020.pdf,Decreto No. 266-20,estado de emergencia,Art. 266 Constitución,desastre/salud; seguridad/crimen,45,,Internacional —en ocasión de hacer referencia a las Notas No,8529
República Dominicana,2020-07-20,2020,MPRD-OEA 1003-2020,notif_oea_art27,,http://www.oas.org/es/sla/ddi/docs/tratados_multilaterales_suspencion_garantias_Republica_Dominicana_nota_MPRD-OEA_1003-2020.pdf,,estado de emergencia,Art. 266 Constitución,desastre/salud,45,,"Internacional — y en cumplimiento a lo establecido en el artículo 27, inciso 3 de la Convención Americana sobre Derechos Humanos, tiene a bien notificar que med",6831
Argentina,2020-07-21,2020,101,notif_oea_art27,,http://www.oas.org/es/sla/ddi/docs/tratados_multilaterales_suspencion_garantias_Argentina_nota_No_101-2020.pdf,Decreto N* 260/20,,,desastre/salud,,nacional,,14091
Panamá,2020-07-21,2020,PANA-OEA-7-182,notif_oea_art27,,http://www.oas.org/es/sla/ddi/docs/tratados_multilaterales_suspencion_garantias_Panama_nota_No_7-182-2020.pdf,Decreto Ejecutivo No.869,,Art. 27 Constitución,desastre/salud,,subnacional: Panamá y,"Internacional, en ocasión de hacer referencia a la nota PANA-OEA-7-160 del 8 de junio de 2020, mediante la cual en cumplimiento del artículo 27, inciso 3 de la",6793
Paraguay,2020-07-23,2020,490-20-MPP-OEA,notif_oea_art27,,http://www.oas.org/es/sla/ddi/docs/tratados_multilaterales_suspencion_garantias_Paraguay_nota_490-20-MPP-OEA.pdf,DECRETO N* 3835/2020,,,desastre/salud,,nacional,"Humanos, a fin de remitir en anexo para los fines pertinentes, el texto de la última disposición emitida por la Presidencia de la República del Paraguay en el m",11553
Guatemala,2020-07-23,2020,NV-OEA-M4-529-2020,notif_oea_art27,,http://www.oas.org/es/sla/ddi/docs/tratados_multilaterales_suspencion_garantias_Guatemala_nota_No_NV-OEA-M4-529-2020.pdf,,estado de sitio,,seguridad/crimen,,"subnacional: El Estor, Morales y Livingston del","Humanos, para hacer de su conocimiento que de conformidad al Decreto Gubernativo No",14725
Guatemala,2020-07-31,2020,NV-OEA-M4-564-2020,notif_oea_art27,,http://www.oas.org/es/sla/ddi/docs/tratados_multilaterales_suspencion_garantias_Guatemala_nota_No_NV-OEA-M4-564-2020.pdf,Decreto No. 21-2020,estado de calamidad,,desastre/salud,,nacional,"Humanos, para hacer de su conocimiento que mediante Decreto Gubernativo No",12647
Argentina,2020-08-03,2020,113,notif_oea_art27,,http://www.oas.org/es/sla/ddi/docs/tratados_multilaterales_suspencion_garantias_Argentina_nota_No_113-2020.pdf,,,,desastre/salud,,nacional,,14910
Paraguay,2020-08-03,2020,556-20-MPP-OEA,notif_oea_art27,,http://www.oas.org/es/sla/ddi/docs/tratados_multilaterales_suspencion_garantias_Paraguay_nota_556-20-MPP-OEA.pdf,DECRETO N* 3900/2020,estado de emergencia,,desastre/salud,,nacional,"Humanos, a fin de remitir en anexo para los fines pertinentes, el texto de la última disposición emitida por la Presidencia de la República del Paraguay en el m",10079
República Dominicana,2020-08-08,2020,MPRD-OEA 01061-2020,notif_oea_art27,,http://www.oas.org/es/sla/ddi/docs/tratados_multilaterales_suspencion_garantias_Republica_Dominicana_nota_MPRD-OEA_01061-2020.pdf,,estado de emergencia,Art. 128 Constitución,desastre/salud,45,nacional,"Internacional — y en cumplimiento a lo establecido en el artículo 27, inciso 3 de la Convención Americana sobre Derechos Humanos, se tiene a bien notificar que",4362
Ecuador,2020-08-13,2020,4-2-320/2020,notif_oea_art27,,http://www.oas.org/es/sla/ddi/docs/tratados_multilaterales_suspencion_garantias_Ecuador_nota_No_4-2-320-2020.pdf,Decreto Ejecutivo No. 1125,estado de excepción,Art. 3 Constitución,desastre/salud; seguridad/crimen; orden público,,nacional,"Internacional, en cumplimiento con lo establecido en el artículo 27, inciso 3, de la Convención Americana de Derechos Humanos, tiene a honra remitir para su con",13328
Paraguay,2020-08-14,2020,581-20-MPP-OEA,notif_oea_art27,,http://www.oas.org/es/sla/ddi/docs/tratados_multilaterales_suspencion_garantias_Paraguay_nota_581-20-MPP-OEA.pdf,DECRETO N* 3835/2020,estado de emergencia,,desastre/salud,,nacional,"Humanos, a fin de remitir en anexo para los fines pertinentes, el texto de la última disposición emitida por la Presidencia de la República del Paraguay, en el",8411
Ecuador,2020-08-16,2020,4-2-321/2020,notif_oea_art27,,http://www.oas.org/es/sla/ddi/docs/tratados_multilaterales_suspencion_garantias_Ecuador_nota_No_4-2-321-2020.pdf,Decreto Ejecutivo No. 1126,estado de excepción,Art. 1 Constitución,desastre/salud; orden público,,nacional,"Internacional — y, en cumplimiento con lo establecido en el artículo 27, inciso 3, de la Convención Americana de Derechos Humanos, tiene a honra remitir para su",10622
Perú,2020-08-17,2020,7-5-M/075,notif_oea_art27,,http://www.oas.org/es/sla/ddi/docs/tratados_multilaterales_suspencion_garantias_Peru_nota_No_7-5-M-075-2020.pdf,Decreto Supremo N* 135-2020,estado de emergencia,Art. 2 Constitución,desastre/salud,,nacional,"Internacional- y tiene a bien informar que mediante Decreto Supremo N* 135-2020-PCM, publicado el 31 de julio de 2020, se ha dispuesto la prórroga del Estado de",21203
Argentina,2020-08-20,2020,122,notif_oea_art27,,http://www.oas.org/es/sla/ddi/docs/tratados_multilaterales_suspencion_garantias_Argentina_nota_No_122-2020.pdf,,,,desastre/salud,,nacional,,11359
Guatemala,2020-08-21,2020,NV-OEA-M4-632-2020,notif_oea_art27,,http://www.oas.org/es/sla/ddi/docs/tratados_multilaterales_suspencion_garantias_Guatemala_nota_No_NV-OEA-M4-632-2020.pdf,,estado de prevención,,seguridad/crimen,15,"subnacional: El Estor, Morales y Livingston del","Humanos y que conforme el instrumento internacional, para implementar un régimer jurídico especial temporal, debe sujetarse al principio de convencionalidad, ga",12881
Paraguay,2020-08-24,2020,600-20-MPP-OEA,notif_oea_art27,,http://www.oas.org/es/sla/ddi/docs/tratados_multilaterales_suspencion_garantias_Paraguay_nota_600-20-MPP-OEA.pdf,Decreto N*. 39,estado de emergencia,,desastre/salud,,,"Humanos, a fin de remitir en anexo para los fines pertinentes, el texto de la última disposición emitida por la Presidencia de la República del Paraguay en el m",7827
Panamá,2020-08-24,2020,PANA-OEA-7-182,notif_oea_art27,,http://www.oas.org/es/sla/ddi/docs/tratados_multilaterales_suspencion_garantias_Panama_nota_No_7-199-2020.pdf,Decreto Ejecutivo No. 869,,,desastre/salud,,nacional,"Internacional, en ocasión de hacer referencia a la nota PANA-OEA-7-160 del 8 de junio de 2020, mediante la cual en cumplimiento del artículo 27, inciso 3 de la",8395
Paraguay,2020-08-31,2020,615-20-MPP-OEA,notif_oea_art27,,http://www.oas.org/es/sla/ddi/docs/tratados_multilaterales_suspencion_garantias_Paraguay_nota_615-20-MPP-OEA.pdf,DECRETO N* 3835/2020,estado de emergencia,,desastre/salud,,nacional,"Humanos, a fin de remitir en anexo para los fines pertinentes, el texto de la última disposición emitida por la Presidencia de la República del Paraguay en el m",7996
Argentina,2020-09-01,2020,130,notif_oea_art27,,http://www.oas.org/es/sla/ddi/docs/tratados_multilaterales_suspencion_garantias_Argentina_nota_No_130-2020.pdf,Decreto N* 260/20,,,desastre/salud,,nacional,,11675
República Dominicana,2020-09-02,2020,MPRD-OEA 01193-2020,notif_oea_art27,,http://www.oas.org/es/sla/ddi/docs/tratados_multilaterales_suspencion_garantias_Republica_Dominicana_nota_MPRD-OEA_01193-2020.pdf,,estado de excepción,,desastre/salud,,nacional,"Internacional —, en ocasión de hacer referencia a la declaración y el estado de emergencia nacional dictado en la República Dominicana, debido al brote de coron",7699
Perú,2020-09-02,2020,7-5-M/087,notif_oea_art27,,http://www.oas.org/es/sla/ddi/docs/tratados_multilaterales_suspencion_garantias_Peru_nota_No_7-5-M-087-2020.pdf,Decreto Supremo N* 146-,estado de emergencia,Art. 2 Constitución,desastre/salud,,nacional,"Internacional- y tiene a bien informar que mediante Decreto Supremo N* 146- 2020-PCM, publicado el 28 de agosto de 2020, se ha dispuesto la prórroga del Estado",16779
Guatemala,2020-09-08,2020,NV-OEA-M4-688-2020,notif_oea_art27,,http://www.oas.org/es/sla/ddi/docs/tratados_multilaterales_suspencion_garantias_Guatemala_nota_No_NV-OEA-M4-688-2020.pdf,Decreto No. 8-2020,estado de calamidad,,desastre/salud,30,nacional,"fundamental citado, y que es esencial que se sigan tomando las medidas sanitarias, económicas y sociales para evitar consecuencias graves para los habitantes de",18975
Paraguay,2020-09-11,2020,648-20-MPP-OEA,notif_oea_art27,,http://www.oas.org/es/sla/ddi/docs/tratados_multilaterales_suspencion_garantias_Paraguay_nota_648-20-MPP-OEA.pdf,DECRETO N* 4015,estado de emergencia,,desastre/salud,,nacional,"Humanos, a fin de remitir en anexo para los fines pertinentes, textos de las últimas disposiciones emitida por la Presidencia de la República del Paraguay en el",8727
Panamá,2020-09-18,2020,PANA-OEA-7-220,notif_oea_art27,,http://www.oas.org/es/sla/ddi/docs/tratados_multilaterales_suspencion_garantias_Panama_nota_No_7-220-2020.pdf,Decreto Ejecutivo No. 1078,,,desastre/salud,,nacional,"Internacional, en ocasión de hacer referencia a la nota PANA-OEA-7-199 del 24 de agosto de 2020, mediante la cual en cumplimiento del artículo 27, inciso 3 de l",8056
Chile,2020-09-21,2020,107-2020,notif_oea_art27,,http://www.oas.org/es/sla/ddi/docs/tratados_multilaterales_suspencion_garantias_Chile_nota_No_107-2020.pdf,Decreto Supremo N* 104,estado de excepción,Art. 41 Constitución,desastre/salud,90,nacional,de libre circulación,7347
Argentina,2020-09-21,2020,152,notif_oea_art27,,http://www.oas.org/es/sla/ddi/docs/tratados_multilaterales_suspencion_garantias_Argentina_nota_No_152-2020.pdf,,,,desastre/salud,,nacional,,11815
Paraguay,2020-09-21,2020,675-20-MPP-OEA,notif_oea_art27,,http://www.oas.org/es/sla/ddi/docs/tratados_multilaterales_suspencion_garantias_Paraguay_nota_675-20-MPP-OEA.pdf,DECRETO N* 4065,estado de emergencia,,desastre/salud,,nacional,"Humanos, a fin de remitir en anexo para los fines pertinentes, textos de las últimas disposiciones emitida por la Presidencia de la República del Paraguay en el",8718
República Dominicana,2020-09-28,2020,MPRD-OEA 01345 -2020,notif_oea_art27,,http://www.oas.org/es/sla/ddi/docs/tratados_multilaterales_suspencion_garantias_Republica_Dominicana_nota_MPRD-OEA_01345-2020.pdf,,estado de emergencia,Art. 128 Constitución,desastre/salud,45,,Internacional — en ocasión de referirse a la Nota núm,7799
Paraguay,2020-10-09,2020,731-20-MPP-OEA,notif_oea_art27,,http://www.oas.org/es/sla/ddi/docs/tratados_multilaterales_suspencion_garantias_Paraguay_nota_731-20-MPP-OEA.pdf,DECRETO N* 4115,estado de emergencia,,desastre/salud,,nacional,"Humanos, a fin de remitir en anexo para los fines pertinentes, textos de las últimas disposiciones emitida por la Presidencia de la República del Paraguay en el",8067
Argentina,2020-10-15,2020,164,notif_oea_art27,,http://www.oas.org/es/sla/ddi/docs/tratados_multilaterales_suspencion_garantias_Argentina_nota_No_164-2020.pdf,Decreto N* 260/20,,,desastre/salud,,,,11635
Ecuador,2020-10-16,2020,4-2-400/2020,notif_oea_art27,,http://www.oas.org/es/sla/ddi/docs/tratados_multilaterales_suspencion_garantias_Ecuador_nota_No_4-2-400-2020.pdf,Decreto Ejecutivo No. 1169,estado de excepción,Art. 3 Constitución,desastre/salud; seguridad/crimen; orden público,,,"Internacional — y, en cumplimiento con lo establecido en el artículo 27, inciso 3, de la Convención Americana de Derechos Humanos, tiene a honra remitir para su",10917
República Dominicana,2020-10-19,2020,MPRD-OEA 1504 -2020,notif_oea_art27,,http://www.oas.org/es/sla/ddi/docs/tratados_multilaterales_suspencion_garantias_Republica_Dominicana_nota_MPRD-OEA_1504-2020.pdf,,estado de emergencia,Art. 128 Constitución,desastre/salud,45,nacional,Internacional — en ocasión de referirse a la Nota núm,5640
República Dominicana,2020-10-20,2020,MPRD-OEA 1516 -2020,notif_oea_art27,,http://www.oas.org/es/sla/ddi/docs/tratados_multilaterales_suspencion_garantias_Republica_Dominicana_nota_MPRD-OEA_1516-2020.pdf,,estado de excepción,Art. 128 Constitución,desastre/salud,45,nacional,Internacional — en ocasión de referirse al contenido de Nota núm,6822
Paraguay,2020-10-26,2020,809-20-MPP-OEA,notif_oea_art27,,http://www.oas.org/es/sla/ddi/docs/tratados_multilaterales_suspencion_garantias_Paraguay_nota_809-20-MPP-OEA.pdf,DECRETO N* 4220,estado de emergencia,Art. 4 Constitución,desastre/salud,,nacional,"Humanos, a fin de remitir en anexo para los fines pertinentes, texto de la últimas disposición emitida por la Presidencia de la República del Paraguay en el mar",8346
Panamá,2020-10-27,2020,PANA-OEA-7-258,notif_oea_art27,,http://www.oas.org/es/sla/ddi/docs/tratados_multilaterales_suspencion_garantias_Panama_nota_No_7-258-2020.pdf,Decreto Ejecutivo No. 1078,estado de emergencia,Art. 17 Constitución,desastre/salud,,nacional,"Internacional, en ocasión de hacer referencia a la nota PANA-OEA-7-220 del 18 de septiembre de 2020, mediante la cual en cumplimiento del artículo 27, inciso 3",5312
Argentina,2020-10-28,2020,179,notif_oea_art27,,http://www.oas.org/es/sla/ddi/docs/tratados_multilaterales_suspencion_garantias_Argentina_nota_No_179-2020.pdf,,,,desastre/salud,,,,11887
Perú,2020-11-03,2020,7-5-M/129,notif_oea_art27,,http://www.oas.org/es/sla/ddi/docs/tratados_multilaterales_suspencion_garantias_Peru_nota_No_7-5-M-129-2020.pdf,Decreto Supremo N* 174-,estado de emergencia,Art. 2 Constitución,desastre/salud,,nacional,"Internacional- y tiene a bien informar que mediante Decreto Supremo N* 174- 2020-PCM, publicado el 28 de octubre de 2020, se ha dispuesto la prórroga del Estado",15330
Argentina,2020-11-09,2020,188,notif_oea_art27,,http://www.oas.org/es/sla/ddi/docs/tratados_multilaterales_suspencion_garantias_Argentina_nota_No_188-2020.pdf,,,,desastre/salud,,,,11964
República Dominicana,2020-11-11,2020,MPRD-OEA 1593 -2020,notif_oea_art27,,http://www.oas.org/es/sla/ddi/docs/tratados_multilaterales_suspencion_garantias_Republica_Dominicana_nota_MPRD-OEA_1593-2020.pdf,,estado de emergencia,Art. 128 Constitución,desastre/salud,45,,Internacional — en ocasión de referirse a la Nota núm,8021
Paraguay,2020-11-16,2020,880-20-MPP-OEA,notif_oea_art27,,http://www.oas.org/es/sla/ddi/docs/tratados_multilaterales_suspencion_garantias_Paraguay_nota_880-20-MPP-OEA.pdf,Decreto N.* 3442,estado de emergencia,Art. 4 Constitución,desastre/salud,,nacional,"Humanos, a fin de remitir en anexo para los fines pertinentes, los textos de las últimas disposiciones emitidas por la Presidencia de la República del Paraguay",8492
Guatemala,2020-11-16,2020,NV-OEA-M4-875-2020,notif_oea_art27,,http://www.oas.org/es/sla/ddi/docs/tratados_multilaterales_suspencion_garantias_Guatemala_nota_No_NV-OEA-M4-875-2020.pdf,,estado de calamidad,Art. 116 Constitución,desastre/salud,,,que permite el orden constitucional,8725
Paraguay,2020-11-30,2020,926-20-MPP-OEA,notif_oea_art27,,http://www.oas.org/es/sla/ddi/docs/tratados_multilaterales_suspencion_garantias_Paraguay_nota_926-20-MPP-OEA.pdf,DECRETO N* 4410,estado de emergencia,Art. 4 Constitución,desastre/salud,,,"Humanos, a fin de remitir en anexo para los fines pertinentes, el texto de la última disposición emitida por la Presidencia de la República del Paraguay en el m",8494
República Dominicana,2020-12-01,2020,MPRD-OEA 1654 -2020,notif_oea_art27,,http://www.oas.org/es/sla/ddi/docs/tratados_multilaterales_suspencion_garantias_Republica_Dominicana_nota_MPRD-OEA_1654-2020.pdf,Decreto No.504-20,estado de emergencia,Art. 93 Constitución,desastre/salud,,nacional,"Internacional — y en cumplimiento a lo establecido en el artículo 27, inciso 3 de la Convención Americana sobre Derechos Humanos, tiene a bien notificar que med",7895
Argentina,2020-12-03,2020,207,notif_oea_art27,,http://www.oas.org/es/sla/ddi/docs/tratados_multilaterales_suspencion_garantias_Argentina_nota_No_207-2020.pdf,,,,desastre/salud,,,,12025
Guatemala,2020-12-03,2020,NV-OEA-M4-911-2020,notif_oea_art27,,http://www.oas.org/es/sla/ddi/docs/tratados_multilaterales_suspencion_garantias_Guatemala_nota_No_NV-OEA-M4-911-2020.pdf,,estado de calamidad,,,,"subnacional: Petén, Quiché, Alta Verapaz, Izabal, Chiquimula, Zacapa,","Humanos, informando que mediante Decreto Gubernativo número 20-2020 y 21-2020, el Señor Alejandro Eduardo Giammattei Falla, Presidente de la República de Guatem",12350
Perú,2020-12-04,2020,7-5-M/147,notif_oea_art27,,http://www.oas.org/es/sla/ddi/docs/tratados_multilaterales_suspencion_garantias_Peru_nota_No_7-5-M-147-2020.pdf,Decreto Supremo N* 174-2020,estado de emergencia,Art. 2 Constitución,desastre/salud,,nacional,"Internacional- y tiene a bien informar que mediante Decreto Supremo N* 174-2020-PCM, publicado el 28 de octubre de 2020, se ha dispuesto la prórroga del Estado",23112
Paraguay,2020-12-08,2020,951-20-MPP-OEA,notif_oea_art27,,http://www.oas.org/es/sla/ddi/docs/tratados_multilaterales_suspencion_garantias_Paraguay_nota_951-20-MPP-OEA.pdf,DECRETO N* 4455,estado de emergencia,Art. 33 Constitución,desastre/salud,,nacional,"Humanos, a fin de remitir en anexo para los fines pertinentes, el texto de la última disposición emitida por la Presidencia de la República del Paraguay en el m",8344
Chile,2020-12-17,2020,130-2020,notif_oea_art27,,http://www.oas.org/es/sla/ddi/docs/tratados_multilaterales_suspencion_garantias_Chile_nota_No_130-2020.pdf,Decreto Supremo N* 104,estado de excepción,Art. 41 Constitución,desastre/salud,90,nacional,de libre circulación,10970
Argentina,2020-12-21,2020,220,notif_oea_art27,,http://www.oas.org/es/sla/ddi/docs/tratados_multilaterales_suspencion_garantias_Argentina_nota_No_220-2020.pdf,Decreto N* 297/20,,,desastre/salud,,,,12167
Paraguay,2020-12-21,2020,989-20-MPP-OEA,notif_oea_art27,,http://www.oas.org/es/sla/ddi/docs/tratados_multilaterales_suspencion_garantias_Paraguay_nota_989-20-MPP-OEA.pdf,Decreto N* 4455,estado de emergencia,Art. 33 Constitución,desastre/salud,,nacional,"Humanos, a fin de remitir en anexo para los fines pertinentes, el texto de la última disposición emitida por la Presidencia de la República del Paraguay en el m",10303
Ecuador,2020-12-22,2020,4-2-474/2020,notif_oea_art27,,http://www.oas.org/es/sla/ddi/docs/tratados_multilaterales_suspencion_garantias_Ecuador_nota_No_4-2-474-2020.pdf,Decreto Ejecutivo No. 1217,estado de excepción,Art. 3 Constitución,desastre/salud; orden público,,nacional,"Internacional — y, en cumplimiento con lo establecido en el artículo 27, inciso 3, de la Convención Americana de Derechos Humanos, tiene a honra remitir para su",10489
República Dominicana,2020-12-23,2020,MPRD-OEA 1717 -2020,notif_oea_art27,,http://www.oas.org/es/sla/ddi/docs/tratados_multilaterales_suspencion_garantias_Republica_Dominicana_nota_MPRD-OEA_1717-2020.pdf,,estado de emergencia,Art. 128 Constitución,desastre/salud,45,nacional,"Humanos, tiene a bien notificar que mediante el Decreto Núm",9249
Chile,2020-12-24,2020,131-2020,notif_oea_art27,,http://www.oas.org/es/sla/ddi/docs/tratados_multilaterales_suspencion_garantias_Chile_nota_No_131-2020.pdf,decreto supremo N* 230,estado de excepción,,desastre/salud,,nacional,,12530
Paraguay,2021-01-11,2021,016-21-MPP-OEA,notif_oea_art27,,http://www.oas.org/es/sla/ddi/docs/tratados_multilaterales_suspencion_garantias_Paraguay_nota_16-21-MPP-OEA.pdf,Decreto N.* 3442,estado de emergencia,Art. 33 Constitución,desastre/salud,,nacional,"Humanos, a fin de remitir en anexo para los fines pertinentes, el texto de la última disposición emitida por la Presidencia de la República del Paraguay en el m",10269
Argentina,2021-01-12,2021,007,notif_oea_art27,,http://www.oas.org/es/sla/ddi/docs/tratados_multilaterales_suspencion_garantias_Argentina_nota_No_007-2021.pdf,Decreto N* 1033/20,,,desastre/salud,,nacional,,12516
Ecuador,2021-01-13,2021,4-2-005/2021,notif_oea_art27,,http://www.oas.org/es/sla/ddi/docs/tratados_multilaterales_suspencion_garantias_Ecuador_nota_No_4-2-005-2021.pdf,Decreto Ejecutivo No. 1217,,,,,,"Internacional — y, en cumplimiento con lo establecido en el artículo 27, inciso 3, de la Convención Americana de Derechos Humanos y en alcance a la Nota 4-2-474",1183
Guatemala,2021-01-19,2021,NV-OEA-M4-054-2021,notif_oea_art27,,http://www.oas.org/es/sla/ddi/docs/tratados_multilaterales_suspencion_garantias_Guatemala_nota_No_NV-OEA-M4-054-2021.pdf,,estado de prevención,,desastre/salud; seguridad/crimen,,"subnacional: Izabal, Zacapa, Chiguimula, Jutiapa, El Progreso, Petén y","Humanos, para hacer de su conocimiento que el Presidente de la República en Consejo de Ministros emitió el Decreto Gubernativo No",14377
República Dominicana,2021-01-19,2021,MPRD-OEA 0018-2021,notif_oea_art27,,http://www.oas.org/es/sla/ddi/docs/tratados_multilaterales_suspencion_garantias_Republica_Dominicana_nota_MPRD-OEA_0018-2021.pdf,,estado de emergencia,Art. 128 Constitución,desastre/salud,45,,"Internacional - y en cumplimiento a lo establecido en el artículo 27, inciso 3 de la Convención Americana sobre Derechos Humanos, tiene a bien notificar la emis",8902
República Dominicana,2021-01-27,2021,MPRD-OEA 0056-2021,notif_oea_art27,,http://www.oas.org/es/sla/ddi/docs/tratados_multilaterales_suspencion_garantias_Republica_Dominicana_nota_MPRD-OEA_0056-2021.pdf,,estado de emergencia,Art. 128 Constitución,desastre/salud,45,,"Internacional- y en cumplimiento de lo establecido en el artículo 27, inciso 3 de la Convención Americana de Derechos Humanos, tiene a bien notificar la emisión",7714
Perú,2021-01-29,2021,7-5-M/016,notif_oea_art27,,http://www.oas.org/es/sla/ddi/docs/tratados_multilaterales_suspencion_garantias_Peru_nota_No_7-5-M-016-2021.pdf,Decreto Supremo N2,estado de emergencia,Art. 2 Constitución,desastre/salud; seguridad/crimen,,nacional,"Internacional- y tiene a bien informar que mediante Decreto Supremo N2 008-2021-PCM, publicado el 27 de enero de 2020, se ha dispuesto la prórroga del Estado de",27490
Argentina,2021-02-01,2021,018,notif_oea_art27,,http://www.oas.org/es/sla/ddi/docs/tratados_multilaterales_suspencion_garantias_Argentina_nota_No_018-2021.pdf,Decreto N* 297/20,,,desastre/salud,,,,12258
Paraguay,2021-02-01,2021,075-21-MPP-OEA,notif_oea_art27,,http://www.oas.org/es/sla/ddi/docs/tratados_multilaterales_suspencion_garantias_Paraguay_nota_75-21-MPP-OEA.pdf,DECRETO N* 4798,estado de emergencia,Art. 33 Constitución,desastre/salud,,nacional,"Humanos, a fin de remitir en anexo para los fines pertinentes, el texto de la última disposición emitida por la Presidencia de la República del Paraguay en el m",7963
República Dominicana,2021-02-17,2021,MPRD-OEA 0149-2021,notif_oea_art27,,http://www.oas.org/es/sla/ddi/docs/tratados_multilaterales_suspencion_garantias_Republica_Dominicana_nota_MPRD-OEA_0149-2021.pdf,Decreto No. 61-21,estado de emergencia,Art. 128 Constitución,desastre/salud,45,,"Internacional- y en cumplimiento de los establecido en el artículo 27, inciso 3 de la Convención Americana de Derechos Humanos, tiene a bien notificar la emisió",4813
Paraguay,2021-02-22,2021,1555-21-MPP-OEA,notif_oea_art27,,http://www.oas.org/es/sla/ddi/docs/tratados_multilaterales_suspencion_garantias_Paraguay_nota_1555-21-MPP-OEA.pdf,DECRETO N* 4880,estado de emergencia,Art. 33 Constitución,desastre/salud,,nacional,"Humanos, a fin de remitir en anexo para los fines pertinentes, el texto de la última disposición emitida por la Presidencia de la República del Paraguay en el m",8206
República Dominicana,2021-02-26,2021,MPRD-OEA 0201-2021,notif_oea_art27,,http://www.oas.org/es/sla/ddi/docs/tratados_multilaterales_suspencion_garantias_Republica_Dominicana_nota_MPRD-OEA_0201-2021.pdf,Decreto No.95-21,estado de excepción,Art. 128 Constitución,desastre/salud,45,,"Internacional- y en cumplimiento de los establecido en el artículo 27, inciso 3 de la Convención Americana de Derechos Humanos, tiene a bien notificar la emisi",7509
República Dominicana,2021-03-02,2021,MPRD-OEA 0226-2021,notif_oea_art27,,http://www.oas.org/es/sla/ddi/docs/tratados_multilaterales_suspencion_garantias_Republica_Dominicana_nota_MPRD-OEA_0226-2021.pdf,decreto No.133-,estado de emergencia,Art. 128 Constitución,desastre/salud,45,,"Internacional- y en cumplimiento de los establecido en el artículo 27, inciso 3 de la Convención Americana de Derechos Humanos, tiene a bien notificar la emisió",8243
Argentina,2021-03-08,2021,051,notif_oea_art27,,http://www.oas.org/es/sla/ddi/docs/tratados_multilaterales_suspencion_garantias_Argentina_nota_No_051-2021.pdf,Decreto N* 297/20,,,desastre/salud,,,,8383
Argentina,2021-03-15,2021,055,notif_oea_art27,,http://www.oas.org/es/sla/ddi/docs/tratados_multilaterales_suspencion_garantias_Argentina_nota_No_055-2021.pdf,Decreto N* 167/21,,,desastre/salud,,,,7968
Paraguay,2021-03-19,2021,252-21-MPP-OEA,notif_oea_art27,,http://www.oas.org/es/sla/ddi/docs/tratados_multilaterales_suspencion_garantias_Paraguay_nota_252-21-MPP-OEA.pdf,DECRETO N* 4880/2021,estado de emergencia,,desastre/salud,,nacional,"Humanos, a fin de remitir en anexo para los fines pertinentes, textos de las últimas disposiciones emitidas por la Presidencia de la República del Paraguay en e",7164
República Dominicana,2021-03-23,2021,MPRD-OEA 0309-2021,notif_oea_art27,,http://www.oas.org/es/sla/ddi/docs/tratados_multilaterales_suspencion_garantias_Republica_Dominicana_nota_MPRD-OEA_0309-2021.pdf,decreto No.171-,estado de emergencia,Art. 128 Constitución,desastre/salud,45,,"Internacional- y en cumplimiento de los establecido en el artículo 27, inciso 3 de la Convención Americana de Derechos Humanos, tiene a bien notificar la emisió",5697
Paraguay,2021-03-25,2021,280-21-MPP-OEA,notif_oea_art27,,http://www.oas.org/es/sla/ddi/docs/tratados_multilaterales_suspencion_garantias_Paraguay_nota_280-21-MPP-OEA.pdf,DECRETO N* 5053,estado de emergencia,Art. 4 Constitución,desastre/salud,,nacional,"Humanos, a fin de remitir en anexo para los fines pertinentes, texto de la última disposición emitida por la Presidencia de la República del Paraguay en el marc",8459
Ecuador,2021-04-02,2021,4-2-095/2021,notif_oea_art27,,http://www.oas.org/es/sla/ddi/docs/tratados_multilaterales_suspencion_garantias_Ecuador_nota_No_4-2-095-2021.pdf,Decreto Ejecutivo No. 1282,estado de excepción,Art. 1 Constitución,desastre/salud; orden público,,"subnacional: Azuay, El Oro, Esmeraldas, Guayas, Loja, Manabí, Pichincha y Santo Domingo de","Internacional — y, en cumplimiento con lo establecido en el artículo 27, inciso 3, de la Convención Americana de Derechos Humanos, tiene a honra remitir para su",11071
Argentina,2021-04-09,2021,074,notif_oea_art27,,http://www.oas.org/es/sla/ddi/docs/tratados_multilaterales_suspencion_garantias_Argentina_nota_No_074-2021.pdf,Decreto N* 167/21,,,desastre/salud,,,,8518
Guatemala,2021-04-14,2021,NV-OEA-M4-288-2021,notif_oea_art27,,http://www.oas.org/es/sla/ddi/docs/tratados_multilaterales_suspencion_garantias_Guatemala_nota_No_NV-OEA-M4-288-2021.pdf,,estado de prevención,,desastre/salud,,,"Humanos, para hacer de su conocimiento que el Presidente de la República en Consejo de Ministros emitió el Decreto Gubernativo No",4395
Argentina,2021-04-19,2021,081,notif_oea_art27,,http://www.oas.org/es/sla/ddi/docs/tratados_multilaterales_suspencion_garantias_Argentina_nota_No_081-2021.pdf,Decreto N* 520/20,,,desastre/salud,,,,8171
Paraguay,2021-04-19,2021,403-21-MPP-OEA,notif_oea_art27,,http://www.oas.org/es/sla/ddi/docs/tratados_multilaterales_suspencion_garantias_Paraguay_nota_403-21-MPP-OEA.pdf,DECRETO N* 5071,estado de emergencia,Art. 33 Constitución,desastre/salud,,nacional,"Humanos, a fin de remitir en anexo para los fines pertinentes, los textos de las últimas disposiciones emitidas por la Presidencia de la República del Paraguay",8222
Panamá,2021-04-19,2021,PANA-OEA-8-102,notif_oea_art27,,http://www.oas.org/es/sla/ddi/docs/tratados_multilaterales_suspencion_garantias_Panama_nota_No_8-102.pdf,Decreto Ejecutivo N* 1222,,Art. 17 Constitución,desastre/salud,,nacional,"Internacional, en ocasión de hacer referencia a la nota PANA-OEA-7-258 del 27 de octubre de 2020, mediante la cual en cumplimiento del artículo 27, inciso 3 de",7254
República Dominicana,2021-04-20,2021,MPRD-OEA 0397-2021,notif_oea_art27,,http://www.oas.org/es/sla/ddi/docs/tratados_multilaterales_suspencion_garantias_Republica_Dominicana_nota_MPRD-OEA_0397-2021.pdf,Decreto No.231-21,estado de emergencia,Art. 128 Constitución,desastre/salud,45,,"Internacional -, tiene a bien referirse al cumplimiento de lo establecido en el artículo 27, inciso 3, de la Convención Americana sobre Derechos Humanos (CADH)",5008
Ecuador,2021-04-22,2021,4-2-111/2021,notif_oea_art27,,http://www.oas.org/es/sla/ddi/docs/tratados_multilaterales_suspencion_garantias_Ecuador_nota_No_4-2-111-2021.pdf,Decreto Ejecutivo No. 1291,estado de excepción,Art. 3 Constitución,desastre/salud; orden público,,"subnacional: Azuay, Imbabura, Loja, Manabí, Santo Domingo de los Tsáchilas, Guayas, Pichincha,","Internacional — y, en cumplimiento con lo establecido en el artículo 27, inciso 3, de la Convención Americana de Derechos Humanos, tiene a honra remitir para su",11855
Paraguay,2021-04-26,2021,429-21-MPP-OEA,notif_oea_art27,,http://www.oas.org/es/sla/ddi/docs/tratados_multilaterales_suspencion_garantias_Paraguay_nota_429-21-MPP-OEA.pdf,DECRETO N* 5160,estado de emergencia,Art. 33 Constitución,desastre/salud,,nacional,"Humanos, a fin de remitir en anexo para los fines pertinentes, los textos de las últimas disposiciones emitidas por la Presidencia de la República del Paraguay",7144
Uruguay,2021-04-26,2021,043/2021,notif_oea_art27,,http://www.oas.org/es/sla/ddi/docs/tratados_multilaterales_suspencion_garantias_Uruguay_nota_043-2021.pdf,,,,desastre/salud,,,Internacional- y tiene el honor de referirse en cumplimiento al artículo 27 inciso 3 de la Convención Americana de Derechos Humanos,1121
Argentina,2021-05-04,2021,095,notif_oea_art27,,http://www.oas.org/es/sla/ddi/docs/tratados_multilaterales_suspencion_garantias_Argentina_nota_No_095-2021.pdf,Decreto N* 520/20,,,desastre/salud,,,,8551
Perú,2021-05-11,2021,7-5-M/064,notif_oea_art27,,http://www.oas.org/es/sla/ddi/docs/tratados_multilaterales_suspencion_garantias_Peru_nota_No_7-5-M-064-2021.pdf,Decreto Supremo N* 76-2021,estado de emergencia,Art. 2 Constitución,desastre/salud,,"subnacional: Loreto, Huánuco y Lima;","Internacional- y tiene a bien informar que mediante Decreto Supremo N* 76-2021-PCM, publicado el 17 de abril de 2021, se ha dispuesto la prórroga del Estado de",20512
República Dominicana,2021-05-18,2021,MPRD-OEA 0540-2021,notif_oea_art27,,http://www.oas.org/es/sla/ddi/docs/tratados_multilaterales_suspencion_garantias_Republica_Dominicana_nota_MPRD-OEA_0540-2021.pdf,,estado de emergencia,Art. 128 Constitución,desastre/salud,45,,"Internacional -, tiene a bien referirse al cumplimiento de lo establecido en el artículo 27, inciso 3, de la Convención Americana sobre Derechos Humanos (CADH)",5507
Argentina,2021-05-26,2021,106,notif_oea_art27,,http://www.oas.org/es/sla/ddi/docs/tratados_multilaterales_suspencion_garantias_Argentina_nota_No_106-2021.pdf,,,,desastre/salud,,,,8386
República Dominicana,2021-06-02,2021,MPRD-OEA 0642-2021,notif_oea_art27,,http://www.oas.org/es/sla/ddi/docs/tratados_multilaterales_suspencion_garantias_Republica_Dominicana_nota_MPRD-OEA_0642-2021.pdf,,estado de emergencia,Art. 128 Constitución,desastre/salud,45,,"Internacional -, tiene a bien referirse al cumplimiento de lo establecido en el artículo 27, inciso 3, de la Convención Americana sobre Derechos Humanos (CADH)",7996
Perú,2021-06-04,2021,7-5-M/073,notif_oea_art27,,http://www.oas.org/es/sla/ddi/docs/tratados_multilaterales_suspencion_garantias_Peru_nota_No_7-5-M-073-2021.pdf,Decreto Supremo N* 105-2021,estado de emergencia,Art. 2 Constitución,desastre/salud,,"subnacional: Loreto, Huánuco y Lima;","Internacional- y tiene a bien informar que mediante Decreto Supremo N* 105-2021-PCM, publicado el 27 de mayo de 2021, se ha dispuesto la prórroga del Estado de",23508
Paraguay,2021-06-07,2021,572-21-MPP-OEA,notif_oea_art27,,http://www.oas.org/es/sla/ddi/docs/tratados_multilaterales_suspencion_garantias_Paraguay_nota_572-21-MPP-OEA.pdf,DECRETO No. 5161/2021,estado de emergencia,Art. 33 Constitución,desastre/salud,,nacional,"Humanos, a fin de remitir en anexo para los fines pertinentes, los textos de las últimas disposiciones emitidas por la Presidencia de la República del Paraguay",7844
República Dominicana,2021-06-09,2021,MPRD-OEA 0679-2021,notif_oea_art27,,http://www.oas.org/es/sla/ddi/docs/tratados_multilaterales_suspencion_garantias_Republica_Dominicana_nota_MPRD-OEA_0679-2021.pdf,,estado de emergencia,Art. 128 Constitución,desastre/salud,45,,"Internacional -, tiene a bien referirse al cumplimiento de lo establecido en el artículo 27, inciso 3, de la Convención Americana sobre Derechos Humanos (CADH)",5793
República Dominicana,2021-06-15,2021,MPRD-OEA 0729 -2021,notif_oea_art27,,http://www.oas.org/es/sla/ddi/docs/tratados_multilaterales_suspencion_garantias_Republica_Dominicana_nota_MPRD-OEA_0729-2021.pdf,,estado de emergencia,Art. 128 Constitución,desastre/salud,45,,"Internacional -, tiene a bien referirse al cumplimiento de lo establecido en el artículo 27, inciso 3, dela Convención Americana sobre Derechos Humanos (CADH)",8174
Argentina,2021-06-28,2021,131,notif_oea_art27,,http://www.oas.org/es/sla/ddi/docs/tratados_multilaterales_suspencion_garantias_Argentina_nota_No_131-2021.pdf,Decreto N* 167/21,,,desastre/salud,,,,12196
Paraguay,2021-06-28,2021,650-21-MPP-OEA,notif_oea_art27,,http://www.oas.org/es/sla/ddi/docs/tratados_multilaterales_suspencion_garantias_Paraguay_nota_650-21-MPP-OEA.pdf,DECRETO N* 5516,estado de emergencia,Art. 33 Constitución,desastre/salud,,nacional,"Humanos, a fin de remitir en anexo para los fines pertinentes, el texto de la última disposición emitida por la Presidencia de la República del Paraguay en el m",7535
Perú,2021-07-02,2021,7-5-M/088,notif_oea_art27,,http://www.oas.org/es/sla/ddi/docs/tratados_multilaterales_suspencion_garantias_Peru_nota_No_7-5-M-088-2021.pdf,Decreto Supremo N* 123-2021,estado de emergencia,Art. 2 Constitución,desastre/salud,,,"Internacional- y tiene a bien informar que mediante Decreto Supremo N* 123-2021-PCM, publicado el 18 de junio de 2021, se ha dispuesto la prórroga del Estado de",1748
República Dominicana,2021-07-06,2021,MPRD-OEA 0803 -2021,notif_oea_art27,,http://www.oas.org/es/sla/ddi/docs/tratados_multilaterales_suspencion_garantias_Republica_Dominicana_nota_MPRD-OEA_0803-2021.pdf,,estado de emergencia,Art. 128 Constitución,desastre/salud,45,,"Internacional -, tiene a bien referirse al cumplimiento de lo establecido en el artículo 27, inciso 3, de la Convención Americana sobre Derechos Humanos (CADH)",8260
Paraguay,2021-07-13,2021,691-21-MPP-OEA,notif_oea_art27,,http://www.oas.org/es/sla/ddi/docs/tratados_multilaterales_suspencion_garantias_Paraguay_nota_691-21-MPP-OEA.pdf,Decreto N.* 3442,estado de emergencia,Art. 33 Constitución,desastre/salud,,nacional,"Humanos, a fin de remitir en anexo para los fines pertinentes, el texto de la última disposición emitida por la Presidencia de la República del Paraguay en el m",7417
Argentina,2021-07-15,2021,140,notif_oea_art27,,http://www.oas.org/es/sla/ddi/docs/tratados_multilaterales_suspencion_garantias_Argentina_nota_No_140-2021.pdf,Decreto N* 167/21,,,desastre/salud,,,,11954
Argentina,2021-07-16,2021,142,notif_oea_art27,,http://www.oas.org/es/sla/ddi/docs/tratados_multilaterales_suspencion_garantias_Argentina_nota_No_142-2021.pdf,Decreto N* 167/21,,,desastre/salud,,,Civiles y Políticos,12570
Ecuador,2021-07-16,2021,4-2-189/2021,notif_oea_art27,,http://www.oas.org/es/sla/ddi/docs/tratados_multilaterales_suspencion_garantias_Ecuador_nota_No_4-2-189-2021.pdf,Decreto Ejecutivo No. 116,estado de excepción,Art. 361 Constitución,desastre/salud; orden público,,,"Internacional — y, en cumplimiento con lo establecido en el artículo 27, inciso 3, de la Convención Americana de Derechos Humanos, tiene a honra remitir para su",11442
Ecuador,2021-07-29,2021,4-2-207/2021,notif_oea_art27,,http://www.oas.org/es/sla/ddi/docs/tratados_multilaterales_suspencion_garantias_Ecuador_nota_No_4-2-207-2021.pdf,Decreto Ejecutivo No. 140,estado de excepción,Art. 166 Constitución,desastre/salud,,,"Internacional — y, en cumplimiento con lo establecido en el artículo 27, inciso 3, de la Convención Americana de Derechos Humanos, tiene a honra remitir para su",8278
Perú,2021-08-04,2021,7-5-M/105,notif_oea_art27,,http://www.oas.org/es/sla/ddi/docs/tratados_multilaterales_suspencion_garantias_Peru_nota_No_7-5-M-105-2021.pdf,Decreto Supremo N* 131-2021,estado de emergencia,Art. 2 Constitución,desastre/salud,,,"Internacional- y, en cumplimiento con lo establecido en el artículo 27, inciso 3, de la Convención Americana sobre Derechos Humanos, tiene a bien informar que m",1902
República Dominicana,2021-08-05,2021,MPRD-OEA 0940 -2021,notif_oea_art27,,http://www.oas.org/es/sla/ddi/docs/tratados_multilaterales_suspencion_garantias_Republica_Dominicana_nota_MPRD-OEA_0940-2021.pdf,,estado de emergencia,Art. 128 Constitución,desastre/salud,45,,"Internacional -, tiene a bien referirse al cumplimiento de lo establecido en el artículo 27, inciso 3, de la Convención Americana sobre Derechos Humanos (CADH)",8180
Argentina,2021-08-10,2021,163,notif_oea_art27,,http://www.oas.org/es/sla/ddi/docs/tratados_multilaterales_suspencion_garantias_Argentina_nota_No_163-2021.pdf,Decreto N*167/21,,,desastre/salud,,nacional,,11530
Guatemala,2021-08-18,2021,NV-OEA-M4-659-2021,notif_oea_art27,,http://www.oas.org/es/sla/ddi/docs/tratados_multilaterales_suspencion_garantias_Guatemala_nota_No_M4-659-2021.pdf,,estado de calamidad,,desastre/salud,,nacional,"Humanos, el señor Viceministro Martínez hace del conocimiento que el 13 de agosto de 2021, el Señor Alejandro Giammattei Falla, Presidente de la República de Gu",9233
Paraguay,2021-08-26,2021,802-21-MPP-OEA,notif_oea_art27,,http://www.oas.org/es/sla/ddi/docs/tratados_multilaterales_suspencion_garantias_Paraguay_nota_802-21-MPP-OEA.pdf,DECRETO N* 5855,estado de emergencia,Art. 33 Constitución,desastre/salud,,nacional,"Humanos, a fin de remitir en anexo para los fines pertinentes, textos de las últimas disposiciones emitidas por la Presidencia de la República del Paraguay en e",8854
Paraguay,2021-08-29,2021,947-21-MPP-OEA,notif_oea_art27,,http://www.oas.org/es/sla/ddi/docs/tratados_multilaterales_suspencion_garantias_Paraguay_nota_947-21-MPP-OEA.pdf,Decreto N.* 3442,estado de emergencia,Art. 33 Constitución,desastre/salud,,nacional,"Humanos, a fin de remitir en anexo para los fines pertinentes, textos de las últimas disposiciones emitidas por la Presidencia de la República del Paraguay en e",8631
Perú,2021-08-30,2021,7-5-M/123,notif_oea_art27,,http://www.oas.org/es/sla/ddi/docs/tratados_multilaterales_suspencion_garantias_Peru_nota_No_7-5-M-123-2021.pdf,Decreto Supremo N* 149-2021,estado de emergencia,Art. 2 Constitución,desastre/salud,,,"Internacional- y, en cumplimiento con lo establecido en el artículo 27, inciso 3, de la Convención Americana sobre Derechos Humanos, tiene a bien informar que m",1974
Ecuador,2021-08-30,2021,4-2-280/2021,notif_oea_art27,,http://www.oas.org/es/sla/ddi/docs/tratados_multilaterales_suspencion_garantias_Ecuador_nota_No_4-2-280-2021.pdf,Decreto No. 210,estado de excepción,Art. 1 Constitución,seguridad/crimen; orden público,,,"Internacional - y en cumplimiento con lo establecido en el artículo 27, inciso 3, de la Convención Americana de Derechos Humanos, tiene a honra remitir para su",13313
Argentina,2021-09-13,2021,185,notif_oea_art27,,http://www.oas.org/es/sla/ddi/docs/tratados_multilaterales_suspencion_garantias_Argentina_nota_No_185-2021.pdf,,,,desastre/salud,,,,2078
Argentina,2021-10-04,2021,210,notif_oea_art27,,http://www.oas.org/es/sla/ddi/docs/tratados_multilaterales_suspencion_garantias_Argentina_nota_No_210-2021.pdf,,,,,,,,2072
Perú,2021-10-12,2021,7-5-M/149,notif_oea_art27,,http://www.oas.org/es/sla/ddi/docs/tratados_multilaterales_suspencion_garantias_Peru_nota_No_7-5-M-149-2021.pdf,Decreto Supremo N* 152-2021,,Art. 2 Constitución,desastre/salud,,,"Internacional- y, en cumplimiento con lo establecido en el artículo 27, inciso 3, de la Convención Americana sobre Derechos Humanos, tiene a bien informar que m",1977
Paraguay,2021-10-13,2021,1003-21-MPP-OEA,notif_oea_art27,,http://www.oas.org/es/sla/ddi/docs/tratados_multilaterales_suspencion_garantias_Paraguay_nota_1003-21-MPP-OEA.pdf,Decreto N.* 3456,estado de emergencia,Art. 33 Constitución,desastre/salud,,,"Humanos, a fin de remitir en anexo para los fines pertinentes, texto de la última disposición emitida por la Presidencia de la República del Paraguay en el marc",7500
Ecuador,2021-10-19,2021,4-2-303/2021,notif_oea_art27,,http://www.oas.org/es/sla/ddi/docs/tratados_multilaterales_suspencion_garantias_Ecuador_nota_No_4-2-303-2021.pdf,Decreto No. 224,estado de excepción,Art. 1 Constitución,seguridad/crimen; orden público,,nacional,"Internacional — y en cumplimiento con lo establecido en el artículo 27, inciso 3, de la Convención Americana de Derechos Humanos, tiene a honra remitir para su",9440
República Dominicana,2021-10-21,2021,MPRD-OEA 1242 -2021,notif_oea_art27,,http://www.oas.org/es/sla/ddi/docs/tratados_multilaterales_suspencion_garantias_Republica_Dominicana_nota_MPRD-OEA_1242-2021.pdf,,estado de emergencia,Art. 128 Constitución,desastre/salud,45,,"Internacional -, tiene a bien referirse al cumplimiento de lo establecido en el Pacto Internacional de Derechos Civiles y Políticos y la Convención Americana so",7867
Guatemala,2021-10-27,2021,NV-OEA-M4-832-2021,notif_oea_art27,,http://www.oas.org/es/sla/ddi/docs/tratados_multilaterales_suspencion_garantias_Guatemala_nota_No_M4-832-2021.pdf,,estado de sitio,Art. 26 Constitución,seguridad/crimen,,,"Humanos, el señor Viceministro Martínez hace del conocimiento que el 23 de octubre de 2021, el Señor Alejandro Giammattel Falla, Presidente de la República de G",9337
Chile,2021-10-29,2021,159-21,notif_oea_art27,,http://www.oas.org/es/sla/ddi/docs/tratados_multilaterales_suspencion_garantias_Chile_nota_No_159-2021.pdf,Decreto Supremo N* 1,estado de excepción,Art. 42 Constitución,seguridad/crimen; seguridad estado,,nacional,constitucionalmente reconocidos en todo el territorio nacional,14965
Paraguay,2021-11-02,2021,1061-21-MPP-OEA,notif_oea_art27,,http://www.oas.org/es/sla/ddi/docs/tratados_multilaterales_suspencion_garantias_Paraguay_nota_1061-21-MPP-OEA.pdf,DECRETO N.* 6085/2021,,Art. 33 Constitución,desastre/salud,,nacional,"Humanos, a fin de remitir en anexo para los fines pertinentes, texto de la última disposición emitida por la Presidencia de la República del Paraguay en el marc",8186
Chile,2021-11-15,2021,188-21,notif_oea_art27,,http://www.oas.org/es/sla/ddi/docs/tratados_multilaterales_suspencion_garantias_Chile_nota_No_188-2021.pdf,Decreto Supremo N*281,estado de excepción,Art. 42 Constitución,seguridad/crimen,15,"subnacional: Biobío y Arauco, en la Región del Biobío,","o garantías constitucionales de las personas, S",11502
Perú,2021-11-22,2021,7-5-M/181,notif_oea_art27,,http://www.oas.org/es/sla/ddi/docs/tratados_multilaterales_suspencion_garantias_Peru_nota_No_7-5-M-181-2021.pdf,Decreto Supremo N* 167-2021,estado de emergencia,Art. 2 Constitución,desastre/salud,,,"Internacional- y, en cumplimiento con lo establecido en el artículo 27, inciso 3, de la Convención Americana sobre Derechos Humanos, tiene a bien informar que m",2006
Ecuador,2021-11-22,2021,4-2-348/2021,notif_oea_art27,,http://www.oas.org/es/sla/ddi/docs/tratados_multilaterales_suspencion_garantias_Ecuador_nota_No_4-2-348-2021.pdf,Decreto No. 257,estado de excepción,Art. 165 Constitución,seguridad/crimen; orden público,,"subnacional: El Oro, Guayas, Santa","Internacional — y en cumplimiento con lo establecido en el artículo 27, inciso 3, de la Convención Americana de Derechos Humanos, tiene a honra remitir para su",9649
Guatemala,2021-11-26,2021,DIRDEHU-1810-2021,notif_oea_art27,,http://www.oas.org/es/sla/ddi/docs/tratados_multilaterales_suspencion_garantias_Guatemala_nota_No_DIRDEHU-1810-2021.pdf,,estado de prevención,,seguridad/crimen,,,"Humanos, para hacer de su conocimiento que el pasado 22 de noviembre de 2021, el Presidente de la República, Doctor Alejando Eduardo Giammattei Falla, en Consej",9502
Chile,2021-11-29,2021,200-21,notif_oea_art27,,http://www.oas.org/es/sla/ddi/docs/tratados_multilaterales_suspencion_garantias_Chile_nota_No_200-2021.pdf,Decreto Supremo N*293,estado de excepción,Art. 42 Constitución,seguridad/crimen,15,"subnacional: Biobío y Arauco, en la Región",fundamentales de las personas,9421
Paraguay,2021-12-06,2021,1148-21-MPP-OEA,notif_oea_art27,,http://www.oas.org/es/sla/ddi/docs/tratados_multilaterales_suspencion_garantias_Paraguay_nota_1148-21-MPP-OEA.pdf,Decreto N.* 3442,,Art. 33 Constitución,desastre/salud,,nacional,"Humanos, a fin de remitir en anexo para los fines pertinentes, texto de las últimas disposiciones emitidas por la Presidencia de la República del Paraguay en el",8985
Perú,2021-12-06,2021,7-5-M/194,notif_oea_art27,,http://www.oas.org/es/sla/ddi/docs/tratados_multilaterales_suspencion_garantias_Peru_nota_No_7-5-M-194-2021.pdf,Decreto Supremo N* 174-2021,estado de emergencia,Art. 2 Constitución,desastre/salud,,,"Internacional- y, en cumplimiento con lo establecido en el artículo 27, inciso 3, de la Convención Americana sobre Derechos Humanos, tiene a bien informar que m",2093
Chile,2021-12-14,2021,209-21,notif_oea_art27,,http://www.oas.org/es/sla/ddi/docs/tratados_multilaterales_suspencion_garantias_Chile_nota_No_209-2021.pdf,Decreto Supremo N*302,estado de excepción,Art. 42 Constitución,seguridad/crimen,15,"subnacional: Cautín y Malleco, en la Región de la Araucanía, se",,11474
Argentina,2021-12-21,2021,258,notif_oea_art27,,http://www.oas.org/es/sla/ddi/docs/tratados_multilaterales_suspencion_garantias_Argentina_nota_No_258-2021.pdf,,,,,,,,2143
Chile,2021-12-28,2021,216-21,notif_oea_art27,,http://www.oas.org/es/sla/ddi/docs/tratados_multilaterales_suspencion_garantias_Chile_nota_No_216-2021.pdf,Decreto Supremo N*313,estado de excepción,Art. 42 Constitución,seguridad/crimen,15,"subnacional: Cautín y Malleco, en la Región de la Araucanía, se",,10530
Guatemala,2021-12-29,2021,NV-OEA-M4-987-2021,notif_oea_art27,,http://www.oas.org/es/sla/ddi/docs/tratados_multilaterales_suspencion_garantias_Guatemala_nota_No_M4-987-2021.pdf,,estado de sitio,Art. 26 Constitución,seguridad/crimen,,subnacional: Nahualá y Santa Catarina,"Humanos, se hace del conocimiento que el 21 de diciembre de 2021, el Señor Alejandro Giammattei Falla, Presidente de la República de Guatemala, en Consejo de Mi",12210
Argentina,2022-01-05,2022,002,notif_oea_art27,,http://www.oas.org/es/sla/ddi/docs/tratados_multilaterales_suspencion_garantias_Argentina_nota_No_002-2022.pdf,,,,,,,,2194
Perú,2022-01-06,2022,7-5-M/003,notif_oea_art27,,http://www.oas.org/es/sla/ddi/docs/tratados_multilaterales_suspencion_garantias_Peru_nota_No_7-5-M-073-2022.pdf,Decreto Supremo N* 016-2022,estado de emergencia,Art. 2 Constitución,desastre/salud,,,"Internacional- y, en cumplimiento con lo establecido en el artículo 27, inciso 3, de la Convención Americana sobre Derechos Humanos, tiene a bien informar que m",2107
Chile,2022-01-11,2022,03-22,notif_oea_art27,,http://www.oas.org/es/sla/ddi/docs/tratados_multilaterales_suspencion_garantias_Chile_nota_No_03-2022.pdf,Decreto Supremo N*1,estado de excepción,Art. 42 Constitución,seguridad/crimen,15,"subnacional: Cautín y Malleco, en la Región de la Araucanía, se",,15220
Guatemala,2022-01-19,2022,OEA-M4-NV-013-2022,notif_oea_art27,,http://www.oas.org/es/sla/ddi/docs/tratados_multilaterales_suspencion_garantias_Guatemala_nota_No_NV-OEA-M4-31-2022.pdf,,estado de sitio,,seguridad/crimen,,"subnacional: Nahualá y Santa Catarina Ixtahuacán, Departamento","Humanos, el señor Viceministro Martínez hace del conocimiento del Secretario General que el 18 de enero de 2022, el Señor Alejandro Giammattel Falla, Presidente",11156
Paraguay,2022-01-21,2022,042-22-MPP-OEA,notif_oea_art27,,http://www.oas.org/es/sla/ddi/docs/tratados_multilaterales_suspencion_garantias_Paraguay_nota_042-22-MPP-OEA.pdf,DECRETO N.* 6433/2021,estado de emergencia,Art. 33 Constitución,desastre/salud,,nacional,"Humanos, a fin de remitir en anexo para los fines pertinentes, texto de las últimas disposiciones emitidas por la Presidencia de la República del Paraguay en el",10001
Chile,2022-02-16,2022,53-22,notif_oea_art27,,http://www.oas.org/es/sla/ddi/docs/tratados_multilaterales_suspencion_garantias_Chile_nota_No_53-2022.pdf,Decreto Supremo N*35,estado de excepción,,seguridad/crimen,15,"subnacional: Arica y Parinacota, en la Región de Arica y Parinacota,",,12310
Paraguay,2022-02-22,2022,167-22-MPP-OEA,notif_oea_art27,,http://www.oas.org/es/sla/ddi/docs/tratados_multilaterales_suspencion_garantias_Paraguay_nota_167-22-MPP-OEA.pdf,DECRETO N.* 6563/2022,,Art. 33 Constitución,desastre/salud,,nacional,"Humanos, a fin de remitir en anexo para los fines pertinentes, texto de las últimas disposiciones emitidas por la Presidencia de la República del Paraguay en el",9031
Chile,2022-03-07,2022,61-22,notif_oea_art27,,http://www.oas.org/es/sla/ddi/docs/tratados_multilaterales_suspencion_garantias_Chile_nota_No_61-2022.pdf,Decreto Supremo N*40,estado de excepción,,seguridad/crimen,15,"subnacional: Arica y Parinacota, en la Región de Arica y Parinacota,",,9707
El Salvador,2022-03-27,2022,MPOEA- OEA-034/2022,notif_oea_art27,,http://www.oas.org/es/sla/ddi/docs/tratados_multilaterales_suspencion_garantias_El_Salvador_nota_No_034-2022.pdf,Decreto N* 333,régimen de excepción,,seguridad/crimen,,,"Internacional, en ocasión de informar que la Asamblea Legislativa de la República de El Salvador emitió este día, 27 de marzo de 2022, el Decreto N* 333 “Régime",7408
Perú,2022-03-31,2022,7-5-M/067,notif_oea_art27,,http://www.oas.org/es/sla/ddi/docs/tratados_multilaterales_suspencion_garantias_Peru_nota_No_7-5-M-078-2022.pdf,Decreto Supremo N* 034-2022,estado de emergencia,Art. 44 Constitución,seguridad/crimen,,nacional,"Internacional- y, en cumplimiento con lo establecido en el artículo 27, inciso 3, de la Convención Americana sobre Derechos Humanos, tiene a bien informar que m",17331
Perú,2022-04-04,2022,7-5-M/073,notif_oea_art27,,http://www.oas.org/es/sla/ddi/docs/tratados_multilaterales_suspencion_garantias_Peru_nota_No_7-5-M-097-2022.pdf,Decreto Supremo N* 201-2020,estado de emergencia,Art. 2 Constitución,desastre/salud,,,"Internacional- y, en cumplimiento con lo establecido en el artículo 27, inciso 3, de la Convención Americana sobre Derechos Humanos, tiene a bien informar que m",21871
Perú,2022-04-06,2022,7-5-M/078,notif_oea_art27,,http://www.oas.org/es/sla/ddi/docs/tratados_multilaterales_suspencion_garantias_Peru_nota_No_7-5-M-119-2022.pdf,Decreto Supremo N*008-2021,estado de emergencia,Art. 44 Constitución,desastre/salud,,,"Internacional- y, en cumplimiento con lo establecido en el artículo 27, inciso 3, de la Convención Americana sobre Derechos Humanos, tiene a bien informar que m",12860
Perú,2022-05-05,2022,7-5-M/097,notif_oea_art27,,http://www.oas.org/es/sla/ddi/docs/tratados_multilaterales_suspencion_garantias_Peru_nota_No_7-5-M-130-2022.pdf,Decreto Supremo N2,estado de emergencia,Art. 2 Constitución,seguridad/crimen,,nacional,"Internacional- y, en cumplimiento con lo establecido en el artículo 27, inciso 3, de la Convención Americana sobre Derechos Humanos, tiene a bien informar que m",14637
Perú,2022-06-02,2022,7-5-M/119,notif_oea_art27,,http://www.oas.org/es/sla/ddi/docs/tratados_multilaterales_suspencion_garantias_Peru_nota_No_7-5-M-136-2022.pdf,Decreto Supremo N* 076-2022,estado de emergencia,Art. 2 Constitución,desastre/salud,,,"Internacional- y, en cumplimiento con lo establecido en el artículo 27, inciso 3, de la Convención Americana sobre Derechos Humanos, tiene a bien informar que m",14013
Guatemala,2022-06-09,2022,NV-OEA-M4-131-2022,notif_oea_art27,,http://www.oas.org/es/sla/ddi/docs/tratados_multilaterales_suspencion_garantias_Guatemala_nota_No_NV-OEA-M4-131-2022.pdf,,estado de sitio,,seguridad/crimen,,"subnacional: Ixchiguán y Tajumulco, Departamento de San Marcos debido a","Humanos, Guatemala hace del conocimiento que el 7 de junio de 2022, el Señor Alejandro Giammattei Falla, Presidente de la República de Guatemala, en Consejo de",12369
El Salvador,2022-06-13,2022,MPOEA- OEA-096/2022,notif_oea_art27,,http://www.oas.org/es/sla/ddi/docs/tratados_multilaterales_suspencion_garantias_El_Salvador_nota_No_096-2022.pdf,Decreto No. 358,régimen de excepción,,,,nacional,"Internacional, en ocasión de hacer referencia a la comunicación MPOEA-OEA-034/2022 de fecha 27 de marzo de 2022, mediante la cual se notificó que la Asamblea Le",7654
Perú,2022-06-22,2022,7-5-M/130,notif_oea_art27,,http://www.oas.org/es/sla/ddi/docs/tratados_multilaterales_suspencion_garantias_Peru_nota_No_7-5-M-157-2022.pdf,Decreto Supremo N*008-2021,estado de emergencia,Art. 2 Constitución,desastre/salud,,,"Internacional- y, en cumplimiento con lo establecido en el artículo 27, inciso 3, de la Convención Americana sobre Derechos Humanos, tiene a bien informar que m",2196
El Salvador,2022-06-24,2022,MPOEA- OEA-100/2022,notif_oea_art27,,http://www.oas.org/es/sla/ddi/docs/tratados_multilaterales_suspencion_garantias_El_Salvador_nota_No_100-2022.pdf,Decreto N* 333,régimen de excepción,Art. 30 Constitución,seguridad/crimen,,nacional,"Internacional, en ocasión de hacer referencia a las comunicaciones MPOEA-OEA-034/2022 y MPOEA-OEA-096/2022 de fecha 27 de marzo y 13 de junio del 2022, respecti",12446
Guatemala,2022-06-24,2022,NV-OEA-M4-139-2022,notif_oea_art27,,http://www.oas.org/es/sla/ddi/docs/tratados_multilaterales_suspencion_garantias_Guatemala_nota_No_NV-OEA-M4-139-2022.pdf,,estado de calamidad,Art. 116 Constitución,desastre/salud,,nacional,"Humanos, Guatemala hace del conocimiento que el 21 de junio de 2022, el Señor Alejandro Giammattei Falla, Presidente de la República de Guatemala, en Consejo de",18105
Ecuador,2022-07-04,2022,4-2-141/2022,notif_oea_art27,,http://www.oas.org/es/sla/ddi/docs/tratados_multilaterales_suspencion_garantias_Ecuador_nota_No_4-2-141-2022.pdf,Decreto Ejecutivo No. 469,estado de excepción,Art. 1 Constitución,seguridad/crimen; orden público,,,"Internacional- y en cumplimiento con lo establecido en el artículo 27, inciso 3, de la Convención Americana de Derechos Humanos, informa que el Gobierno del Ecu",5190
Perú,2022-07-06,2022,7-5-M/136,notif_oea_art27,,http://www.oas.org/es/sla/ddi/docs/tratados_multilaterales_suspencion_garantias_Peru_nota_No_7-5-M-171-2022.pdf,Decreto Supremo N* 066-2022,,Art. 2 Constitución,,,,"Internacional- y, en cumplimiento con lo establecido en el artículo 27, inciso 3, de la Convención Americana sobre Derechos Humanos, tiene a bien informar sobre",8801
Guatemala,2022-07-18,2022,NV-OEA-M4-153-2022,notif_oea_art27,,http://www.oas.org/es/sla/ddi/docs/tratados_multilaterales_suspencion_garantias_Guatemala_nota_No_NV-OEA-M4-153-2022.pdf,,estado de sitio,,seguridad/crimen,,"subnacional: Ixchiguán y Tajumulco, Departamento de San Marcos, por un plazo de","Humanos, el señor Ministro de Relaciones Exteriores, Embajador Mario Adolfo Búcaro Flores hace del conocimiento del Secretario General que el 6 de julio de 2022",13929
El Salvador,2022-07-22,2022,MPOEA- OEA-116/2022,notif_oea_art27,,http://www.oas.org/es/sla/ddi/docs/tratados_multilaterales_suspencion_garantias_El_Salvador_nota_No_116-2022.pdf,Decreto No. 454,régimen de excepción,,seguridad estado,,nacional,"Internacional, en ocasión de hacer referencia a las comunicaciones MPOEA-OEA-034/2022, MPOEA-0EA-096/2022 y MPOEA-OEA-100-2022, de fechas 27 de marzo, 13 y 24 d",7093
Perú,2022-08-04,2022,7-5-M/157,notif_oea_art27,,http://www.oas.org/es/sla/ddi/docs/tratados_multilaterales_suspencion_garantias_Peru_nota_No_7-5-M-177-2022.pdf,Decreto Supremo N* 030-2022,estado de emergencia,Art. 2 Constitución,desastre/salud,,,"Internacional- y, en cumplimiento con lo establecido en el artículo 27, inciso 3, de la Convención Americana sobre Derechos Humanos, tiene a bien informar que m",21622
Ecuador,2022-08-15,2022,4-2-174/2022,notif_oea_art27,,http://www.oas.org/es/sla/ddi/docs/tratados_multilaterales_suspencion_garantias_Ecuador_nota_No_4-2-174-2022.pdf,Decreto Ejecutivo No. 527,estado de excepción,Art. 1 Constitución,seguridad/crimen; orden público,,,"Internacional- y en cumplimiento con lo establecido en el artículo 27, inciso 3, de la Convención Americana de Derechos Humanos, informa que el Gobierno del Ecu",9430
El Salvador,2022-08-22,2022,MPOEA- OEA-136/2022,notif_oea_art27,,http://www.oas.org/es/sla/ddi/docs/tratados_multilaterales_suspencion_garantias_El_Salvador_nota_No_136-2022.pdf,Decreto No 333,régimen de excepción,,seguridad/crimen,,,"Internacional, en ocasión de hacer referencia a la comunicación MPOEA-OEA-034/2022 de fecha 27 de marzo, mediante la cual se notificó que la Asamblea Legislativ",8975
Perú,2022-08-29,2022,7-5-M/171,notif_oea_art27,,http://www.oas.org/es/sla/ddi/docs/tratados_multilaterales_suspencion_garantias_Peru_nota_No_7-5-M-244-2022.pdf,Decreto Legislativo N 1186,estado de emergencia,Art. 2 Constitución,seguridad/crimen,,nacional,"Internacional y, en cumplimiento con lo establecido en el artículo 27, inciso 3, de la Convención Americana sobre Derechos Humanos, tiene a bien informar que me",13368
Perú,2022-09-06,2022,7-5-M/177,notif_oea_art27,,http://www.oas.org/es/sla/ddi/docs/tratados_multilaterales_suspencion_garantias_Peru_nota_No_7-5-M-248-2022.pdf,Decreto Supremo N* 140-2022,estado de emergencia,Art. 2 Constitución,,,,"Internacional- y, en cumplimiento con lo establecido en el artículo 27, inciso 3, de la Convención Americana sobre Derechos Humanos, tiene a bien informar que m",13522
Ecuador,2022-09-14,2022,4-2-211/2022,notif_oea_art27,,http://www.oas.org/es/sla/ddi/docs/tratados_multilaterales_suspencion_garantias_Ecuador_nota_No_4-2-211-2022.pdf,Decreto Ejecutivo No. 561,estado de excepción,Art. 1 Constitución,seguridad/crimen; orden público,,,"Internacional- y en cumplimiento con lo establecido en el artículo 27, inciso 3, de la Convención Americana de Derechos Humanos, informa que el Gobierno del Ecu",12729
El Salvador,2022-09-22,2022,MPOEA- OEA-158/2022,notif_oea_art27,,http://www.oas.org/es/sla/ddi/docs/tratados_multilaterales_suspencion_garantias_El_Salvador_nota_No_158-2022.pdf,Decreto Legislativo No 333,régimen de excepción,,seguridad/crimen,,nacional,"Internacional, en ocasión de hacer referencia a la comunicación MPOEA-OEA-034/2022 de fecha 27 de marzo de 2022, mediante la cual se notificó que la Asamblea Le",9527
Guatemala,2022-10-13,2022,NV-OEA-M4-226-2022,notif_oea_art27,,http://www.oas.org/es/sla/ddi/docs/tratados_multilaterales_suspencion_garantias_Guatemala_nota_No_NV-OEA-M4-226-2022.pdf,,estado de calamidad,Art. 116 Constitución,desastre/salud,,nacional,"Humanos, para hacer de su conocimiento que el 10 de octubre de 2022, el señor Alejandro Giammattei Falla, Presidente de la República de Guatemala, en Consejo de",15535
República Dominicana,2022-10-17,2022,MPRD-OEA 1018-2022,notif_oea_art27,,http://www.oas.org/es/sla/ddi/docs/tratados_multilaterales_suspencion_garantias_Republica_Dominicana_nota_MPRD-OEA_1018-2022.pdf,,estado de emergencia,Art. 263 Constitución,,45,,"Internacional, y tiene a bien referirse al cumplimiento de lo establecido en el Pacto Internacional de Derechos Civiles y Políticos y la Convención Americana so",8430
El Salvador,2022-10-19,2022,MPOEA- OEA-184/2022,notif_oea_art27,,http://www.oas.org/es/sla/ddi/docs/tratados_multilaterales_suspencion_garantias_El_Salvador_nota_No_184-2022.pdf,Decreto Legislativo No 333,régimen de excepción,,seguridad/crimen,,,"Internacional, en ocasión de hacer referencia a la comunicación MPOEA-OEA-034/2022 de 27 de marzo, mediante la cual se notificó que la Asamblea Legislativa de l",10015
Ecuador,2022-11-02,2022,4-2-268/2022,notif_oea_art27,,http://www.oas.org/es/sla/ddi/docs/tratados_multilaterales_suspencion_garantias_Ecuador_nota_No_4-2-268-2022.pdf,Decreto Ejecutivo No. 588,estado de excepción,Art. 1 Constitución,seguridad/crimen; orden público,,subnacional: Guayas y,"Internacional y en cumplimiento con lo establecido en el artículo 27, inciso 3, de la Convención Americana de Derechos Humanos, informa que el Gobierno del Ecua",9891
Ecuador,2022-11-07,2022,4-2-275/2022,notif_oea_art27,,http://www.oas.org/es/sla/ddi/docs/tratados_multilaterales_suspencion_garantias_Ecuador_nota_No_4-2-275-2022.pdf,Decreto Ejecutivo No. 588,estado de excepción,Art. 1 Constitución,seguridad/crimen; orden público,,,"Internacional- y se refiere a la nota verbal N* 4-2-268/2022, de 2 de los corrientes, relativa al Decreto Ejecutivo No",8798
El Salvador,2022-11-18,2022,MPOEA- OEA-202/2022,notif_oea_art27,,http://www.oas.org/es/sla/ddi/docs/tratados_multilaterales_suspencion_garantias_El_Salvador_nota_No_202-2022.pdf,Decreto Legislativo No 333,régimen de excepción,Art. 1 Constitución,desastre/salud; seguridad/crimen,,,"Internacional, en ocasión de hacer referencia a la comunicación MPOEA-OEA-034/2022 de fecha 27 de marzo, mediante la cual se notificó que la Asamblea Legislativ",9075
Perú,2022-12-14,2022,,notif_oea_art27,,http://www.oas.org/es/sla/ddi/docs/tratados_multilaterales_suspencion_garantias_Peru_nota_No_7-5-M-246-2022.pdf,DECRETO SUPREMO N* 141-2022,estado de emergencia,Art. 2 Constitución,seguridad/crimen; orden público,,nacional,"Internacional- y, en cumplimiento con lo establecido en el artículo 27, inciso 3, de la Convención Americana sobre Derechos Humanos, tiene a bien informar que m",12967
Perú,2022-12-14,2022,7-5-M/244,notif_oea_art27,,http://www.oas.org/es/sla/ddi/docs/tratados_multilaterales_suspencion_garantias_Peru_nota_No_7-5-M-247-2022.pdf,Decreto Supremo N* 142-2022,estado de emergencia,Art. 2 Constitución,seguridad/crimen; orden público,,nacional,"Internacional- y, en cumplimiento con lo establecido en el artículo 27, inciso 3, de la Convención Americana sobre Derechos Humanos, tiene a bien informar que m",13968
Perú,2022-12-15,2022,7-5-M/249,notif_oea_art27,,http://www.oas.org/es/sla/ddi/docs/tratados_multilaterales_suspencion_garantias_Peru_nota_No_7-5-M-249-2022.pdf,DECRETO SUPREMO N* 143-2022,estado de emergencia,Art. 2 Constitución,seguridad/crimen,,nacional,"Internacional- y, en cumplimiento con lo establecido en el artículo 27, inciso 3, de la Convención Americana sobre Derechos Humanos, tiene a bien informar que m",11229
El Salvador,2022-12-20,2022,MPOEA- OEA-220/2022,notif_oea_art27,,http://www.oas.org/es/sla/ddi/docs/tratados_multilaterales_suspencion_garantias_El_Salvador_nota_No_220-2022.pdf,Decreto Legislativo No 333,régimen de excepción,,,,,"Internacional, en ocasión de hacer referencia a la comunicación MPOEA-OEA-034/2022 de fecha 27 de marzo de 2022, mediante la cual se notificó que la Asamblea Le",6653
Perú,2023-01-17,2023,7-5-M/008,notif_oea_art27,,http://www.oas.org/es/sla/ddi/docs/tratados_multilaterales_suspencion_garantias_Peru_nota_No_7-5-M-099-2023.pdf,DECRETO SUPREMO N* 051-2023,estado de emergencia,Art. 2 Constitución,seguridad/crimen,,nacional,"Internacional- y, en cumplimiento con lo establecido en el artículo 27, inciso 3, de la Convención Americana sobre Derechos Humanos, tiene a bien informar que m",19099
El Salvador,2023-01-19,2023,MPOEA- OEA-005/2023,notif_oea_art27,,http://www.oas.org/es/sla/ddi/docs/tratados_multilaterales_suspencion_garantias_El_Salvador_nota_No_005-2023.pdf,Decreto Legislativo No 333,régimen de excepción,Art. 30 Constitución,seguridad/crimen,,,"Internacional, en ocasión de hacer referencia a la comunicación MPOEA-OEA-034/2022 de 27 de marzo de 2022, mediante la cual se notificó que la Asamblea Legislat",7018
Perú,2023-01-26,2023,7-5-M/015,notif_oea_art27,,http://www.oas.org/es/sla/ddi/docs/tratados_multilaterales_suspencion_garantias_Peru_nota_No_7-5-M-103-2023.pdf,DECRETO SUPREMO N* 053-2023,estado de emergencia,Art. 2 Constitución,seguridad/crimen,,nacional,"Internacional- y, en cumplimiento con lo establecido en el artículo 27, inciso 3, de la Convención Americana sobre Derechos Humanos, tiene a bien informar que m",12181
Perú,2023-02-07,2023,7-5-M/027,notif_oea_art27,,http://www.oas.org/es/sla/ddi/docs/tratados_multilaterales_suspencion_garantias_Peru_nota_No_7-5-M-105-2023.pdf,DECRETO SUPREMO N* 055-2023,estado de emergencia,Art. 2 Constitución,desastre/salud; seguridad/crimen,,nacional,"Internacional- y, en cumplimiento con lo establecido en el artículo 27, inciso 3, de la Convención Americana sobre Derechos Humanos, tiene a bien informar que m",20086
Perú,2023-02-08,2023,7-5-M/029,notif_oea_art27,,http://www.oas.org/es/sla/ddi/docs/tratados_multilaterales_suspencion_garantias_Peru_nota_No_7-5-M-127-2023.pdf,DECRETO SUPREMO N* 063-2023,estado de emergencia,Art. 2 Constitución,seguridad/crimen,,nacional,"Internacional- y, en cumplimiento con lo establecido en el artículo 27, inciso 3, de la Convención Americana sobre Derechos Humanos, tiene a bien informar que m",15999
Perú,2023-02-08,2023,7-5-M/028,notif_oea_art27,,http://www.oas.org/es/sla/ddi/docs/tratados_multilaterales_suspencion_garantias_Peru_nota_No_7-5-M-122-2023.pdf,DECRETO SUPREMO N* 060-2023,estado de emergencia,Art. 2 Constitución,seguridad/crimen; orden público,,nacional,"Internacional- y, en cumplimiento con lo establecido en el artículo 27, inciso 3, de la Convención Americana sobre Derechos Humanos, tiene a bien informar que m",15954
Perú,2023-02-10,2023,7-5-M/034,notif_oea_art27,,http://www.oas.org/es/sla/ddi/docs/tratados_multilaterales_suspencion_garantias_Peru_nota_No_7-5-M-142-2023.pdf,Decreto Legislativo N* 1095,estado de emergencia,Art. 2 Constitución,,,,"Internacional- y, en cumplimiento con lo establecido en el artículo 27, inciso 3, de la Convención Americana sobre Derechos Humanos, tiene a bien informar que m",9717
Perú,2023-02-15,2023,7-5-M/037,notif_oea_art27,,http://www.oas.org/es/sla/ddi/docs/tratados_multilaterales_suspencion_garantias_Peru_nota_No_7-5-M-140-2023.pdf,Decreto Supremo N.* 070-2023,estado de emergencia,Art. 2 Constitución,seguridad/crimen,,nacional,"Internacional- y, en cumplimiento con lo establecido en el artículo 27, inciso 3, de la Convención Americana sobre Derechos Humanos, tiene a bien informar que m",14831
Perú,2023-02-15,2023,7-5-M/036,notif_oea_art27,,http://www.oas.org/es/sla/ddi/docs/tratados_multilaterales_suspencion_garantias_Peru_nota_No_7-5-M-141-2023.pdf,DECRETO SUPREMO N* 068-2023,estado de emergencia,Art. 2 Constitución,seguridad/crimen,,nacional,"Internacional- y, en cumplimiento con lo establecido en el artículo 27, inciso 3, de la Convención Americana sobre Derechos Humanos, tiene a bien informar que m",15908
Perú,2023-02-17,2023,7-5-M/041,notif_oea_art27,,http://www.oas.org/es/sla/ddi/docs/tratados_multilaterales_suspencion_garantias_Peru_nota_No_7-5-M-144-2023.pdf,Decreto Supremo N.*071-2023,estado de emergencia,Art. 2 Constitución,seguridad/crimen,,nacional,"Internacional- y, en cumplimiento con lo establecido en el artículo 27, inciso 3, de la Convención Americana sobre Derechos Humanos, tiene a bien informar que m",15236
Perú,2023-02-21,2023,7-5-M/042,notif_oea_art27,,http://www.oas.org/es/sla/ddi/docs/tratados_multilaterales_suspencion_garantias_Peru_nota_No_7-5-M-155-2023.pdf,DECRETO SUPREMO N* 077-2023,estado de emergencia,Art. 2 Constitución,seguridad/crimen,,nacional,"Internacional- y, en cumplimiento con lo establecido en el artículo 27, inciso 3, de la Convención Americana sobre Derechos Humanos, tiene a bien informar que m",16939
Perú,2023-02-28,2023,7-5-M/049,notif_oea_art27,,http://www.oas.org/es/sla/ddi/docs/tratados_multilaterales_suspencion_garantias_Peru_nota_No_7-5-M-162-2023.pdf,DECRETO SUPREMO N* 080-2023,estado de emergencia,Art. 2 Constitución,seguridad/crimen,,nacional,"Internacional- y, en cumplimiento con lo establecido en el artículo 27, inciso 3, de la Convención Americana sobre Derechos Humanos, tiene a bien informar que m",13750
El Salvador,2023-03-01,2023,MPOEA- OEA-032/2023,notif_oea_art27,,http://www.oas.org/es/sla/ddi/docs/tratados_multilaterales_suspencion_garantias_El_Salvador_nota_No_032-2023.pdf,Decreto Legislativo N* 661,régimen de excepción,Art. 30 Constitución,,,,"Internacional, en ocasión de referirse a la comunicación MPOEA-OEA-034/2022 de 27 de marzo de 2022, mediante la cual se notificó que la Asamblea Legislativa de",9060
Ecuador,2023-03-07,2023,4-2-068/2023,notif_oea_art27,,http://www.oas.org/es/sla/ddi/docs/tratados_multilaterales_suspencion_garantias_Ecuador_nota_No_4-2-068-2023.pdf,Decreto Ejecutivo No. 681,estado de excepción,Art. 1 Constitución,seguridad/crimen; orden público,,,"Internacional— y en cumplimiento con lo establecido en el artículo 27, inciso 3, de la Convención Americana de Derechos Humanos, informa que el Gobierno del Ecu",12744
Perú,2023-03-15,2023,7-5-M/062 y nota No. 7-5-M/063,notif_oea_art27,,http://www.oas.org/es/sla/ddi/docs/tratados_multilaterales_suspencion_garantias_Peru_nota_No_7-5-M-163-2023.pdf,DECRETO SUPREMO N* 081-2023,estado de emergencia,Art. 2 Constitución,seguridad/crimen,,nacional,"Internacional- y, en cumplimiento con lo establecido en el artículo 27, inciso 3, de la Convención Americana sobre Derechos Humanos, tiene a bien informar que m",14514
Perú,2023-03-22,2023,7-5-M/071,notif_oea_art27,,http://www.oas.org/es/sla/ddi/docs/tratados_multilaterales_suspencion_garantias_Peru_nota_No_7-5-M-177-2023.pdf,Decreto Supremo N* 086-2023,estado de emergencia,Art. 2 Constitución,seguridad/crimen,,nacional,"Internacional- y en cumplimiento con lo establecido en el artículo 27, inciso 3, de la Convención Americana sobre Derechos Humanos, tiene a bien informar que me",16281
El Salvador,2023-03-31,2023,MPOEA - OEA-054/2023,notif_oea_art27,,http://www.oas.org/es/sla/ddi/docs/tratados_multilaterales_suspencion_garantias_El_Salvador_nota_No_054-2023.pdf,Decreto Legislativo No 333,régimen de excepción,,,,,"Internacional, en ocasión de hacer referencia a la comunicación MPOEA-OEA-034/2022 de 27 de marzo de 2022, mediante la cual se notificó que la Asamblea Legislat",7925
Ecuador,2023-04-10,2023,4-2-095/2023,notif_oea_art27,,http://www.oas.org/es/sla/ddi/docs/tratados_multilaterales_suspencion_garantias_Ecuador_nota_No_4-2-199-2023.pdf,Decreto Ejecutivo No. 824,estado de excepción,Art. 1 Constitución,seguridad/crimen; orden público,,subnacional: Manabí y Los Rios”,"Internacional- y en cumplimiento con lo establecido en el artículo 27, inciso 3, de la Convención Americana de Derechos Humanos, informa que el Gobierno del Ecu",8036
Perú,2023-04-11,2023,7-5-M/081,notif_oea_art27,,http://www.oas.org/es/sla/ddi/docs/tratados_multilaterales_suspencion_garantias_Peru_nota_No_7-5-M-176-2023.pdf,Decreto Supremo N* 087-2023,estado de emergencia,Art. 2 Constitución,seguridad/crimen,,nacional,"Internacional- y en cumplimiento con lo establecido en el artículo 27, inciso 3, de la Convención Americana sobre Derechos Humanos, tiene a bien informar que me",17275
Perú,2023-04-14,2023,7-5-M/092,notif_oea_art27,,http://www.oas.org/es/sla/ddi/docs/tratados_multilaterales_suspencion_garantias_Peru_nota_No_7-5-M-180-2023.pdf,DECRETO SUPREMO N* 088-2023,estado de emergencia,Art. 2 Constitución,,,,"Internacional- y en cumplimiento con lo establecido en el artículo 27, inciso 3, de la Convención Americana sobre Derechos Humanos, tiene a bien informar que me",14622
Perú,2023-04-19,2023,7-5-M/099,notif_oea_art27,,http://www.oas.org/es/sla/ddi/docs/tratados_multilaterales_suspencion_garantias_Peru_nota_No_7-5-M-179-2023.pdf,Decreto Supremo N* 090-2023,estado de emergencia,Art. 2 Constitución,seguridad/crimen,,nacional,"Internacional- y en cumplimiento con lo establecido en el artículo 27, inciso 3, de la Convención Americana sobre Derechos Humanos, tiene a bien informar que me",15534
Perú,2023-04-24,2023,7-5-M/103,notif_oea_art27,,http://www.oas.org/es/sla/ddi/docs/tratados_multilaterales_suspencion_garantias_Peru_nota_No_7-5-M-183-2023.pdf,Decreto Supremo N* 092-2023,estado de emergencia,Art. 2 Constitución,seguridad/crimen,,nacional,"Internacional- y en cumplimiento con lo establecido en el artículo 27, inciso 3, de la Convención Americana sobre Derechos Humanos, tiene a bien informar que me",15336
Perú,2023-04-27,2023,7-5-M/105,notif_oea_art27,,http://www.oas.org/es/sla/ddi/docs/tratados_multilaterales_suspencion_garantias_Peru_nota_No_7-5-M-186-2023.pdf,Decreto Legislativo N* 1095,estado de emergencia,Art. 2 Constitución,seguridad/crimen,,nacional,"Internacional- y en cumplimiento con lo establecido en el artículo 27, inciso 3, de la Convención Americana sobre Derechos Humanos, tiene a bien informar que me",15454
El Salvador,2023-04-28,2023,MPOEA - OEA-063/2023,notif_oea_art27,,http://www.oas.org/es/sla/ddi/docs/tratados_multilaterales_suspencion_garantias_El_Salvador_nota_No_063-2023.pdf,Decreto Legislativo N* 333,régimen de excepción,,,,,"Internacional, en ocasión de hacer referencia a la comunicación MPOEA-OEA-034/2022 de 27 de marzo de 2022, mediante la cual se notificó que la Asamblea Legislat",7465
Perú,2023-05-16,2023,7-5-M/122,notif_oea_art27,,http://www.oas.org/es/sla/ddi/docs/tratados_multilaterales_suspencion_garantias_Peru_nota_No_7-5-M-185-2023.pdf,Decreto Supremo N* 095-2023,estado de emergencia,Art. 2 Constitución,seguridad/crimen,,nacional,"Internacional- y en cumplimiento con lo establecido en el artículo 27, inciso 3, de la Convención Americana sobre Derechos Humanos, tiene a bien informar que me",15954
Perú,2023-05-22,2023,7-5-M/127,notif_oea_art27,,http://www.oas.org/es/sla/ddi/docs/tratados_multilaterales_suspencion_garantias_Peru_nota_No_7-5-M-188-2023.pdf,Decreto Supremo N* 098-2023,estado de emergencia,Art. 2 Constitución,seguridad/crimen,,nacional,"Internacional- y en cumplimiento con lo establecido en el artículo 27, inciso 3, de la Convención Americana sobre Derechos Humanos, tiene a bien informar que me",15116
El Salvador,2023-05-24,2023,MPOEA - OEA-078/2023,notif_oea_art27,,http://www.oas.org/es/sla/ddi/docs/tratados_multilaterales_suspencion_garantias_El_Salvador_nota_No_078-2023.pdf,Decreto Legislativo No.333,régimen de excepción,,,,,"Internacional, en ocasión de hacer referencia a la comunicación MPOEA-OEA-034/2022 de fecha 27 de marzo de 2022, mediante la cual se notificó que la Asamblea Le",7959
Perú,2023-06-07,2023,7-5-M/140,notif_oea_art27,,http://www.oas.org/es/sla/ddi/docs/tratados_multilaterales_suspencion_garantias_Peru_nota_No_7-5-M-203-2023.pdf,DECRETO SUPREMO N* 102-2023,estado de emergencia,Art. 2 Constitución,seguridad/crimen,,nacional,"Internacional- y en cumplimiento con lo establecido en el artículo 27, inciso 3, de la Convención Americana sobre Derechos Humanos, tiene a bien informar que me",16373
Perú,2023-06-09,2023,7-5-M/144,notif_oea_art27,,http://www.oas.org/es/sla/ddi/docs/tratados_multilaterales_suspencion_garantias_Peru_nota_No_7-5-M-213-2023.pdf,DECRETO SUPREMO N* 105-2023,estado de emergencia,Art. 2 Constitución,seguridad/crimen,,,"Internacional- y en cumplimiento con lo establecido en el artículo 27, inciso 3, de la Convención Americana sobre Derechos Humanos, tiene a bien informar que me",13736
Perú,2023-06-28,2023,7-5-M/155,notif_oea_art27,,http://www.oas.org/es/sla/ddi/docs/tratados_multilaterales_suspencion_garantias_Peru_nota_No_7-5-M-223-2023.pdf,DECRETO SUPREMO N* 106-2023,estado de emergencia,Art. 2 Constitución,seguridad/crimen,,nacional,"Internacional- y, en cumplimiento con lo establecido en el artículo 27, inciso 3, de la Convención Americana sobre Derechos Humanos, informa que mediante Decret",16395
El Salvador,2023-06-30,2023,MPOEA - OEA-109/2023,notif_oea_art27,,http://www.oas.org/es/sla/ddi/docs/tratados_multilaterales_suspencion_garantias_El_Salvador_nota_No_109-2023.pdf,Decreto Legislativo No.333,régimen de excepción,Art. 30 Constitución,seguridad/crimen,,,"Internacional, en ocasión de hacer referencia a la comunicación MPOEA-OEA-034/2022 de fecha 27 de marzo de 2022, mediante la cual se notificó que la Asamblea Le",8970
Colombia,2023-07-04,2023,S-GTAJl-23-012668,notif_oea_art27,,http://www.oas.org/es/sla/ddi/docs/tratados_multilaterales_suspencion_garantias_Colombia_nota_No_S-GTAJl-23-012668.pdf,,estado de emergencia,Art. 215 Constitución,desastre/salud,,"subnacional: Manaure, Riohacha","Humanos, aprobada por la República de Colombia mediante la Ley 16 de 1972, el Ministerio de Relaciones Exteriores de la República de Colombia —Dirección de Asun",12537
Perú,2023-07-14,2023,7-5-M/162,notif_oea_art27,,http://www.oas.org/es/sla/ddi/docs/tratados_multilaterales_suspencion_garantias_Peru_nota_No_7-5-M-231-2023.pdf,Decreto Legislativo N* 1266,estado de emergencia,Art. 2 Constitución,seguridad/crimen,,nacional,"Internacional- y en cumplimiento con lo establecido en el artículo 27, inciso 3, de la Convención Americana sobre Derechos Humanos, tiene a bien informar que me",16870
Perú,2023-07-20,2023,7-5-M/163,notif_oea_art27,,http://www.oas.org/es/sla/ddi/docs/tratados_multilaterales_suspencion_garantias_Peru_nota_No_7-5-M-230-2023.pdf,Decreto Supremo N*088-2023,estado de emergencia,Art. 2 Constitución,seguridad estado,,,"Internacional- y en cumplimiento con lo establecido en el artículo 27, inciso 3, de la Convención Americana sobre Derechos Humanos, tiene a bien informar que me",18568
Ecuador,2023-07-27,2023,4-2-198/2023 y nota No. 4-2-199/2023,notif_oea_art27,,http://www.oas.org/es/sla/ddi/docs/tratados_multilaterales_suspencion_garantias_Ecuador_nota_No_4-2-198-2023.pdf,Decreto Ejecutivo No. 823,estado de excepción,Art. 1 Constitución,seguridad/crimen; orden público,,,"Internacional- y en cumplimiento con lo establecido en el artículo 27, inciso 3, de la Convención Americana de Derechos Humanos, informa que el Gobierno del Ecu",12719
El Salvador,2023-07-28,2023,MPOEA - OEA-126/2023,notif_oea_art27,,http://www.oas.org/es/sla/ddi/docs/tratados_multilaterales_suspencion_garantias_El_Salvador_nota_No_126-2023.pdf,Decreto Legislativo No.333,régimen de excepción,Art. 30 Constitución,seguridad/crimen,,,"Internacional, en ocasión de hacer referencia a la comunicación MPOEA-OEA-034/2022 de fecha 27 de marzo de 2022, mediante la cual se notificó que la Asamblea Le",10489
Colombia,2023-08-01,2023,MCP/OEA/947/2023,notif_oea_art27,,http://www.oas.org/es/sla/ddi/docs/tratados_multilaterales_suspencion_garantias_Colombia_nota_No_MCP-OEA-947-2023.pdf,,estado de emergencia,,,,,"Internacional, y atendiendo instrucciones de Presidencia de la República, y del Ministerio de Relaciones Exteriores, tiene a bien informar y transmitir la Nota",6815
Perú,2023-08-04,2023,7-5-M/176 y nota No. 7-5-M/177 con sus respectivos anexos,notif_oea_art27,,http://www.oas.org/es/sla/ddi/docs/tratados_multilaterales_suspencion_garantias_Peru_nota_No_7-5-M-229-2023.pdf,DECRETO SUPREMO N* 108-2023,estado de emergencia,Art. 2 Constitución,seguridad/crimen,,nacional,"Internacional- y en cumplimiento con lo establecido en el artículo 27, inciso 3, de la Convención Americana sobre Derechos Humanos, tiene a bien informar que me",23115
Chile,2023-08-08,2023,175-23,notif_oea_art27,,http://www.oas.org/es/sla/ddi/docs/tratados_multilaterales_suspencion_garantias_Chile_nota_No_175-23.pdf,decreto supremo N2,estado de excepción,Art. 42 Constitución,seguridad/crimen,15,,"Internacional- y, de conformidad lo dispuesto en el artículo 27 de la Convención Americana sobre Derechos Humanos, tiene a bien informar lo siguiente: De acuer",6539
Perú,2023-08-08,2023,7-5-M/179 y nota No. 7-5-M/180 con sus respectivos anexos,notif_oea_art27,,http://www.oas.org/es/sla/ddi/docs/tratados_multilaterales_suspencion_garantias_Peru_nota_No_7-5-M-241-2023.pdf,DECRETO SUPREMO N* 118-2023,estado de emergencia,Art. 2 Constitución,seguridad/crimen,,nacional,"Internacional- y en cumplimiento con lo establecido en el artículo 27, inciso 3, de la Convención Americana sobre Derechos Humanos, tiene a bien informar que me",15531
Ecuador,2023-08-10,2023,4-2-203/2023,notif_oea_art27,,http://www.oas.org/es/sla/ddi/docs/tratados_multilaterales_suspencion_garantias_Ecuador_nota_No_4-2-203-2023.pdf,Decreto Ejecutivo N* 341,estado de excepción,Art. 1 Constitución,seguridad/crimen; orden público,,nacional,"Internacional- y, en cumplimiento con lo establecido en el artículo 27, inciso 3, de la Convención Americana de Derechos Humanos, informa que el Gobierno del Ec",10229
Ecuador,2023-08-14,2023,4-2-206/2023,notif_oea_art27,,http://www.oas.org/es/sla/ddi/docs/tratados_multilaterales_suspencion_garantias_Ecuador_nota_No_4-2-206-2023.pdf,Decreto Ejecutivo N* 843,estado de excepción,Art. 3 Constitución,seguridad/crimen; orden público,,,"Internacional- y, en cumplimiento con lo establecido en el artículo 27, inciso 3, de la Convención Americana de Derechos Humanos, como alcance a la Nota Verbal",9565
Perú,2023-08-23,2023,7-5-M/185 y nota No. 7-5-M/186 con sus respectivos anexos,notif_oea_art27,,http://www.oas.org/es/sla/ddi/docs/tratados_multilaterales_suspencion_garantias_Peru_nota_No_7-5-M-240-2023.pdf,Decreto Supremo N* 117-2023,estado de emergencia,Art. 2 Constitución,seguridad/crimen,,nacional,"Internacional- y en cumplimiento con lo establecido en el artículo 27, inciso 3, de la Convención Americana sobre Derechos Humanos, tiene a bien informar que me",23639
El Salvador,2023-08-29,2023,MPOEA - OEA-146/2023,notif_oea_art27,,http://www.oas.org/es/sla/ddi/docs/tratados_multilaterales_suspencion_garantias_El_Salvador_nota_No_146-2023.pdf,Decreto Legislativo No.333,régimen de excepción,Art. 30 Constitución,seguridad/crimen; seguridad estado,,,"Internacional, en ocasión de hacer referencia a la comunicación MPOEA-OEA-034/2022 de fecha 27 de marzo de 2022, mediante la cual se notificó que la Asamblea Le",10174
Perú,2023-09-14,2023,7-5-M/203,notif_oea_art27,,http://www.oas.org/es/sla/ddi/docs/tratados_multilaterales_suspencion_garantias_Peru_nota_No_7-5-M-239-2023.pdf,Decreto Supremo N* 002-2023,estado de emergencia,Art. 2 Constitución,seguridad/crimen,,nacional,"Internacional- y en cumplimiento con lo establecido en el artículo 27, inciso 3, de la Convención Americana sobre Derechos Humanos, tiene a bien informar que me",15805
Perú,2023-09-20,2023,7-5-M/213,notif_oea_art27,,http://www.oas.org/es/sla/ddi/docs/tratados_multilaterales_suspencion_garantias_Peru_nota_No_7-5-M-269-2023.pdf,Decreto Legislativo N* 1095,estado de emergencia,Art. 2 Constitución,seguridad/crimen,,nacional,"Internacional- y en cumplimiento con lo establecido en el artículo 27, inciso 3, de la Convención Americana sobre Derechos Humanos, tiene a bien informar que me",14949
Perú,2023-09-29,2023,7-5-M/223,notif_oea_art27,,http://www.oas.org/es/sla/ddi/docs/tratados_multilaterales_suspencion_garantias_Peru_nota_No_7-5-M-273-2023.pdf,Decreto Supremo N* 127-,estado de emergencia,Art. 2 Constitución,seguridad/crimen,,nacional,"Internacional- y en cumplimiento con lo establecido en el artículo 27, inciso 3, de la Convención Americana sobre Derechos Humanos, tiene a bien informar que me",15733
El Salvador,2023-10-03,2023,MPOEA - OEA-172/2023,notif_oea_art27,,http://www.oas.org/es/sla/ddi/docs/tratados_multilaterales_suspencion_garantias_El_Salvador_nota_No_172-2023.pdf,Decreto Legislativo No.333,régimen de excepción,Art. 30 Constitución,seguridad/crimen,,,"Internacional, en ocasión de hacer referencia a la comunicación MPOEA-OEA-034/2022 de fecha 27 de marzo de 2022, mediante la cual se notificó que la Asamblea Le",10066
Perú,2023-10-05,2023,7-5-M/229,notif_oea_art27,,http://www.oas.org/es/sla/ddi/docs/tratados_multilaterales_suspencion_garantias_Peru_nota_No_7-5-M-272-2023.pdf,Decreto Legislativo N* 1266,estado de emergencia,Art. 2 Constitución,seguridad/crimen,,nacional,"Internacional- y en cumplimiento con lo establecido en el artículo 27, inciso 3, de la Convención Americana sobre Derechos Humanos, tiene a bien informar que me",14654
Ecuador,2023-10-11,2023,4-2-248/2023,notif_oea_art27,,http://www.oas.org/es/sla/ddi/docs/tratados_multilaterales_suspencion_garantias_Ecuador_nota_No_4-2-248-2023.pdf,Decreto Ejecutivo N* 890,estado de excepción,Art. 1 Constitución,seguridad/crimen; orden público,,nacional,"Internacional- y en cumplimiento con lo establecido en el artículo 27, inciso 3, de la Convención Americana de Derechos Humanos, informa que el Gobierno del Ecu",14016
Chile,2023-10-12,2023,274-23,notif_oea_art27,,http://www.oas.org/es/sla/ddi/docs/tratados_multilaterales_suspencion_garantias_Chile_nota_No_274-23.pdf,decreto supremo N*256,estado de excepción,Art. 42 Constitución,seguridad/crimen,,,"Internacional- de la Organización de los Estados Americanos y, de conformidad lo dispuesto en el artículo 27 de la Convención Americana sobre Derechos Humanos,",5371
Perú,2023-10-16,2023,7-5-M/239,notif_oea_art27,,http://www.oas.org/es/sla/ddi/docs/tratados_multilaterales_suspencion_garantias_Peru_nota_No_7-5-M-279-2023.pdf,Decreto Legislativo N* 1095,estado de emergencia,Art. 2 Constitución,,,,"Internacional- y en cumplimiento con lo establecido en el artículo 27, inciso 3, de la Convención Americana sobre Derechos Humanos, tiene a bien informar que me",19197
El Salvador,2023-10-31,2023,MPOEA - OEA-190/2023,notif_oea_art27,,http://www.oas.org/es/sla/ddi/docs/tratados_multilaterales_suspencion_garantias_El_Salvador_nota_No_190-2023.pdf,Decreto Legislativo No.333,régimen de excepción,Art. 30 Constitución,seguridad/crimen,,,"Internacional, en ocasión de hacer referencia a la comunicación MPOEA-OEA-034/2022 de fecha 27 de marzo de 2022, mediante la cual se notificó que la Asamblea Le",9098
El Salvador,2023-11-27,2023,MPOEA - OEA-208/2023,notif_oea_art27,,http://www.oas.org/es/sla/ddi/docs/tratados_multilaterales_suspencion_garantias_El_Salvador_nota_No_208-2023.pdf,Decreto Legislativo No.333,régimen de excepción,Art. 30 Constitución,seguridad/crimen,,,"Internacional, las muestras de su más alta consideración y estima",9714
Perú,2023-12-01,2023,7-5-M/272 y Nota No. 7-5-M/273 con sus respectivos anexos,notif_oea_art27,,http://www.oas.org/es/sla/ddi/docs/tratados_multilaterales_suspencion_garantias_Peru_nota_No_7-5-M-278-2023.pdf,Decreto Supremo N* 134-2023,estado de emergencia,Art. 2 Constitución,seguridad/crimen,,nacional,"Internacional- y en cumplimiento con lo establecido en el artículo 27, inciso 3, de la Convención Americana sobre Derechos Humanos, tiene a bien informar que me",16679
Perú,2023-12-07,2023,7-5-M/278 y Nota No. 7-5-M/279 con sus respectivos anexos,notif_oea_art27,,http://www.oas.org/es/sla/ddi/docs/tratados_multilaterales_suspencion_garantias_Peru_nota_No_7-5-M-282-2023.pdf,Decreto Supremo N* 137-2023,estado de emergencia,Art. 2 Constitución,seguridad/crimen,,nacional,"Internacional- y en cumplimiento con lo establecido en el artículo 27, inciso 3, de la Convención Americana sobre Derechos Humanos, tiene a bien informar que me",11871
Perú,2023-12-12,2023,7-5-M/282,notif_oea_art27,,http://www.oas.org/es/sla/ddi/docs/tratados_multilaterales_suspencion_garantias_Peru_nota_No_7-5-M-284-2023.pdf,Decreto Supremo N*023-2023,estado de emergencia,Art. 2 Constitución,seguridad/crimen,,nacional,"Internacional- y, en cumplimiento con lo establecido en el artículo 27, inciso 3, de la Convención Americana sobre Derechos Humanos, tiene a bien informar que m",23927
Perú,2023-12-15,2023,7-5-M/283 y Nota No. 7-5-M/284 con sus respectivos anexos,notif_oea_art27,,http://www.oas.org/es/sla/ddi/docs/tratados_multilaterales_suspencion_garantias_Peru_nota_No_7-5-M-283-2023.pdf,DECRETO SUPREMO N* 138-2023,estado de emergencia,Art. 2 Constitución,seguridad/crimen,,nacional,"Internacional- y, en cumplimiento con lo establecido en el artículo 27, inciso 3, de la Convención Americana sobre Derechos Humanos, tiene a bien informar que m",14056
El Salvador,2023-12-26,2023,MPOEA - OEA-222/2023,notif_oea_art27,,http://www.oas.org/es/sla/ddi/docs/tratados_multilaterales_suspencion_garantias_El_Salvador_nota_No_222-2023.pdf,Decreto Legislativo No.333,régimen de excepción,Art. 30 Constitución,seguridad/crimen,,,"Internacional, en ocasión de hacer referencia a la comunicación MPOEA-OEA-034/2022 de fecha 27 de marzo de 2022, mediante la cual se notificó que la Asamblea Le",8644
Chile,2023-12-29,2023,345-23,notif_oea_art27,,http://www.oas.org/es/sla/ddi/docs/tratados_multilaterales_suspencion_garantias_Chile_nota_No_345-23.pdf,decreto supremo N* 189,estado de excepción,Art. 42 Constitución,seguridad/crimen,,,"Internacional- y, de conformidad lo dispuesto en el artículo 27 de la Convención Americana sobre Derechos Humanos, tiene a bien informar lo siguiente: Según fu",5564
Perú,2024-01-05,2024,7-5-M/005,notif_oea_art27,,http://www.oas.org/es/sla/ddi/docs/tratados_multilaterales_suspencion_garantias_Peru_nota_No_7-5-M-128-2024.pdf,Decreto Supremo N* 069-2024,estado de emergencia,Art. 2 Constitución,seguridad/crimen,,nacional,"Internacional- y en cumplimiento con lo establecido en el artículo 27, inciso 3, de la Convención Americana sobre Derechos Humanos, tiene a bien informar que me",15833
Ecuador,2024-01-09,2024,4-2-007/2024,notif_oea_art27,,http://www.oas.org/es/sla/ddi/docs/tratados_multilaterales_suspencion_garantias_Ecuador_nota_No_4-2-007-2024.pdf,Decreto Ejecutivo N* 111,,,seguridad/crimen; seguridad estado,,,"Internacional- y como alcance a la Nota N? 4-2-004/2024, de 8 de los corrientes, conforme lo establecido en el artículo 27, inciso 3, de la Convención Americana",7581
Ecuador,2024-01-09,2024,4-2-004/2024,notif_oea_art27,,http://www.oas.org/es/sla/ddi/docs/tratados_multilaterales_suspencion_garantias_Ecuador_nota_No_4-2-004-2024.pdf,,estado de excepción,Art. 1 Constitución,seguridad/crimen; orden público,,nacional,"Internacional- y en cumplimiento con lo establecido en el artículo 27, inciso 3, de la Convención Americana de Derechos Humanos, informa que el Gobierno del Ecu",10691
Perú,2024-01-12,2024,7-5-M/007 y Nota No. 7-5-M/008 con sus respectivos anexos,notif_oea_art27,,http://www.oas.org/es/sla/ddi/docs/tratados_multilaterales_suspencion_garantias_Peru_nota_No_7-5-M-127-2024.pdf,Decreto Supremo N* 070-2024,estado de emergencia,Art. 2 Constitución,seguridad/crimen,,nacional,"Internacional- y en cumplimiento con lo establecido en el artículo 27, inciso 3, de la Convención Americana sobre Derechos Humanos, tiene a bien informar que me",16219
El Salvador,2024-01-17,2024,MPOEA - OEA-007/2024,notif_oea_art27,,http://www.oas.org/es/sla/ddi/docs/tratados_multilaterales_suspencion_garantias_El_Salvador_nota_No_007-2024.pdf,Decreto Legislativo No.333,régimen de excepción,Art. 30 Constitución,seguridad/crimen,,,"Internacional, en ocasión de hacer referencia a la comunicación MPOEA-OEA-034/2022 de fecha 27 de marzo de 2022, mediante la cual se notificó que la Asamblea Le",14207
Perú,2024-01-18,2024,7-5-M/011 con sus respectivos anexos,notif_oea_art27,,http://www.oas.org/es/sla/ddi/docs/tratados_multilaterales_suspencion_garantias_Peru_nota_No_7-5-M-137-2024.pdf,DECRETO SUPREMO N* 076-2024,estado de emergencia,Art. 2 Constitución,seguridad/crimen,,nacional,"Internacional- y en cumplimiento con lo establecido en el artículo 27, inciso 3, de la Convención Americana sobre Derechos Humanos, tiene a bien informar que me",14346
Perú,2024-01-31,2024,7-5-M/021 y Nota No. 7-5-M/022 con sus respectivos anexos,notif_oea_art27,,http://www.oas.org/es/sla/ddi/docs/tratados_multilaterales_suspencion_garantias_Peru_nota_No_7-5-M-140-2024.pdf,Decreto Supremo N* 078-2024,estado de emergencia,Art. 2 Constitución,seguridad/crimen,,nacional,"Internacional- y en cumplimiento con lo establecido en el artículo 27, inciso 3, de la Convención Americana sobre Derechos Humanos, tiene a bien informar que me",16099
Perú,2024-02-01,2024,7-5-M/024,notif_oea_art27,,http://www.oas.org/es/sla/ddi/docs/tratados_multilaterales_suspencion_garantias_Peru_nota_No_7-5-M-139-2024.pdf,Decreto Supremo N* 079-2024,estado de emergencia,Art. 2 Constitución,seguridad/crimen,,nacional,"Internacional- y en cumplimiento con lo establecido en el artículo 27, inciso 3, de la Convención Americana sobre Derechos Humanos, tiene a bien informar que me",15790
Chile,2024-02-06,2024,18-24,notif_oea_art27,,http://www.oas.org/es/sla/ddi/docs/tratados_multilaterales_suspencion_garantias_Chile_nota_No_69-24.pdf,,estado de excepción,Art. 42 Constitución,seguridad/crimen,,,"Internacional- y, de conformidad lo dispuesto en el artículo 27 de la Convención Americana sobre Derechos Humanos, tiene a bien informar lo siguiente: Según fu",6395
Perú,2024-02-07,2024,7-5-M/030,notif_oea_art27,,http://www.oas.org/es/sla/ddi/docs/tratados_multilaterales_suspencion_garantias_Peru_nota_No_7-5-M-141-2024.pdf,DECRETO SUPREMO N* 081-2024,estado de emergencia,Art. 2 Constitución,,,,"Internacional- y en cumplimiento con lo establecido en el artículo 27, inciso 3, de la Convención Americana sobre Derechos Humanos, tiene a bien informar que me",21357
Perú,2024-02-14,2024,7-5-M/033 y Nota No. 7-5-M/034 con sus respectivos anexos,notif_oea_art27,,http://www.oas.org/es/sla/ddi/docs/tratados_multilaterales_suspencion_garantias_Peru_nota_No_7-5-M-148-2024.pdf,Decreto Legislativo N* 1095,estado de emergencia,Art. 2 Constitución,seguridad/crimen,,nacional,"Internacional- y en cumplimiento con lo establecido en el artículo 27, inciso 3, de la Convención Americana sobre Derechos Humanos, tiene a bien informar que me",15803
El Salvador,2024-02-22,2024,MPOEA - OEA-024/2024,notif_oea_art27,,http://www.oas.org/es/sla/ddi/docs/tratados_multilaterales_suspencion_garantias_El_Salvador_nota_No_024-2024.pdf,Decreto Legislativo No.333,régimen de excepción,,seguridad/crimen; seguridad estado,,,"Internacional, en ocasión de hacer referencia a la comunicación MPOEA-OEA-034/2022 de fecha 27 de marzo de 2022, mediante la cual se notificó que la Asamblea Le",9784
Perú,2024-03-06,2024,7-5-M/044 y Nota No. 7-5-M/045 con sus respectivos anexos,notif_oea_art27,,http://www.oas.org/es/sla/ddi/docs/tratados_multilaterales_suspencion_garantias_Peru_nota_No_7-5-M-147-2024.pdf,Decreto Supremo N* 019-2024,estado de emergencia,Art. 2 Constitución,seguridad/crimen,,nacional,"Internacional- y en cumplimiento con lo establecido en el artículo 27, inciso 3, de la Convención Americana sobre Derechos Humanos, tiene a bien informar que me",16563
Chile,2024-03-07,2024,69-24,notif_oea_art27,,http://www.oas.org/es/sla/ddi/docs/tratados_multilaterales_suspencion_garantias_Chile_nota_No_110-24.pdf,,estado de excepción,Art. 41 Constitución,,30,"subnacional: Marga Marga y Valparaiso de la Región de Valparaíso por un término de 30 días, es","Internacional- y, de conformidad lo dispuesto en el artículo 27 de la Convención Americana sobre Derechos Humanos, tiene a bien informar lo siguiente: Según fu",5109
Ecuador,2024-03-08,2024,4-2-051/2024,notif_oea_art27,,http://www.oas.org/es/sla/ddi/docs/tratados_multilaterales_suspencion_garantias_Ecuador_nota_No_4-2-051-2024.pdf,Decreto Ejecutivo N* 193,estado de excepción,Art. 3 Constitución,seguridad/crimen; orden público,,nacional,"Internacional, y en cumplimiento con lo establecido en el artículo 27, inciso 3, de la Convención Americana de Derechos Humanos, informa que el Gobierno del Ecu",10643
El Salvador,2024-03-19,2024,MPOEA - OEA-038/2024,notif_oea_art27,,http://www.oas.org/es/sla/ddi/docs/tratados_multilaterales_suspencion_garantias_El_Salvador_nota_No_038-2024.pdf,Decreto Legislativo No.333,régimen de excepción,,seguridad/crimen,,,"Internacional, en ocasión de hacer referencia a la comunicación MPOEA-OEA-034/2022 de fecha 27 de marzo de 2022, mediante la cual se notificó que la Asamblea Le",9735
Perú,2024-04-04,2024,7-5-M/064,notif_oea_art27,,http://www.oas.org/es/sla/ddi/docs/tratados_multilaterales_suspencion_garantias_Peru_nota_No_7-5-M-146-2024.pdf,Decreto Supremo N* 083-2024,estado de emergencia,Art. 2 Constitución,seguridad/crimen,,nacional,"Internacional- y en cumplimiento con lo establecido en el artículo 27, inciso 3, de la Convención Americana sobre Derechos Humanos, tiene a bien informar que me",15009
Perú,2024-04-16,2024,7-5-M/074,notif_oea_art27,,http://www.oas.org/es/sla/ddi/docs/tratados_multilaterales_suspencion_garantias_Peru_nota_No_7-5-M-145-2024.pdf,Decreto Supremo N* 086-2024,estado de emergencia,Art. 2 Constitución,seguridad/crimen,,nacional,"Internacional- y en cumplimiento con lo establecido en el artículo 27, inciso 3, de la Convención Americana sobre Derechos Humanos, tiene a bien informar que me",23684
Perú,2024-04-18,2024,7-5-M/077,notif_oea_art27,,http://www.oas.org/es/sla/ddi/docs/tratados_multilaterales_suspencion_garantias_Peru_nota_No_7-5-M-164-2024.pdf,DECRETO DE URGENCIA N* 027-2009,estado de emergencia,Art. 2 Constitución,seguridad/crimen,,nacional,"Internacional- y en cumplimiento con lo establecido en el artículo 27, inciso 3, de la Convención Americana sobre Derechos Humanos, tiene a bien informar que me",22601
Ecuador,2024-04-22,2024,4-2-090/2024,notif_oea_art27,,http://www.oas.org/es/sla/ddi/docs/tratados_multilaterales_suspencion_garantias_Ecuador_nota_No_4-2-090-2024.pdf,Decreto Ejecutivo N* 229,estado de excepción,Art. 141 Constitución,orden público,,nacional,"Internacional, y en cumplimiento con lo establecido en el artículo 27, inciso 3, de la Convención Interamericana de Derechos Humanos, informa que el Gobierno de",8878
El Salvador,2024-04-24,2024,MPOEA - OEA-065/2024,notif_oea_art27,,http://www.oas.org/es/sla/ddi/docs/tratados_multilaterales_suspencion_garantias_El_Salvador_nota_No_065-2024.pdf,Decreto Legislativo No.333,régimen de excepción,Art. 30 Constitución,seguridad/crimen,,,"Internacional, en ocasión de hacer referencia a la comunicación MPOEA-OEA-034/2022 de fecha 27 de marzo de 2022, mediante la cual se notificó que la Asamblea Le",13839
Ecuador,2024-05-02,2024,4-2-098/2024,notif_oea_art27,,http://www.oas.org/es/sla/ddi/docs/tratados_multilaterales_suspencion_garantias_Ecuador_nota_No_4-2-098-2024.pdf,Decreto Ejecutivo N* 250,estado de excepción,Art. 3 Constitución,seguridad/crimen; seguridad estado,,nacional,"Internacional - y en cumplimiento"" con lo establecido en el artículo 27, inciso 3, de la Convención Interamericana de Derechos Humanos, informa que el Gobierno",14268
Perú,2024-05-03,2024,7-5-M/089 y Nota No. 7-5-M/090 con sus respectivos anexos,notif_oea_art27,,http://www.oas.org/es/sla/ddi/docs/tratados_multilaterales_suspencion_garantias_Peru_nota_No_7-5-M-169-2024.pdf,Decreto Supremo N*003-2024,estado de emergencia,Art. 2 Constitución,seguridad/crimen,,nacional,"Internacional- y en cumplimiento con lo establecido en el artículo 27, inciso 3, de la Convención Americana sobre Derechos Humanos, tiene a bien informar que me",15804
Chile,2024-05-03,2024,109-24 y Nota No. 110-24,notif_oea_art27,,http://www.oas.org/es/sla/ddi/docs/tratados_multilaterales_suspencion_garantias_Chile_nota_No_109-24.pdf,decreto supremo N*189,estado de excepción,Art. 42 Constitución,seguridad/crimen,,,"Internacional- y, de conformidad lo dispuesto en el artículo 27 de la Convención Americana sobre Derechos Humanos, informa lo siguiente: Según fuera informado",5851
El Salvador,2024-05-20,2024,MPOEA - OEA-075/2024,notif_oea_art27,,http://www.oas.org/es/sla/ddi/docs/tratados_multilaterales_suspencion_garantias_El_Salvador_nota_No_075-2024.pdf,Decreto Legislativo No.333,régimen de excepción,,seguridad/crimen,,,"Internacional, en ocasión de hacer referencia a la comunicación MPOEA-OEA-034/2022 de fecha 27 de marzo de 2022, mediante la cual se notificó que la Asamblea Le",8945
Ecuador,2024-05-23,2024,4-2-104/2024,notif_oea_art27,,http://www.oas.org/es/sla/ddi/docs/tratados_multilaterales_suspencion_garantias_Ecuador_nota_No_4-2-104-2024.pdf,Decreto Ejecutivo No 275,estado de excepción,Art. 165 Constitución,seguridad/crimen; orden público; seguridad estado,,"subnacional: Guayas, El Oro, Santa Elena, Manabí, Sucumbios, Orellana, Los Ríos y en el","Internacional, y en cumplimiento con lo establecido en el artículo 27, inciso 3, de la Convención Interamericana de Derechos Humanos, informa que el Gobierno de",8952
Perú,2024-06-03,2024,7-5-M/103 con su respectivo anexo,notif_oea_art27,,http://www.oas.org/es/sla/ddi/docs/tratados_multilaterales_suspencion_garantias_Peru_nota_No_7-5-M-172-2024.pdf,Decreto Supremo N* 091-2024,estado de emergencia,Art. 2 Constitución,seguridad/crimen,,nacional,"Internacional- y en cumplimiento con lo establecido en el artículo 27, inciso 3, de la Convención Americana sobre Derechos Humanos, tiene a bien informar que me",16372
Perú,2024-06-05,2024,7-5-M/105 con su respectivo anexo,notif_oea_art27,,http://www.oas.org/es/sla/ddi/docs/tratados_multilaterales_suspencion_garantias_Peru_nota_No_7-5-M-171-2024.pdf,Decreto Legislativo N* 1186,estado de emergencia,Art. 2 Constitución,seguridad/crimen,,nacional,"Internacional- y en cumplimiento con lo establecido en el artículo 27, inciso 3, de la Convención Americana sobre Derechos Humanos, tiene a bien informar que me",23957
Perú,2024-06-06,2024,7-5-M/106 con su respectivo anexo,notif_oea_art27,,http://www.oas.org/es/sla/ddi/docs/tratados_multilaterales_suspencion_garantias_Peru_nota_No_7-5-M-170-2024.pdf,Decreto Supremo N* 093-2024,estado de emergencia,Art. 2 Constitución,seguridad/crimen,,nacional,"Internacional- y en cumplimiento con lo establecido en el artículo 27, inciso 3, de la Convención Americana sobre Derechos Humanos, tiene a bien informar que me",15734
Perú,2024-06-11,2024,7-5-M/111,notif_oea_art27,,http://www.oas.org/es/sla/ddi/docs/tratados_multilaterales_suspencion_garantias_Peru_nota_No_7-5-M-183-2024.pdf,Decreto Legislativo N 1186,estado de emergencia,Art. 2 Constitución,seguridad/crimen,,nacional,"Internacional- y en cumplimiento con lo establecido en el artículo 27, inciso 3, de la Convención Americana sobre Derechos Humanos, tiene a bien informar que me",21125
El Salvador,2024-06-25,2024,MPOEA - OEA-102/2024,notif_oea_art27,,http://www.oas.org/es/sla/ddi/docs/tratados_multilaterales_suspencion_garantias_El_Salvador_nota_No_102-2024.pdf,Decreto Legislativo No.333,régimen de excepción,Art. 30 Constitución,,,,"Internacional, en ocasión de hacer referencia a la comunicación MPOEA-OEA-034/2022 de fecha 27 de marzo de 2022, mediante la cual se notificó que la Asamblea Le",8152
Ecuador,2024-07-03,2024,4-2-130/2024,notif_oea_art27,,http://www.oas.org/es/sla/ddi/docs/tratados_multilaterales_suspencion_garantias_Ecuador_nota_No_4-2-130-2024.pdf,Decreto Ejecutivo No 318,estado de excepción,Art. 3 Constitución,desastre/salud; seguridad/crimen; orden público,,nacional,"Internacional, y en cumplimiento con lo establecido en el artículo 27, Inciso 3, de la Convención Interamericana de Derechos Humanos, informa que el Gobierno de",11383
Chile,2024-07-08,2024,160-24,notif_oea_art27,,http://www.oas.org/es/sla/ddi/docs/tratados_multilaterales_suspencion_garantias_Chile_nota_No_160-24.pdf,decreto supremo N*189,estado de excepción,Art. 42 Constitución,seguridad/crimen,,,"Internacional- y, de conformidad lo dispuesto en el artículo 27 de la Convención Americana sobre Derechos Humanos, tiene a bien informar lo siguiente: Según fu",5721
Perú,2024-07-09,2024,7-5-M/125 y Nota No. 7-5-M/126 con sus respectivos anexos,notif_oea_art27,,http://www.oas.org/es/sla/ddi/docs/tratados_multilaterales_suspencion_garantias_Peru_nota_No_7-5-M-185-2024.pdf,Decreto Supremo N* 101-2024,estado de emergencia,Art. 2 Constitución,seguridad/crimen; seguridad estado,,nacional,"Internacional- y en cumplimiento con lo establecido en el artículo 27, inciso 3, de la Convención Americana sobre Derechos Humanos, tiene a bien informar que me",23315
Perú,2024-07-15,2024,7-5-M/127,notif_oea_art27,,http://www.oas.org/es/sla/ddi/docs/tratados_multilaterales_suspencion_garantias_Peru_nota_No_7-5-M-190-2024.pdf,DECRETO SUPREMO N* 103-2024,estado de emergencia,Art. 2 Constitución,seguridad/crimen,,nacional,"Internacional- y, en cumplimiento con lo establecido en el artículo 27, inciso 3, de la Convención Americana sobre Derechos Humanos, tiene a bien informar que m",16090
El Salvador,2024-07-19,2024,MPOEA - OEA-124/2024,notif_oea_art27,,http://www.oas.org/es/sla/ddi/docs/tratados_multilaterales_suspencion_garantias_El_Salvador_nota_No_124-2024.pdf,Decreto Legislativo No.333,régimen de excepción,,seguridad/crimen,,,"Internacional, en ocasión de hacer referencia a la comunicación MPOEA-OEA-034/2022 de fecha 27 de marzo de 2022, mediante la cual se notificó que la Asamblea Le",8392
Perú,2024-08-01,2024,7-5-M/137 con su respectivo anexo,notif_oea_art27,,http://www.oas.org/es/sla/ddi/docs/tratados_multilaterales_suspencion_garantias_Peru_nota_No_7-5-M-196-2024.pdf,Decreto Supremo N* 107-2024,estado de emergencia,Art. 2 Constitución,seguridad/crimen,,nacional,"Internacional- y en cumplimiento con lo establecido en el artículo 27, inciso 3, de la Convención Americana sobre Derechos Humanos, tiene a bien informar que me",17007
Perú,2024-08-02,2024,7-5-M/139 y Nota No. 7-5-M/140 con sus respectivos anexos,notif_oea_art27,,http://www.oas.org/es/sla/ddi/docs/tratados_multilaterales_suspencion_garantias_Peru_nota_No_7-5-M-195-2024.pdf,Decreto Supremo N* 106-2024,estado de emergencia,Art. 2 Constitución,seguridad/crimen,,nacional,"Internacional- y en cumplimiento con lo establecido en el artículo 27, inciso 3, de la Convención Americana sobre Derechos Humanos, tiene a bien informar que me",21478
Perú,2024-08-06,2024,7-5-M/141 con su respectivo anexo,notif_oea_art27,,http://www.oas.org/es/sla/ddi/docs/tratados_multilaterales_suspencion_garantias_Peru_nota_No_7-5-M-194-2024.pdf,Decreto Supremo N* 108-2024,estado de emergencia,Art. 2 Constitución,seguridad/crimen,,nacional,"Internacional- y en cumplimiento con lo establecido en el artículo 27, inciso 3, de la Convención Americana sobre Derechos Humanos, tiene a bien informar que me",16821
Perú,2024-08-12,2024,7-5-M/145,notif_oea_art27,,http://www.oas.org/es/sla/ddi/docs/tratados_multilaterales_suspencion_garantias_Peru_nota_No_7-5-M-193-2024.pdf,DECRETO SUPREMO N* 109-2024,estado de emergencia,Art. 2 Constitución,seguridad/crimen,,nacional,"Internacional- y en cumplimiento con lo establecido en el artículo 27, inciso 3, de la Convención Americana sobre Derechos Humanos, tiene a bien informar que me",15883
Ecuador,2024-08-12,2024,4-2-160/2024,notif_oea_art27,,http://www.oas.org/es/sla/ddi/docs/tratados_multilaterales_suspencion_garantias_Ecuador_nota_No_4-2-160-2024.pdf,Decreto Ejecutivo N* 318,estado de excepción,Art. 3 Constitución,desastre/salud; seguridad/crimen; orden público,,nacional,"Internacional, y en cumplimiento con lo establecido en el artículo 27, inciso 3, de la Convención Interamericana de Derechos Humanos, informa que el Gobierno de",12029
El Salvador,2024-08-20,2024,MPOEA - OEA-138/2024,notif_oea_art27,,http://www.oas.org/es/sla/ddi/docs/tratados_multilaterales_suspencion_garantias_El_Salvador_nota_No_138-2024.pdf,Decreto Legislativo No.333,régimen de excepción,Art. 30 Constitución,seguridad/crimen,,,"Internacional, en ocasión de hacer referencia a la comunicación MPOEA-OEA-034/2022 de fecha 27 de marzo de 2022, mediante la cual se notificó que la Asamblea Le",11034
Perú,2024-09-03,2024,7-5-M/164 con su respectivo anexo,notif_oea_art27,,http://www.oas.org/es/sla/ddi/docs/tratados_multilaterales_suspencion_garantias_Peru_nota_No_7-5-M-206-2024.pdf,Decreto Supremo N* 115-2024,estado de emergencia,Art. 2 Constitución,seguridad/crimen,,nacional,"Internacional- y en cumplimiento con lo establecido en el artículo 27, inciso 3, de la Convención Americana sobre Derechos Humanos, tiene a bien informar que me",15739
Ecuador,2024-09-03,2024,4-2-172/2024,notif_oea_art27,,http://www.oas.org/es/sla/ddi/docs/tratados_multilaterales_suspencion_garantias_Ecuador_nota_No_4-2-172-2024.pdf,Decreto Ejecutivo N* 377,estado de excepción,Art. 3 Constitución,desastre/salud; seguridad/crimen; orden público,,nacional,"Internacional, y en cumplimiento con to establecido en el artículo 27, Inciso 3, de la Convención Americana de Derechos Humanos, informa que el Gobierno del Ecu",9125
Perú,2024-09-05,2024,7-5-M/169 con su respectivo anexo,notif_oea_art27,,http://www.oas.org/es/sla/ddi/docs/tratados_multilaterales_suspencion_garantias_Peru_nota_No_7-5-M-210-2024.pdf,Decreto Legislativo N* 1095,estado de emergencia,Art. 2 Constitución,seguridad/crimen,,nacional,"Internacional- y, en cumplimiento con lo establecido en el artículo 27, inciso 3, de la Convención Americana sobre Derechos Humanos, tiene a bien informar que m",22497
Perú,2024-09-09,2024,7-5-M/170,notif_oea_art27,,http://www.oas.org/es/sla/ddi/docs/tratados_multilaterales_suspencion_garantias_Peru_nota_No_7-5-M-209-2024.pdf,DECRETO SUPREMO N* 119-2024,estado de emergencia,Art. 2 Constitución,seguridad/crimen,,nacional,"Internacional- y, en cumplimiento con lo establecido en el artículo 27, inciso 3, de la Convención Americana sobre Derechos Humanos, informa que mediante Decret",16439
Chile,2024-09-12,2024,207-24,notif_oea_art27,,http://www.oas.org/es/sla/ddi/docs/tratados_multilaterales_suspencion_garantias_Chile_nota_No_207-24.pdf,decreto supremo N*189,estado de excepción,Art. 42 Constitución,seguridad/crimen,,,"Internacional- y, de conformidad lo dispuesto en el artículo 27 de la Convención Americana sobre Derechos Humanos, tiene a bien informar lo siguiente: Según fu",5703
El Salvador,2024-09-17,2024,MPOEA - OEA-151/2024,notif_oea_art27,,http://www.oas.org/es/sla/ddi/docs/tratados_multilaterales_suspencion_garantias_El_Salvador_nota_No_151-2024.pdf,Decreto Legislativo No.333,régimen de excepción,Art. 30 Constitución,seguridad/crimen,,,"Internacional, en ocasión de hacer referencia a la comunicación MPOEA-0EA-034/2022 de fecha 27 de marzo de 2022, mediante la cual se notificó que la Asamblea Le",13640
Perú,2024-09-30,2024,7-5-M/183 con su respectivo anexo,notif_oea_art27,,http://www.oas.org/es/sla/ddi/docs/tratados_multilaterales_suspencion_garantias_Peru_nota_No_7-5-M-219-2024.pdf,Decreto Supremo N* 019-2024,estado de emergencia,Art. 2 Constitución,seguridad/crimen,,nacional,"Internacional- y en cumplimiento con lo establecido en el artículo 27, inciso 3, de la Convención Americana sobre Derechos Humanos, tiene a bien informar que me",16086
Perú,2024-10-02,2024,7-5-M/185 con su respectivo anexo,notif_oea_art27,,http://www.oas.org/es/sla/ddi/docs/tratados_multilaterales_suspencion_garantias_Peru_nota_No_7-5-M-218-2024.pdf,Decreto Supremo N* 121-2024,estado de emergencia,Art. 2 Constitución,seguridad/crimen,,nacional,"Internacional- y en cumplimiento con lo establecido en el artículo 27, inciso 3, de la Convención Americana sobre Derechos Humanos, tiene a bien informar que me",23910
Ecuador,2024-10-03,2024,4-2-194/2024,notif_oea_art27,,http://www.oas.org/es/sla/ddi/docs/tratados_multilaterales_suspencion_garantias_Ecuador_nota_No_4-2-194-2024.pdf,Decreto Ejecutivo N* 410,estado de excepción,Art. 3 Constitución,desastre/salud; seguridad/crimen; orden público,,nacional,"Internacional, y en cumplimiento con lo establecido en el artículo 27, Inciso 3, de la Convención Americana de Derechos Humanos, informa que el Gobierno del Ecu",8921
Perú,2024-10-04,2024,7-5-M/190 con su respectivo anexo,notif_oea_art27,,http://www.oas.org/es/sla/ddi/docs/tratados_multilaterales_suspencion_garantias_Peru_nota_No_7-5-M-217-2024.pdf,Decreto Supremo N* 122-2024,estado de emergencia,Art. 2 Constitución,seguridad/crimen,,nacional,"Internacional- y en cumplimiento con lo establecido en el artículo 27, inciso 3, de la Convención Americana sobre Derechos Humanos, tiene a bien informar que me",15764
Perú,2024-10-11,2024,7-5-M/193,notif_oea_art27,,http://www.oas.org/es/sla/ddi/docs/tratados_multilaterales_suspencion_garantias_Peru_nota_No_7-5-M-222-2024.pdf,Decreto Supremo N* 126-2024,estado de emergencia,Art. 2 Constitución,seguridad/crimen,,nacional,"Internacional- y en cumplimiento con lo establecido en el artículo 27, inciso 3, de la Convención Americana sobre Derechos Humanos, tiene a bien informar que me",16791
El Salvador,2024-10-21,2024,MPOEA - OEA-166/2024,notif_oea_art27,,http://www.oas.org/es/sla/ddi/docs/tratados_multilaterales_suspencion_garantias_El_Salvador_nota_No_166-2024.pdf,Decreto Legislativo No.333,régimen de excepción,Art. 30 Constitución,seguridad/crimen,,,"Internacional, en ocasión de hacer referencia a la comunicación MPOEA-OFA-034/2022 de fecha 27 de marzo de 2022, mediante la cual se notificó que la Asamblea Le",11234
Perú,2024-10-25,2024,7-5-M/206 con su respectivo anexo,notif_oea_art27,,http://www.oas.org/es/sla/ddi/docs/tratados_multilaterales_suspencion_garantias_Peru_nota_No_7-5-M-233-2024.pdf,Decreto Supremo N* 100-2024,estado de emergencia,Art. 2 Constitución,seguridad/crimen,,nacional,"Internacional- y en cumplimiento con lo establecido en el artículo 27, inciso 3, de la Convención Americana sobre Derechos Humanos, tiene a bien informar que me",15447
Perú,2024-11-01,2024,7-5-M/209 y Nota No. 7-5-M/210 con sus respectivos anexos,notif_oea_art27,,http://www.oas.org/es/sla/ddi/docs/tratados_multilaterales_suspencion_garantias_Peru_nota_No_7-5-M-224-2024.pdf,Decreto Supremo N* 132-2024,estado de emergencia,Art. 2 Constitución,seguridad/crimen,,nacional,"Internacional- y en cumplimiento con lo establecido en el artículo 27, inciso 3, de la Convención Americana sobre Derechos Humanos, tiene a bien informar que me",15161
Chile,2024-11-06,2024,236-24,notif_oea_art27,,http://www.oas.org/es/sla/ddi/docs/tratados_multilaterales_suspencion_garantias_Chile_nota_No_236-24.pdf,decreto supremo N*189,estado de excepción,Art. 42 Constitución,seguridad/crimen,,,"Internacional- de la OEA y, de conformidad lo dispuesto en el artículo 27 de la Convención Americana sobre Derechos Humanos, informa lo siguiente: Según fuera",5633
Perú,2024-11-09,2024,7-5-M/217,notif_oea_art27,,http://www.oas.org/es/sla/ddi/docs/tratados_multilaterales_suspencion_garantias_Peru_nota_No_7-5-M-227-2024.pdf,Decreto Supremo N* 133-2024,estado de emergencia,Art. 2 Constitución,seguridad/crimen,,nacional,"Internacional- y en cumplimiento con lo establecido en el artículo 27, inciso 3, de la Convención Americana sobre Derechos Humanos, tiene a bien informar que me",21929
El Salvador,2024-11-18,2024,MPOEA - OEA-181/2024,notif_oea_art27,,http://www.oas.org/es/sla/ddi/docs/tratados_multilaterales_suspencion_garantias_El_Salvador_nota_No_181-2024.pdf,Decreto Legislativo No.333,régimen de excepción,,seguridad/crimen,,,"Internacional, en ocasión de hacer referencia a la comunicación MPOEA-OEA-034/2022 de fecha 27 de marzo de 2022, mediante la cual se notificó que la Asamblea Le",10187
Perú,2024-11-25,2024,7-5-M/222 con su respectivo anexo,notif_oea_art27,,http://www.oas.org/es/sla/ddi/docs/tratados_multilaterales_suspencion_garantias_Peru_nota_No_7-5-M-234-2024.pdf,Decreto Supremo N* 135-2024,estado de emergencia,Art. 2 Constitución,seguridad/crimen,,nacional,"Internacional- y en cumplimiento con lo establecido en el artículo 27, inciso 3, de la Convención Americana sobre Derechos Humanos, tiene a bien informar que me",22975
Perú,2024-11-28,2024,7-5-M/233 con su respectivo anexo,notif_oea_art27,,http://www.oas.org/es/sla/ddi/docs/tratados_multilaterales_suspencion_garantias_Peru_nota_No_7-5-M-235-2024.pdf,Decreto Supremo N* 019-2024,estado de emergencia,Art. 2 Constitución,seguridad/crimen,,nacional,"Internacional- y en cumplimiento con lo establecido en el artículo 27, inciso 3, de la Convención Americana sobre Derechos Humanos, tiene a bien informar que me",16466
Perú,2024-12-02,2024,7-5-M/224 con su respectivo anexo,notif_oea_art27,,http://www.oas.org/es/sla/ddi/docs/tratados_multilaterales_suspencion_garantias_Peru_nota_No_7-5-M-239-2024.pdf,Decreto Legislativo N* 1186,estado de emergencia,Art. 2 Constitución,seguridad/crimen,,nacional,"Internacional- y en cumplimiento con lo establecido en el artículo 27, inciso 3, de la Convención Americana sobre Derechos Humanos, tiene a bien informar que me",23249
Perú,2024-12-03,2024,7-5-M/227 con su respectivo anexo,notif_oea_art27,,http://www.oas.org/es/sla/ddi/docs/tratados_multilaterales_suspencion_garantias_Peru_nota_No_7-5-M-238-2024.pdf,Decreto Legislativo N* 1266,estado de emergencia,Art. 2 Constitución,seguridad/crimen,,nacional,"Internacional- y en cumplimiento con lo establecido en el artículo 27, inciso 3, de la Convención Americana sobre Derechos Humanos, tiene a bien informar que me",24222
Perú,2024-12-11,2024,7-5-M/235 con su respectivo anexo,notif_oea_art27,,http://www.oas.org/es/sla/ddi/docs/tratados_multilaterales_suspencion_garantias_Peru_nota_No_7-5-M-247-2024.pdf,Decreto Supremo N* 147-2024,estado de emergencia,Art. 2 Constitución,seguridad/crimen; seguridad estado,,nacional,"Internacional- y en cumplimiento con lo establecido en el artículo 27, inciso 3, de la Convención Americana sobre Derechos Humanos, tiene a bien informar que me",15639
Perú,2024-12-11,2024,7-5-M/234 con su respectivo anexo,notif_oea_art27,,http://www.oas.org/es/sla/ddi/docs/tratados_multilaterales_suspencion_garantias_Peru_nota_No_7-5-M-237-2024.pdf,Decreto Supremo N* 138-2024,estado de emergencia,Art. 2 Constitución,seguridad/crimen,,nacional,"Internacional- y en cumplimiento con lo establecido en el artículo 27, inciso 3, de la Convención Americana sobre Derechos Humanos, tiene a bien informar que me",15958
Perú,2024-12-12,2024,7-5-M/237,notif_oea_art27,,http://www.oas.org/es/sla/ddi/docs/tratados_multilaterales_suspencion_garantias_Peru_nota_No_7-5-M-246-2024.pdf,Decreto Supremo N* 146-2024,estado de emergencia,Art. 2 Constitución,seguridad/crimen,,nacional,"Internacional- y en cumplimiento con lo establecido en el artículo 27, inciso 3, de la Convención Americana sobre Derechos Humanos, tiene a bien informar que me",16501
El Salvador,2024-12-23,2024,MPOEA - OEA-191/2024,notif_oea_art27,,http://www.oas.org/es/sla/ddi/docs/tratados_multilaterales_suspencion_garantias_El_Salvador_nota_No_191-2024.pdf,Decreto Legislativo No.333,régimen de excepción,Art. 30 Constitución,seguridad/crimen,,nacional,"Internacional, en ocasión de hacer referencia a la comunicación MPOEA-OEA-034/2022 de fecha 27 de marzo de 2022, mediante la cual se notificó que la Asamblea Le",11511
Perú,2024-12-27,2024,7-5-M/245,notif_oea_art27,,http://www.oas.org/es/sla/ddi/docs/tratados_multilaterales_suspencion_garantias_Peru_nota_No_7-5-M-245-2024.pdf,Decreto Supremo N* 145-2024,estado de emergencia,Art. 2 Constitución,seguridad/crimen,,nacional,"Internacional- y en cumplimiento con lo establecido en el artículo 27, inciso 3, de la Convención Americana sobre Derechos Humanos, tiene a bien informar que me",17357
Ecuador,2025-01-03,2025,4-2-002/2025,notif_oea_art27,,http://www.oas.org/es/sla/ddi/docs/tratados_multilaterales_suspencion_garantias_Ecuador_nota_No_4-2-249-2025.pdf,Decreto Ejecutivo No. 174,estado de excepción,Art. 3 Constitución,desastre/salud; seguridad/crimen; orden público,,nacional,"Internacional- y en cumplimiento de lo establecido en el artículo 27, inciso 3, de la Convención Americana sobre Derechos Humanos, tiene a honra informar que, m",9044
Chile,2025-01-08,2025,01-25,notif_oea_art27,,http://www.oas.org/es/sla/ddi/docs/tratados_multilaterales_suspencion_garantias_Chile_nota_No_01-25.pdf,decreto supremo N*189,estado de excepción,Art. 42 Constitución,seguridad/crimen,,,"Internacional- y, de conformidad lo dispuesto en el artículo 27 de la Convención Americana sobre Derechos Humanos, tiene a bien informar lo siguiente: Según f",5742
El Salvador,2025-01-16,2025,MPOEA - OEA-006/2025,notif_oea_art27,,http://www.oas.org/es/sla/ddi/docs/tratados_multilaterales_suspencion_garantias_El_Salvador_nota_No_012-2025.pdf,Decreto Legislativo No.333,régimen de excepción,Art. 30 Constitución,seguridad/crimen,,nacional,"Internacional, en ocasión de hacer referencia a la comunicación MPOEA-0EA-034/2022 de fecha 27 de marzo de 2022, mediante la cual se notificó que la Asamblea Le",10445
Colombia,2025-01-24,2025,7-5-M/020 y Nota No. 7-5-M/021 con sus respectivos anexos,notif_oea_art27,,http://www.oas.org/es/sla/ddi/docs/tratados_multilaterales_suspencion_garantias_Colombia_nota_MPC-OEA-No-076-2025.pdf,,estado de excepción,Art. 213 Constitución,seguridad/crimen; orden público; seguridad estado,,,"Humanos, la Misión Permanente de Colombia ante la Organización de Estados Americanos se permite informar a la Secretaría General sobre la declaratoria de Estado",12068
El Salvador,2025-02-14,2025,MPOEA - OEA-012/2025,notif_oea_art27,,http://www.oas.org/es/sla/ddi/docs/tratados_multilaterales_suspencion_garantias_El_Salvador_nota_No_019-2025.pdf,Decreto Legislativo No.333,régimen de excepción,Art. 30 Constitución,seguridad/crimen,,nacional,"Internacional, en ocasión de hacer referencia a la comunicación MPOEA-OEA-034/2022 de fecha 27 de marzo de 2022, mediante la cual se notificó que la Asamblea Le",11867
Chile,2025-02-14,2025,21-25,notif_oea_art27,,http://www.oas.org/es/sla/ddi/docs/tratados_multilaterales_suspencion_garantias_Chile_nota_No_21-25.pdf,decreto supremo N*189,estado de excepción,Art. 42 Constitución,seguridad/crimen,,,"Internacional— y, de conformidad lo dispuesto en el artículo 27 de la Convención Americana sobre Derechos Humanos, tiene a bien informar lo siguiente: Según fue",6949
Colombia,2025-02-14,2025,MPC/OEA/ No.169.1/2025,notif_oea_art27,,http://www.oas.org/es/sla/ddi/docs/tratados_multilaterales_suspencion_garantias_Colombia_nota_No_169.1-2025.pdf,,conmoción interior,Art. 213 Constitución,orden público,,,"Humanos, el artículo 213 de la Constitución Política y el artículo 34 de la Ley 137 de 1994, el Gobierno Nacional ha expedido las siguientes normas en el marco",8341
Chile,2025-02-18,2025,22-25,notif_oea_art27,,http://www.oas.org/es/sla/ddi/docs/tratados_multilaterales_suspencion_garantias_Chile_nota_No_22-25.pdf,decreto supremo N*52,estado de excepción,Art. 41 Constitución,,15,,"Internacional- y, de conformidad lo dispuesto en el artículo 27 de la Convención Americana sobre Derechos Humanos, tiene a bien informar lo siguiente: De acuerd",5534
Colombia,2025-02-19,2025,MPC/OEA/ No.244/2025,notif_oea_art27,,http://www.oas.org/es/sla/ddi/docs/tratados_multilaterales_suspencion_garantias_Colombia_nota_No_244-2025.pdf,,conmoción interior,Art. 213 Constitución,seguridad/crimen; orden público,,"subnacional: Sardinata y Tibú; así mismo, que, desde","Humanos, el artículo 213 de la Constitución Política y el artículo 34 de la Ley 137 de 1994, se permite informar que en el marco de la declaratoria del estado d",9134
Perú,2025-02-24,2025,7-5-M/048 con su respectivo anexo,notif_oea_art27,,http://www.oas.org/es/sla/ddi/docs/tratados_multilaterales_suspencion_garantias_Peru_nota_No_7-5-M-121-2025.pdf,Decreto Supremo N.2077-2025,estado de emergencia,Art. 2 Constitución,seguridad/crimen,,nacional,"Internacional- y en cumplimiento con lo establecido en el artículo 27, inciso 3, de la Convención Americana sobre Derechos Humanos, tiene a bien informar que me",23247
Chile,2025-02-27,2025,27-25,notif_oea_art27,,http://www.oas.org/es/sla/ddi/docs/tratados_multilaterales_suspencion_garantias_Chile_nota_No_27-25.pdf,decreto supremo N*66,estado de excepción,Art. 41 Constitución,,,"subnacional: Arica y Parinacota, Tarapacá, Antofagasta, Atacama, Coquimbo, Valparaíso,","Internacional- y, de conformidad lo dispuesto en el artículo 27 de la Convención Americana sobre Derechos Humanos, tiene a bien informar lo siguiente: : De acu",5606
Perú,2025-03-03,2025,7-5-M/057 con su respectivo anexo,notif_oea_art27,,http://www.oas.org/es/sla/ddi/docs/tratados_multilaterales_suspencion_garantias_Peru_nota_No_7-5-M-126-2025.pdf,Decreto Supremo N.*082-2025,estado de emergencia,Art. 2 Constitución,seguridad/crimen,,nacional,"Internacional- y en cumplimiento con lo establecido en el artículo 27, inciso 3, de la Convención Americana sobre Derechos Humanos, tiene a bien informar que me",23228
Perú,2025-03-06,2025,7-5-M/064 con su respectivo anexo,notif_oea_art27,,http://www.oas.org/es/sla/ddi/docs/tratados_multilaterales_suspencion_garantias_Peru_nota_No_7-5-M-127-2025.pdf,DECRETO SUPREMO N* 083-2025,estado de emergencia,Art. 2 Constitución,seguridad/crimen,,nacional,"Internacional- y en cumplimiento con lo establecido en el artículo 27, inciso 3, de la Convención Americana sobre Derechos Humanos, tiene a bien informar que me",16214
Perú,2025-03-20,2025,7-5-M/078 con su respectivo anexo,notif_oea_art27,,http://www.oas.org/es/sla/ddi/docs/tratados_multilaterales_suspencion_garantias_Peru_nota_No_7-5-M-135-2025.pdf,Decreto Supremo N.2085-2025,estado de emergencia,Art. 2 Constitución,seguridad/crimen,,nacional,"Internacional- y en cumplimiento con lo establecido en el artículo 27, inciso 3, de la Convención Americana sobre Derechos Humanos, tiene a bien informar que me",21413
Perú,2025-03-25,2025,7-5-M/081 con su respectivo anexo,notif_oea_art27,,http://www.oas.org/es/sla/ddi/docs/tratados_multilaterales_suspencion_garantias_Peru_nota_No_7-5-M-140-2025.pdf,Decreto Supremo N.*087-2025,estado de emergencia,Art. 2 Constitución,seguridad/crimen,,nacional,"Internacional- y en cumplimiento con lo establecido en el artículo 27, inciso 3, de la Convención Americana sobre Derechos Humanos, tiene a bien informar que me",16219
Colombia,2025-04-02,2025,MPC/OEA/ No.488/2025,notif_oea_art27,,http://www.oas.org/es/sla/ddi/docs/tratados_multilaterales_suspencion_garantias_Colombia_nota_No_488-2025.pdf,,,,,,,,0
Perú,2025-04-14,2025,7-5-M/095 con su respectivo anexo,notif_oea_art27,,http://www.oas.org/es/sla/ddi/docs/tratados_multilaterales_suspencion_garantias_Peru_nota_No_7-5-M-148-2025.pdf,Decreto Supremo N.*092-2025,estado de emergencia,Art. 2 Constitución,seguridad/crimen,,nacional,"Internacional- y en cumplimiento con lo establecido en el artículo 27, inciso 3, de la Convención Americana sobre Derechos Humanos, tiene a bien informar que me",15814
El Salvador,2025-04-14,2025,MPOEA - OEA-028/2025,notif_oea_art27,,http://www.oas.org/es/sla/ddi/docs/tratados_multilaterales_suspencion_garantias_El_Salvador_nota_No_028-2025.pdf,Decreto Legislativo No.333,régimen de excepción,Art. 30 Constitución,seguridad/crimen,,nacional,"Internacional, en ocasión de hacer referencia a la comunicación MPOEA-0EA-034/2022 de fecha 27 de marzo de 2022, mediante la cual se notificó que la Asamblea Le",12590
Colombia,2025-04-14,2025,MPC/OEA/ No.583/2025,notif_oea_art27,,http://www.oas.org/es/sla/ddi/docs/tratados_multilaterales_suspencion_garantias_Colombia_nota_No_583-2025.pdf,DECRETO No. 0433,conmoción interior,Art. 213 Constitución,seguridad/crimen; orden público,,,"Humanos, el artículo 213 de la Constitución Política, el artículo 34 de la Ley 137 de 1994 y la declaratoria del estado de conmoción interior conforme al Decret",9259
Ecuador,2025-04-15,2025,4-2-073/2025,notif_oea_art27,,http://www.oas.org/es/sla/ddi/docs/tratados_multilaterales_suspencion_garantias_Ecuador_nota_No_4-2-287-2025.pdf,Decreto Ejecutivo No. 202,estado de excepción,Art. 3 Constitución,desastre/salud; seguridad/crimen; orden público,,nacional,"Internacional- y en cumplimiento de lo establecido en el artículo 27, inciso 3, de la Convención Americana sobre Derechos Humanos, tiene a honra informar que, m",8833
El Salvador,2025-04-20,2025,MPOEA - OEA-039/2025,notif_oea_art27,,http://www.oas.org/es/sla/ddi/docs/tratados_multilaterales_suspencion_garantias_El_Salvador_nota_No_039-2025.pdf,Decreto Legislativo No.333,régimen de excepción,Art. 30 Constitución,seguridad/crimen,,nacional,"Internacional, en ocasión de hacer referencia a la comunicación MPOEA-OEA-034/2022 de fecha 27 de marzo de 2022, mediante la cual se notificó que la Asamblea Le",11420
Perú,2025-04-22,2025,7-5-M/099 con su respectivo anexo,notif_oea_art27,,http://www.oas.org/es/sla/ddi/docs/tratados_multilaterales_suspencion_garantias_Peru_nota_No_7-5-M-147-2025.pdf,Decreto Supremo N* 073-2025,estado de emergencia,Art. 2 Constitución,seguridad/crimen,,nacional,"Internacional- y en cumplimiento con lo establecido en el artículo 27, inciso 3, de la Convención Americana sobre Derechos Humanos, tiene a bien informar que me",24168
Colombia,2025-04-24,2025,MPC/OEA/ No.656/2025,notif_oea_art27,,http://www.oas.org/es/sla/ddi/docs/tratados_multilaterales_suspencion_garantias_Colombia_nota_No_656-2025.pdf,,conmoción interior,Art. 213 Constitución,seguridad/crimen; orden público,,,"Humanos, el artículo 213 de la Constitución Política, el artículo 34 de la Ley 137 de 1994, el Gobierno Nacional expidió el Decreto 0467 del 23 de abril de 2025",9226
Perú,2025-05-07,2025,,notif_oea_art27,,http://www.oas.org/es/sla/ddi/docs/tratados_multilaterales_suspencion_garantias_Peru_nota_No_7-5-M-146-2025.pdf,Decreto Supremo N.*090-2025,estado de emergencia,Art. 2 Constitución,seguridad/crimen,,nacional,"Internacional- y en cumplimiento con lo establecido en el artículo 27, inciso 3, de la Convención Americana sobre Derechos Humanos, tiene a bien informar que me",16617
Perú,2025-05-12,2025,7-5-M/110 con su respectivo anexo,notif_oea_art27,,http://www.oas.org/es/sla/ddi/docs/tratados_multilaterales_suspencion_garantias_Peru_nota_No_7-5-M-153-2025.pdf,,,,,,,,0
Perú,2025-05-13,2025,,notif_oea_art27,,http://www.oas.org/es/sla/ddi/docs/tratados_multilaterales_suspencion_garantias_Peru_nota_No_7-5-M-156-2025.pdf,Decreto Legislativo N* 1186,estado de emergencia,Art. 2 Constitución,seguridad/crimen,,nacional,"Internacional- y, en cumplimiento con lo establecido en el artículo 27, inciso 3, de la Convención Americana sobre Derechos Humanos, tiene a bien informar que m",17861
Perú,2025-05-20,2025,7-5-M/114 con su respectivo anexo,notif_oea_art27,,http://www.oas.org/es/sla/ddi/docs/tratados_multilaterales_suspencion_garantias_Peru_nota_No_7-5-M-155-2025.pdf,DECRETO SUPREMO N* 095-2025,estado de emergencia,Art. 2 Constitución,seguridad/crimen; orden público,,nacional,"Internacional- y, en cumplimiento con lo establecido en el artículo 27, inciso 3, de la Convención Americana sobre Derechos Humanos, tiene a bien informar que m",16436
Perú,2025-05-23,2025,7-5-M/115 con su respectivo anexo,notif_oea_art27,,http://www.oas.org/es/sla/ddi/docs/tratados_multilaterales_suspencion_garantias_Peru_nota_No_7-5-M-161-2025.pdf,Decreto Supremo N.*100-2025,estado de emergencia,Art. 2 Constitución,seguridad/crimen,,nacional,"Internacional- y en cumplimiento con lo establecido en el artículo 27, inciso 3, de la Convención Americana sobre Derechos Humanos, tiene a bien informar que me",15776
Perú,2025-05-29,2025,7-5-M/117 con su respectivo anexo,notif_oea_art27,,http://www.oas.org/es/sla/ddi/docs/tratados_multilaterales_suspencion_garantias_Peru_nota_No_7-5-M-160-2025.pdf,Decreto Supremo N.2099-2025,estado de emergencia,Art. 2 Constitución,seguridad/crimen,,nacional,"Internacional- y en cumplimiento con lo establecido en el artículo 27, inciso 3, de la Convención Americana sobre Derechos Humanos, tiene a bien informar que me",23647
Perú,2025-05-30,2025,7-5-M/118 con su respectivo anexo,notif_oea_art27,,http://www.oas.org/es/sla/ddi/docs/tratados_multilaterales_suspencion_garantias_Peru_nota_No_7-5-M-159-2025.pdf,Decreto Supremo N.*101-2025,estado de emergencia,Art. 2 Constitución,seguridad/crimen,,nacional,"Internacional- y en cumplimiento con lo establecido en el artículo 27, inciso 3, de la Convención Americana sobre Derechos Humanos, tiene a bien informar que me",24260
Chile,2025-05-30,2025,92-25,notif_oea_art27,,http://www.oas.org/es/sla/ddi/docs/tratados_multilaterales_suspencion_garantias_Chile_nota_No_92-25.pdf,decreto supremo N*189,estado de excepción,Art. 42 Constitución,seguridad/crimen,30,,"Internacional- y, de conformidad lo dispuesto en el artículo 27 de la Convención Americana sobre Derechos Humanos, tiene a bien informar lo siguiente: Según fu",6305
Perú,2025-06-04,2025,7-5-M/119 con su respectivo anexo,notif_oea_art27,,http://www.oas.org/es/sla/ddi/docs/tratados_multilaterales_suspencion_garantias_Peru_nota_No_7-5-M-168-2025.pdf,Decreto Supremo N.*104-2025,estado de emergencia,Art. 2 Constitución,seguridad/crimen,,nacional,"Internacional - y en cumplimiento con lo establecido en el artículo 27, inciso 3, de la Convención Americana sobre Derechos Humanos, tiene a bien informar que m",18720
Perú,2025-06-09,2025,7-5-M/121 y Nota No. 7-5-M/122,notif_oea_art27,,http://www.oas.org/es/sla/ddi/docs/tratados_multilaterales_suspencion_garantias_Peru_nota_No_7-5-M-179-2025.pdf,Decreto Supremo N.2111-2025,estado de emergencia,Art. 2 Constitución,seguridad/crimen,,nacional,"Internacional- y en cumplimiento con lo establecido en el artículo 27, inciso 3, de la Convención Americana sobre Derechos Humanos, tiene a bien informar que me",21812
Perú,2025-06-17,2025,7-5-M/127 con su respectivo anexo,notif_oea_art27,,http://www.oas.org/es/sla/ddi/docs/tratados_multilaterales_suspencion_garantias_Peru_nota_No_7-5-M-191-2025.pdf,,,,,,,,0
Perú,2025-06-17,2025,7-5-M/126 con su respectivo anexo,notif_oea_art27,,http://www.oas.org/es/sla/ddi/docs/tratados_multilaterales_suspencion_garantias_Peru_nota_No_7-5-M-181-2025.pdf,Decreto Supremo N*114-2025,estado de emergencia,Art. 2 Constitución,seguridad/crimen,,nacional,"Internacional- y en cumplimiento con lo establecido en el artículo 27, inciso 3, de la Convención Americana sobre Derechos Humanos, tiene a bien informar que me",16563
El Salvador,2025-06-23,2025,MPOEA - OEA-059/2025,notif_oea_art27,,http://www.oas.org/es/sla/ddi/docs/tratados_multilaterales_suspencion_garantias_El_Salvador_nota_No_059-2025.pdf,Decreto Legislativo No.333,régimen de excepción,Art. 30 Constitución,seguridad/crimen,,nacional,"Internacional, en ocasión de hacer referencia a la comunicación MPOEA-OEA-034/2022 de fecha 27 de marzo de 2022, mediante la cual se notificó que la Asamblea Le",11960
Perú,2025-06-24,2025,7-5-M/135 con su respectivo anexo,notif_oea_art27,,http://www.oas.org/es/sla/ddi/docs/tratados_multilaterales_suspencion_garantias_Peru_nota_No_7-5-M-194-2025.pdf,Decreto Supremo N*118-2025,estado de emergencia,Art. 2 Constitución,seguridad/crimen,,nacional,"Internacional- y en cumplimiento con lo establecido en el artículo 27, inciso 3, de la Convención Americana sobre Derechos Humanos, tiene a bien informar que me",22266
Panamá,2025-06-24,2025,NV-PANA-OEA-2-248 con su respectivo anexo,notif_oea_art27,,http://www.oas.org/es/sla/ddi/docs/tratados_multilaterales_suspencion_garantias_Panama_nota_No_2-248-2025.pdf,Decreto Ejecutivo N* 49,,Art. 17 Constitución,seguridad/crimen; orden público; seguridad estado,,,"Internacional de la OEA- en ocasión de remitir el Decreto de Gabinete N*27 de 20 de junio de 2025, en cumplimiento con lo establecido en el artículo 27, inciso",11451
Panamá,2025-06-26,2025,NV-PANA-OEA-2-257 con su respectivo anexo,notif_oea_art27,,http://www.oas.org/es/sla/ddi/docs/tratados_multilaterales_suspencion_garantias_Panama_nota_No_2-257-2025.pdf,,,Art. 55 Constitución,orden público,,,"Internacional de la OEA- en ocasión de remitir el Decreto de Gabinete N*28 de 24 de junio de 2025, en cumplimiento con lo establecido en el artículo 27, inciso",5745
El Salvador,2025-06-29,2025,MPOEA - OEA-074/2025,notif_oea_art27,,http://www.oas.org/es/sla/ddi/docs/tratados_multilaterales_suspencion_garantias_El_Salvador_nota_No_074-2025.pdf,Decreto Legislativo No.333,régimen de excepción,Art. 30 Constitución,seguridad/crimen,,nacional,"Internacional, en ocasión de hacer referencia a la comunicación MPOEA-OEA-034/2022 de fecha 27 de marzo de 2022, mediante la cual se notificó que la Asamblea Le",12650
Perú,2025-07-01,2025,7-5-M/140 con su respectivo anexo,notif_oea_art27,,http://www.oas.org/es/sla/ddi/docs/tratados_multilaterales_suspencion_garantias_Peru_nota_No_7-5-M-197-2025.pdf,Decreto Supremo N*121-2025,estado de emergencia,Art. 2 Constitución,seguridad/crimen; orden público,,nacional,"Internacional- y en cumplimiento con lo establecido en el artículo 27, inciso 3, de la Convención Americana sobre Derechos Humanos, tiene a bien informar que me",23630
Perú,2025-07-07,2025,7-5-M/146,notif_oea_art27,,http://www.oas.org/es/sla/ddi/docs/tratados_multilaterales_suspencion_garantias_Peru_nota_No_7-5-M-196-2025.pdf,Decreto Supremo N*023-2023,estado de emergencia,Art. 2 Constitución,seguridad/crimen,,nacional,"Internacional- y en cumplimiento con lo establecido en el artículo 27, inciso 3, de la Convención Americana sobre Derechos Humanos, tiene a bien informar que me",16139
Perú,2025-07-22,2025,7-5-M/153 con su respectivo anexo,notif_oea_art27,,http://www.oas.org/es/sla/ddi/docs/tratados_multilaterales_suspencion_garantias_Peru_nota_No_7-5-M-206-2025.pdf,,estado de excepción,Art. 2 Constitución,desastre/salud; seguridad/crimen; orden público,,nacional,"Internacional- y en cumplimiento con lo establecido en el artículo 27, inciso 3, de la Convención Americana sobre Derechos Humanos, tiene a bien informar que me",9615
Perú,2025-07-28,2025,7-5-M/155 y Nota No. 7-5-M/156,notif_oea_art27,,http://www.oas.org/es/sla/ddi/docs/tratados_multilaterales_suspencion_garantias_Peru_nota_No_7-5-M-211-2025.pdf,DECRETO SUPREMO N* 123-2025,estado de emergencia,Art. 2 Constitución,seguridad/crimen,,nacional,"Internacional - y en cumplimiento con lo establecido en el artículo 27, inciso 3, de la Convención Americana sobre Derechos Humanos, tiene a bien informar que m",23113
Perú,2025-08-01,2025,7-5-M/159,notif_oea_art27,,http://www.oas.org/es/sla/ddi/docs/tratados_multilaterales_suspencion_garantias_Peru_nota_No_7-5-M-216-2025.pdf,Decreto Legislativo N* 1266,estado de emergencia,Art. 2 Constitución,seguridad/crimen,,nacional,"Internacional - y en cumplimiento con lo establecido en el artículo 27, inciso 3, de la Convención Americana sobre Derechos Humanos, tiene a bien informar que m",24490
Perú,2025-08-14,2025,7-5-M/168 con su respectivo anexo,notif_oea_art27,,http://www.oas.org/es/sla/ddi/docs/tratados_multilaterales_suspencion_garantias_Peru_nota_No_7-5-M-239-2025.pdf,DECRETO SUPREMO N* 132-2025,estado de emergencia,Art. 2 Constitución,seguridad/crimen,,nacional,"Internacional - y en cumplimiento con lo establecido en el artículo 27, inciso 3, de la Convención Americana sobre Derechos Humanos, tiene a bien informar que m",22678
El Salvador,2025-08-19,2025,MPOEA - OEA-091/2025,notif_oea_art27,,http://www.oas.org/es/sla/ddi/docs/tratados_multilaterales_suspencion_garantias_El_Salvador_nota_No_091-2025.pdf,Decreto Legislativo No.333,régimen de excepción,,seguridad/crimen,,nacional,"Internacional, en ocasión de hacer referencia a la comunicación MPOEA-0EA-034/2022 de fecha 27 de marzo de 2022, mediante la cual se notificó que la Asamblea Le",10186
Perú,2025-09-02,2025,7-5-M/179 con su respectivo anexo,notif_oea_art27,,http://www.oas.org/es/sla/ddi/docs/tratados_multilaterales_suspencion_garantias_Peru_nota_No_7-5-M-238-2025.pdf,Decreto Supremo N.*130-2025,estado de emergencia,Art. 2 Constitución,seguridad/crimen,,nacional,"Internacional- y en cumplimiento con lo establecido en el artículo 27, inciso 3, de la Convención Americana sobre Derechos Humanos, tiene a bien informar que me",24639
Perú,2025-09-05,2025,7-5-M/181 con su respectivo anexo,notif_oea_art27,,http://www.oas.org/es/sla/ddi/docs/tratados_multilaterales_suspencion_garantias_Peru_nota_No_7-5-M-237-2025.pdf,Decreto Supremo N.131-2025,estado de emergencia,Art. 2 Constitución,seguridad/crimen,,nacional,"Internacional- y en cumplimiento con lo establecido en el artículo 27, inciso 3, de la Convención Americana sobre Derechos Humanos, tiene a bien informar que me",24055
Chile,2025-09-08,2025,205-25,notif_oea_art27,,http://www.oas.org/es/sla/ddi/docs/tratados_multilaterales_suspencion_garantias_Chile_nota_No_205-25.pdf,decreto supremo N*189,estado de excepción,Art. 42 Constitución,seguridad/crimen,30,,"Internacional- y, de conformidad lo dispuesto en el artículo 27 de la Convención Americana sobre Derechos Humanos, tiene a bien informar lo siguiente: Según f",5764
Perú,2025-09-23,2025,7-5-M/191 con su respectivo anexo,notif_oea_art27,,http://www.oas.org/es/sla/ddi/docs/tratados_multilaterales_suspencion_garantias_Peru_nota_No_7-5-M-244-2025.pdf,Decreto Supremo N.*133-2025,estado de emergencia,Art. 2 Constitución,seguridad/crimen,,nacional,"Internacional- y en cumplimiento con lo establecido en el artículo 27, inciso 3, de la Convención Americana sobre Derechos Humanos, tiene a bien informar que me",21829
Perú,2025-09-24,2025,7-5-M/194 con su respectivo anexo,notif_oea_art27,,http://www.oas.org/es/sla/ddi/docs/tratados_multilaterales_suspencion_garantias_Peru_nota_No_7-5-M-252-2025.pdf,Decreto Supremo N.*139-2025,estado de emergencia,Art. 2 Constitución,seguridad/crimen; seguridad estado,,nacional,"Internacional- y en cumplimiento con lo establecido en el artículo 27, inciso 3, de la Convención Americana sobre Derechos Humanos, tiene a bien informar que me",23749
El Salvador,2025-09-24,2025,MPOEA - OEA-114/2025,notif_oea_art27,,http://www.oas.org/es/sla/ddi/docs/tratados_multilaterales_suspencion_garantias_El_Salvador_nota_No_114-2025.pdf,Decreto Legislativo No.333,régimen de excepción,Art. 30 Constitución,seguridad/crimen,,nacional,"Internacional, en ocasión de hacer referencia a la comunicación MPOEA-OFA-034/2022 de fecha 27 de marzo de 2022, mediante la cual se notificó que la Asamblea Le",11265
Perú,2025-09-26,2025,7-5-M/196 y Nota No. 7-5-M/197,notif_oea_art27,,http://www.oas.org/es/sla/ddi/docs/tratados_multilaterales_suspencion_garantias_Peru_nota_No_7-5-M-251-2025.pdf,Decreto Supremo N.*138-2025,estado de emergencia,Art. 2 Constitución,seguridad/crimen; seguridad estado,,nacional,"Internacional- y en cumplimiento con lo establecido en el artículo 27, inciso 3, de la Convención Americana sobre Derechos Humanos, tiene a bien informar que me",24664
Perú,2025-10-07,2025,7-5-M/206 con su respectivo anexo,notif_oea_art27,,http://www.oas.org/es/sla/ddi/docs/tratados_multilaterales_suspencion_garantias_Peru_nota_No_7-5-M-250-2025.pdf,DECRETO SUPREMO N* 137-2025,estado de emergencia,Art. 2 Constitución,seguridad/crimen,,nacional,"Internacional- y en cumplimiento con lo establecido en el artículo 27, inciso 3, de la Convención Americana sobre Derechos Humanos, tiene a bien informar que me",24294
Perú,2025-10-14,2025,7-5-M/211 con su respectivo anexo,notif_oea_art27,,http://www.oas.org/es/sla/ddi/docs/tratados_multilaterales_suspencion_garantias_Peru_nota_No_7-5-M-249-2025.pdf,Decreto Supremo N.*136-2025,estado de emergencia,Art. 2 Constitución,seguridad/crimen,,nacional,"Internacional- y en cumplimiento con lo establecido en el artículo 27, inciso 3, de la Convención Americana sobre Derechos Humanos, tiene a bien informar que me",30672
El Salvador,2025-10-22,2025,MPOEA - OEA-134/2025,notif_oea_art27,,http://www.oas.org/es/sla/ddi/docs/tratados_multilaterales_suspencion_garantias_El_Salvador_nota_No_134-2025.pdf,Decreto Legislativo No.333,régimen de excepción,Art. 30 Constitución,seguridad/crimen,,nacional,"Internacional, en ocasión de hacer referencia a la comunicación MPOEA-OEA-034/2022 de fecha 27 de marzo de 2022, mediante la cual se notificó que la Asamblea Le",11583
Perú,2025-10-23,2025,7-5-M/216 con su respectivo anexo,notif_oea_art27,,http://www.oas.org/es/sla/ddi/docs/tratados_multilaterales_suspencion_garantias_Peru_nota_No_7-5-M-256-2025.pdf,Decreto Legislativo N.* 1095,estado de emergencia,Art. 2 Constitución,seguridad/crimen,,nacional,"Internacional- y en cumplimiento con lo establecido en el artículo 27, inciso 3, de la Convención Americana sobre Derechos Humanos, tiene a bien informar que me",18542
Chile,2025-11-12,2025,286-25,notif_oea_art27,,http://www.oas.org/es/sla/ddi/docs/tratados_multilaterales_suspencion_garantias_Chile_nota_No_286-25.pdf,decreto supremo N*189,estado de excepción,Art. 42 Constitución,seguridad/crimen,,,"Internacional— y, de conformidad con lo dispuesto en el artículo 27 de la Convención Americana sobre Derechos Humanos, tiene a bien informar lo siguiente: Segú",5828
Perú,2025-11-21,2025,7-5-M/238 y Nota No. 7-5-M/239,notif_oea_art27,,http://www.oas.org/es/sla/ddi/docs/tratados_multilaterales_suspencion_garantias_Peru_nota_No_7-5-M-255-2025.pdf,Decreto Supremo N* 143-2025,estado de emergencia,Art. 2 Constitución,seguridad/crimen,,nacional,"Internacional- y en cumplimiento con lo establecido en el artículo 27, inciso 3, de la Convención Americana sobre Derechos Humanos, tiene a bien informar que me",25396
Perú,2025-11-24,2025,7-5-M/237 con su respectivo anexo,notif_oea_art27,,http://www.oas.org/es/sla/ddi/docs/tratados_multilaterales_suspencion_garantias_Peru_nota_No_7-5-M-001-2026.pdf,Decreto Supremo N.* 146-2025,estado de emergencia,Art. 2 Constitución,seguridad/crimen,,nacional,"Internacional- y en cumplimiento con lo establecido en el artículo 27, inciso 3, de la Convención Americana sobre Derechos Humanos, tiene a bien informar que me",24923
Perú,2025-11-26,2025,7-5-M/244 con su respectivo anexo,notif_oea_art27,,http://www.oas.org/es/sla/ddi/docs/tratados_multilaterales_suspencion_garantias_Peru_nota_No_7-5-M-010-2026.pdf,Decreto Legislativo N* 1186,estado de emergencia,Art. 2 Constitución,seguridad/crimen,,nacional,"Internacional- y en cumplimiento con lo establecido en el artículo 27, inciso 3, de la Convención Americana sobre Derechos Humanos, tiene a bien informar que me",20497
El Salvador,2025-11-26,2025,MPOEA - OEA-152/2025,notif_oea_art27,,http://www.oas.org/es/sla/ddi/docs/tratados_multilaterales_suspencion_garantias_El_Salvador_nota_No_152-2025.pdf,Decreto Legislativo No.333,régimen de excepción,Art. 30 Constitución,seguridad/crimen,,nacional,"Internacional, en ocasión de hacer referencia a la comunicación MPOEA-0EA-034/2022 de fecha 27 de marzo de 2022, mediante la cual se notificó que la Asamblea Le",11324
Perú,2025-12-17,2025,7-5-M/249,notif_oea_art27,,http://www.oas.org/es/sla/ddi/docs/tratados_multilaterales_suspencion_garantias_Peru_nota_No_7-5-M-030-2026.pdf,Decreto Supremo N.* 012-2026,estado de emergencia,Art. 2 Constitución,seguridad/crimen; seguridad estado,,nacional,"Internacional- y, en cumplimiento de lo establecido en el artículo 27, inciso 3, de la Convención Americana sobre Derechos Humanos, tiene a bien informar que, m",21229
Colombia,2025-12-23,2025,MPC/OEA No.2075/2025,notif_oea_art27,,http://www.oas.org/es/sla/ddi/docs/tratados_multilaterales_suspencion_garantias_Colombia_nota_No_2075-2025.pdf,,estado de emergencia,Art. 213 Constitución,,,nacional,fundamentales y la prestación de unos servicios públicos esenciales,10087
Perú,2025-12-24,2025,7-5-M/255,notif_oea_art27,,http://www.oas.org/es/sla/ddi/docs/tratados_multilaterales_suspencion_garantias_Peru_nota_No_7-5-M-028-2026.pdf,Decreto Legislativo N* 1266,estado de emergencia,Art. 2 Constitución,seguridad/crimen,,nacional,"Internacional- y, en cumplimiento de lo establecido en el artículo 27, inciso 3, de la Convención Americana sobre Derechos Humanos, tiene a bien informar que, m",26192
El Salvador,2025-12-26,2025,MPOEA - OEA-165/2025,notif_oea_art27,,http://www.oas.org/es/sla/ddi/docs/tratados_multilaterales_suspencion_garantias_El_Salvador_nota_No_165-2025.pdf,Decreto Legislativo No.333,régimen de excepción,Art. 30 Constitución,seguridad/crimen,,nacional,"Internacional, en ocasión de hacer referencia a la comunicación MPOEA-OEA-034/2022 de fecha 27 de marzo de 2022, mediante la cual se notificó que la Asamblea Le",11420
Colombia,2025-12-31,2025,MPC/OEA No.2106/2025,notif_oea_art27,,http://www.oas.org/es/sla/ddi/docs/tratados_multilaterales_suspencion_garantias_Colombia_nota_No_2106-2025.pdf,,estado de emergencia,Art. 213 Constitución,desastre/salud; seguridad/crimen; seguridad estado,,nacional,"Humanos, el artículo 213 de la Constitución Política, la ley 137 de 1994 y la Declaratoria del estado de emergencia económica y social conforme al Decreto 1390",8820
Ecuador,2026-01-05,2026,4-2-1/2026,notif_oea_art27,,http://www.oas.org/es/sla/ddi/docs/tratados_multilaterales_suspencion_garantias_Ecuador_nota_No_4-2-1-2026.pdf,Decreto Ejecutivo No. 277,estado de excepción,Art. 5 Constitución,desastre/salud; seguridad/crimen; orden público,,nacional,"Internacional — y, en cumplimiento con lo establecido en el artículo 27, inciso 3, de la Convención Americana de Derechos Humanos, tiene a honra remitir para su",12007
Perú,2026-01-05,2026,7-5-M/001 con su respectivo anexo,notif_oea_art27,,http://www.oas.org/es/sla/ddi/docs/tratados_multilaterales_suspencion_garantias_Peru_nota_No_7-5-M-029-2026.pdf,DECRETO SUPREMO N* 013-2026,estado de emergencia,Art. 2 Constitución,seguridad/crimen,,,"Internacional- y en cumplimiento con lo establecido en el artículo 27, inciso 3, de la Convención Americana sobre Derechos Humanos, tiene a bien informar que me",22529
Chile,2026-01-05,2026,3-26,notif_oea_art27,,http://www.oas.org/es/sla/ddi/docs/tratados_multilaterales_suspencion_garantias_Chile_nota_No_3-26.pdf,decreto supremo N*189,estado de excepción,Art. 42 Constitución,seguridad/crimen,,,"Internacional- y, de conformidad con lo dispuesto en el artículo 27 de la Convención Americana sobre Derechos Humanos, tiene a bien informar lo siguiente: Segú",5838
Perú,2026-01-12,2026,7-5-M/010 con su respectivo anexo,notif_oea_art27,,http://www.oas.org/es/sla/ddi/docs/tratados_multilaterales_suspencion_garantias_Peru_nota_No_7-5-M-033-2026.pdf,DECRETO SUPREMO N* 015-2026,estado de emergencia,Art. 2 Constitución,seguridad/crimen,,nacional,"Internacional- y, en cumplimiento de lo establecido en el artículo 27, inciso 3, de la Convención Americana sobre Derechos Humanos, tiene a bien informar que, m",23588
Chile,2026-01-20,2026,11-26,notif_oea_art27,,http://www.oas.org/es/sla/ddi/docs/tratados_multilaterales_suspencion_garantias_Chile_nota_No_11-26.pdf,,estado de excepción,Art. 41 Constitución,,30,,"Internacional— y, de conformidad con lo dispuesto en el artículo 27 de la Convención Americana sobre Derechos Humanos, tiene a bien informar lo siguiente: De a",5684
Guatemala,2026-01-20,2026,,notif_oea_art27,,http://www.oas.org/es/sla/ddi/docs/tratados_multilaterales_suspencion_garantias_Guatemala_nota_OEA-M4-NV-05-2026.pdf,,,,,,,,0
El Salvador,2026-01-23,2026,MPOEA - OEA-02/2026,notif_oea_art27,,http://www.oas.org/es/sla/ddi/docs/tratados_multilaterales_suspencion_garantias_El_Salvador_nota_No_02-2026.pdf,Decreto Legislativo No.333,régimen de excepción,Art. 30 Constitución,seguridad/crimen,,,"“ Internacional, en ocasión de hacer referencia a la comunicación MPOEA-OFA-034/2022 de fecha 27 de marzo de 2022, mediante la cual se notificó que la Asamblea",7834
Perú,2026-01-30,2026,7-5-M/029,notif_oea_art27,,http://www.oas.org/es/sla/ddi/docs/tratados_multilaterales_suspencion_garantias_Peru_nota_No_7-5-M-051-2026.pdf,Decreto Supremo N.* 027-2026,estado de emergencia,Art. 2 Constitución,seguridad/crimen,,nacional,"Internacional- y en cumplimiento con lo establecido en el artículo 27, inciso 3, de la Convención Americana sobre Derechos Humanos, tiene a bien informar que me",25356
Perú,2026-01-30,2026,7-5-M/028,notif_oea_art27,,http://www.oas.org/es/sla/ddi/docs/tratados_multilaterales_suspencion_garantias_Peru_nota_No_7-5-M-036-2026.pdf,Decreto Legislativo N* 1214,estado de emergencia,Art. 2 Constitución,seguridad/crimen,,,"Internacional- y, en cumplimiento de lo establecido en el artículo 27, inciso 3, de la Convención Americana sobre Derechos Humanos, tiene a bien informar que, m",22280
Colombia,2026-01-30,2026,MPC/OEA No. 116/2026,notif_oea_art27,,http://www.oas.org/es/sla/ddi/docs/tratados_multilaterales_suspencion_garantias_Colombia_nota_No_116-2026.pdf,,estado de emergencia,Art. 215 Constitución,,,nacional,"Humanos, el artículo 215 de la Constitución Política, la Ley 137 de 1994 y la declaratoria del estado de emergencia económica y social, conforme al Decreto 1390",8458
Perú,2026-02-04,2026,7-5-M/033 con su respectivo anexo,notif_oea_art27,,http://www.oas.org/es/sla/ddi/docs/tratados_multilaterales_suspencion_garantias_Peru_nota_No_7-5-M-055-2026.pdf,Decreto Legislativo N* 1266,estado de emergencia,Art. 2 Constitución,seguridad/crimen,,,"Internacional- y en cumplimiento con lo establecido en el artículo 27, inciso 3, de la Convención Americana sobre Derechos Humanos, tiene a bien informar que me",23266
Perú,2026-02-12,2026,7-5-M/036 con su respectivo anexo,notif_oea_art27,,http://www.oas.org/es/sla/ddi/docs/tratados_multilaterales_suspencion_garantias_Peru_nota_No_7-5-M-059-2026.pdf,Decreto Supremo N. 038-,estado de emergencia,Art. 2 Constitución,seguridad/crimen,,nacional,"Internacional- y en cumplimiento con lo establecido en el artículo 27, inciso 3, de la Convención Americana sobre Derechos Humanos, tiene a bien informar que me",24182
Colombia,2026-02-12,2026,MPC/OEA No. 161/2026,notif_oea_art27,,http://www.oas.org/es/sla/ddi/docs/tratados_multilaterales_suspencion_garantias_Colombia_nota_No_161-2026.pdf,,estado de emergencia,Art. 215 Constitución,desastre/salud,,,"y garantías que, conforme a lo dispuesto en el inciso segundo del artículo 27 de la Convención Americana sobre Derechos Humanos, no son susceptibles de derogaci",9655
Guatemala,2026-02-17,2026,M4-NV-22-2026,notif_oea_art27,,http://www.oas.org/es/sla/ddi/docs/tratados_multilaterales_suspencion_garantias_Guatemala_nota_No_M4-NV-22-2026.pdf,,estado de sitio,,seguridad/crimen,,nacional,"Civiles y Políticos y de la Convención Americana sobre Derechos Humanos, se realiza la presente notificación al Secretario General de la Organización de los Est",9778
Chile,2026-02-19,2026,33-26,notif_oea_art27,,http://www.oas.org/es/sla/ddi/docs/tratados_multilaterales_suspencion_garantias_Chile_nota_No_33-26.pdf,decreto supremo N*24/26,estado de excepción,Art. 41 Constitución,,30,,"Internacional- y, de conformidad con lo dispuesto en el artículo 27 de la Convención Americana sobre Derechos Humanos, tiene a bien informar lo siguiente: Segú",5827
Colombia,2026-02-27,2026,MPC/OEA No. 218/2026,notif_oea_art27,,http://www.oas.org/es/sla/ddi/docs/tratados_multilaterales_suspencion_garantias_Colombia_nota_No_218-2026.pdf,,estado de emergencia,Art. 215 Constitución,seguridad estado,,"subnacional: Córdoba, Antioquia, La Guajira, Sucre, Bolívar, Cesar,","y garantías que, conforme a lo dispuesto en el inciso segundo del artículo 27 de la Convención Americana sobre Derechos Humanos, no son susceptibles de derogaci",6770
El Salvador,2026-02-28,2026,MPOEA - OEA-017/2026,notif_oea_art27,,http://www.oas.org/es/sla/ddi/docs/tratados_multilaterales_suspencion_garantias_El_Salvador_nota_No_017-2026.pdf,Decreto Legislativo No.333,régimen de excepción,,seguridad/crimen,,nacional,"Internacional, en ocasión de hacer referencia a la comunicación MPOEA-OEA-034/2022 de fecha 27 de marzo de 2022, mediante la cual se notificó que la Asamblea Le",11286
Ecuador,2026-03-03,2026,4-2-43/2026,notif_oea_art27,,http://www.oas.org/es/sla/ddi/docs/tratados_multilaterales_suspencion_garantias_Ecuador_nota_No_4-2-43-2026.pdf,Decreto Ejecutivo No. 311,estado de excepción,Art. 5 Constitución,desastre/salud; seguridad/crimen; orden público,,nacional,"Internacional- y en cumplimiento de lo establecido en el artículo 27, inciso 3, de la Convención Americana sobre Derechos Humanos, tiene a honra informar que, m",15420
Perú,2026-03-04,2026,7-5-M/051 con su respectivo anexo,notif_oea_art27,,http://www.oas.org/es/sla/ddi/docs/tratados_multilaterales_suspencion_garantias_Peru_nota_No_7-5-M-063-2026.pdf,Decreto Legislativo N* 1095,estado de emergencia,Art. 2 Constitución,seguridad/crimen,,nacional,"Internacional- y en cumplimiento con lo establecido en el artículo 27, inciso 3, de la Convención Americana sobre Derechos Humanos, tiene a bien informar que me",20606
Chile,2026-03-05,2026,44-26,notif_oea_art27,,http://www.oas.org/es/sla/ddi/docs/tratados_multilaterales_suspencion_garantias_Chile_nota_No_44-26.pdf,,estado de excepción,Art. 42 Constitución,seguridad/crimen,,subnacional: Arauco y Biobío de la,"Internacional- y, de conformidad con lo dispuesto en el artículo 27 de la Convención Americana sobre Derechos Humanos, tiene a bien informar lo siguiente: Segú",5855
Guatemala,2026-03-05,2026,OEA-M4-NV-039-2026,notif_oea_art27,,http://www.oas.org/es/sla/ddi/docs/tratados_multilaterales_suspencion_garantias_Guatemala_nota_No_M4-NV-039-26.pdf,,estado de sitio,,seguridad/crimen,,nacional,"Civiles y Políticos y de la Convención Americana sobre Derechos Humanos, la presente comunicación se realiza a efecto de notificar al Secretario General de la O",11726
Perú,2026-03-11,2026,7-5-M/055 con su respectivo anexo,notif_oea_art27,,http://www.oas.org/es/sla/ddi/docs/tratados_multilaterales_suspencion_garantias_Peru_nota_No_7-5-M-064-2026.pdf,Decreto Legislativo N* 1266,estado de emergencia,Art. 2 Constitución,seguridad/crimen,,nacional,"Internacional- y en cumplimiento con lo establecido en el artículo 27, inciso 3, de la Convención Americana sobre Derechos Humanos, tiene a bien informar que me",23975
Perú,2026-03-17,2026,7-5-M/059 con su respectivo anexo,notif_oea_art27,,http://www.oas.org/es/sla/ddi/docs/tratados_multilaterales_suspencion_garantias_Peru_nota_No_7-5-M-069-2026.pdf,Decreto Legislativo N* 1266,estado de emergencia,Art. 2 Constitución,seguridad/crimen,,nacional,"Internacional- y en cumplimiento con lo establecido en el artículo 27, inciso 3, de la Convención Americana sobre Derechos Humanos, tiene a bien informar que me",30223
Ecuador,2026-03-18,2026,4-2-62/2026,notif_oea_art27,,http://www.oas.org/es/sla/ddi/docs/tratados_multilaterales_suspencion_garantias_Ecuador_nota_No_4-2-62-2026.pdf,Decreto Ejecutivo No. 329,estado de excepción,Art. 5 Constitución,seguridad/crimen; orden público,,,"Internacional- y en cumplimiento de lo establecido en el artículo 27, inciso 3, de la Convención Americana sobre Derechos Humanos, tiene a honra informar que, m",13287
Guatemala,2026-03-20,2026,OEA-M4-NV-057-2026,notif_oea_art27,,http://www.oas.org/es/sla/ddi/docs/tratados_multilaterales_suspencion_garantias_Guatemala_nota_No_M4-NV-057-26.pdf,,estado de prevención,,seguridad/crimen,,"subnacional: Guatemala, Petén, Escuintla, Izabal, San Marcos y Huehuetenango de la República d","Civiles y Políticos y de la Convención Americana sobre Derechos Humanos, la presente comunicación se realiza a efecto de notificar al Secretario General de la O",10010
Ecuador,2026-03-24,2026,4-2-68/2026,notif_oea_art27,,http://www.oas.org/es/sla/ddi/docs/tratados_multilaterales_suspencion_garantias_Ecuador_nota_No_4-2-68-2026.pdf,Decreto Ejecutivo No. 277,estado de excepción,Art. 5 Constitución,seguridad/crimen; orden público,,"subnacional: Guayas, Manabí, Santa Elena, Los Ríos, El Oro, Pichincha, Esmeraldas,","Internacional- y, en cumplimiento de lo establecido en el artículo 27, inciso 3, de la Convención Americana sobre Derechos Humanos, tiene a honra informar que,",13524
Chile,2026-03-26,2026,54-26,notif_oea_art27,,http://www.oas.org/es/sla/ddi/docs/tratados_multilaterales_suspencion_garantias_Chile_nota_No_54-26.pdf,decreto supremo N*24/26,estado de excepción,Art. 41 Constitución,,30,,"Internacional- y, de conformidad con lo dispuesto en el artículo 27 de la Convención Americana sobre Derechos Humanos, tiene a bien informar lo siguiente: Segú",6099
Perú,2026-03-30,2026,7-5-M/063 con sus respectivos anexos,notif_oea_art27,,http://www.oas.org/es/sla/ddi/docs/tratados_multilaterales_suspencion_garantias_Peru_nota_No_7-5-M-074-2026.pdf,Decreto Supremo N.* 052-,estado de emergencia,Art. 2 Constitución,seguridad/crimen,,nacional,"Internacional- y en cumplimiento con lo establecido en el artículo 27, inciso 3, de la Convención Americana sobre Derechos Humanos, tiene a bien informar que me",23147
El Salvador,2026-03-30,2026,MPOEA - OEA-029/2026,notif_oea_art27,,http://www.oas.org/es/sla/ddi/docs/tratados_multilaterales_suspencion_garantias_El_Salvador_nota_No_029-2026.pdf,Decreto Legislativo No.333,régimen de excepción,,,,nacional,"Internacional, en ocasión de hacer referencia a la comunicación MPOEA-OEA-034/2022 de fecha 27 de marzo de 2022, mediante la cual se notificó que la Asamblea Le",10443
Perú,2026-04-01,2026,7-5-M/064 con sus respectivos anexos,notif_oea_art27,,http://www.oas.org/es/sla/ddi/docs/tratados_multilaterales_suspencion_garantias_Peru_nota_No_7-5-M-078-2026.pdf,DECRETO SUPREMO N* 055-2026,estado de emergencia,Art. 2 Constitución,seguridad/crimen,,subnacional: Tambopata y de Manu del,"Internacional- y en cumplimiento con lo establecido en el artículo 27, inciso 3, de la Convención Americana sobre Derechos Humanos, tiene a bien informar que me",24960
Ecuador,2026-04-06,2026,4-2-82/2026,notif_oea_art27,,http://www.oas.org/es/sla/ddi/docs/tratados_multilaterales_suspencion_garantias_Ecuador_nota_No_4-2-82-2026.pdf,Decreto Ejecutivo No. 353,estado de excepción,Art. 5 Constitución,seguridad/crimen; orden público,,nacional,"Internacional- y, en cumplimiento de lo establecido en el artículo 27, inciso 3, de la Convención Americana sobre Derechos Humanos, tiene a honra informar que,",15115
Perú,2026-04-06,2026,7-5-M/069 con sus respectivos anexos,notif_oea_art27,,http://www.oas.org/es/sla/ddi/docs/tratados_multilaterales_suspencion_garantias_Peru_nota_No_7-5-M-091-2026.pdf,Decreto Supremo N. 062-,estado de emergencia,Art. 2 Constitución,seguridad/crimen,,,"Internacional- y en cumplimiento con lo establecido en el artículo 27, inciso 3, de la Convención Americana sobre Derechos Humanos, tiene a bien informar que me",16760
Guatemala,2026-04-09,2026,OEA-M4-NV-069-2026,notif_oea_art27,,http://www.oas.org/es/sla/ddi/docs/tratados_multilaterales_suspencion_garantias_Guatemala_nota_No_M4-NV-069-26.pdf,,estado de prevención,,,,"subnacional: Guatemala, Sacatepéquez, Petén, Escuintla, Izabal","Civiles y Políticos, y de los artículos 7, 15 y 22 de la Convención Americana sobre Derechos Humanos, relativos al Derecho a la Libertad Personal, el Derecho de",8122
Perú,2026-04-14,2026,7-5-M/074 con susrespectivo anexo,notif_oea_art27,,http://www.oas.org/es/sla/ddi/docs/tratados_multilaterales_suspencion_garantias_Peru_nota_No_7-5-M-099-2026.pdf,Decreto Supremo N.*064-2026,estado de emergencia,Art. 2 Constitución,seguridad/crimen,,,"Internacional- y en cumplimiento con lo establecido en el artículo 27, inciso 3, de la Convención Americana sobre Derechos Humanos, tiene a bien informar que me",23192
Perú,2026-04-20,2026,7-5-M/078 con sus respectivos anexos,notif_oea_art27,,http://www.oas.org/es/sla/ddi/docs/tratados_multilaterales_suspencion_garantias_Peru_nota_No_7-5-M-098-2026.pdf,Decreto Supremo N.*063-2026,estado de emergencia,Art. 2 Constitución,seguridad/crimen,,"subnacional: Ayacucho, Cusco y Junín, por el término","Internacional- y en cumplimiento con lo establecido en el artículo 27, inciso 3, de la Convención Americana sobre Derechos Humanos, tiene a bien informar que me",24400
Guatemala,2026-04-22,2026,OEA-M4-NV-079-2026,notif_oea_art27,,http://www.oas.org/es/sla/ddi/docs/tratados_multilaterales_suspencion_garantias_Guatemala_nota_No_M4-NV-079-26.pdf,,estado de prevención,,seguridad/crimen,,"subnacional: Guatemala, Escuintla, Izabal, San Marcos y Huehuetenango de la República de Guate","Civiles y Políticos, y de los artículos 7, 15 y 22 de la Convención Americana sobre Derechos Humanos, relativos al Derecho a la Libertad Personal, el Derecho de",10507
Colombia,2026-04-22,2026,MPC/OEA No. 499/2026,notif_oea_art27,,http://www.oas.org/es/sla/ddi/docs/tratados_multilaterales_suspencion_garantias_Colombia_nota_No_499-2026.pdf,,estado de emergencia,Art. 215 Constitución,,,nacional,"Humanos, lo dispuesto en el artículo 215 de la Constitución Política de Colombia y la Ley 137 de 1994",1519
Perú,2026-04-30,2026,7-5-M/091 con su respectivo anexo,notif_oea_art27,,http://www.oas.org/es/sla/ddi/docs/tratados_multilaterales_suspencion_garantias_Peru_nota_No_7-5-M-105-2026.pdf,Decreto Supremo N. 070-,estado de emergencia,Art. 2 Constitución,seguridad/crimen,,,"Internacional- y en cumplimiento con lo establecido en el artículo 27, inciso 3, de la Convención Americana sobre Derechos Humanos, tiene a bien informar que me",14666
El Salvador,2026-05-01,2026,MPOEA - OEA-037/2026,notif_oea_art27,,http://www.oas.org/es/sla/ddi/docs/tratados_multilaterales_suspencion_garantias_El_Salvador_nota_No_037-2026.pdf,Decreto Legislativo No.333,régimen de excepción,Art. 30 Constitución,seguridad/crimen,,nacional,"Internacional, en ocasión de hacer referencia a la comunicación MPOEA-OEA-034/2022 de fecha 27 de marzo de 2022, mediante la cual se notificó que la Asamblea Le",11180
Guatemala,2026-05-06,2026,OEA-M4-NV-094-2026,notif_oea_art27,,http://www.oas.org/es/sla/ddi/docs/tratados_multilaterales_suspencion_garantias_Guatemala_nota_No_M4-NV-094-26.pdf,,estado de prevención,,,,"subnacional: Guatemala, Escuintia, izabal, San! y Huen 190 de la Republica de Guatemala","Civiles y Políticos, y de los artículos 7, 15 y 22 de la Convención Americana sobre Derechos Humanos, relativos al Derecho a la Libertad Personal, el Derecho de",8913
Ecuador,2026-05-07,2026,4-2-115/2026,notif_oea_art27,,http://www.oas.org/es/sla/ddi/docs/tratados_multilaterales_suspencion_garantias_Ecuador_nota_No_4-2-115-2026.pdf,,estado de excepción,Art. 5 Constitución,seguridad/crimen; orden público,,nacional,"Internacional- y, en cumplimiento de lo establecido en el artículo 27, inciso 3, de la Convención Americana sobre Derechos Humanos, tiene a honra informar el De",9951
Perú,2026-05-08,2026,7-5-M/098,notif_oea_art27,,http://www.oas.org/es/sla/ddi/docs/tratados_multilaterales_suspencion_garantias_Peru_nota_No_7-5-M-111-2026.pdf,DECRETO SUPREMO N* 078-2026,estado de emergencia,Art. 2 Constitución,seguridad/crimen,,subnacional: Trujillo y Virú del departamento de La,"Internacional- y en cumplimiento con lo establecido en el artículo 27, inciso 3, de la Convención Americana sobre Derechos Humanos, tiene a bien informar que me",21365
Chile,2026-05-08,2026,72-26,notif_oea_art27,,http://www.oas.org/es/sla/ddi/docs/tratados_multilaterales_suspencion_garantias_Chile_nota_No_72-26.pdf,,estado de excepción,Art. 42 Constitución,seguridad/crimen,30,subnacional: Arauco y Biobío de la,"Internacional- y, de conformidad con lo dispuesto en el artículo 27 de la Convención Americana sobre Derechos Humanos, tiene a bien informar lo siguiente: Segú",5971
Perú,2026-05-18,2026,7-5-M/105 con su respectivo anexo,notif_oea_art27,,http://www.oas.org/es/sla/ddi/docs/tratados_multilaterales_suspencion_garantias_Peru_nota_No_7-5-M-110-2026.pdf,Decreto Supremo N.*077-2026,estado de emergencia,Art. 2 Constitución,seguridad/crimen,,nacional,"Internacional- y en cumplimiento con lo establecido en el artículo 27, inciso 3, de la Convención Americana sobre Derechos Humanos, tiene a bien informar que me",16936
Perú,2026-05-26,2026,7-5-M/110,notif_oea_art27,,http://www.oas.org/es/sla/ddi/docs/tratados_multilaterales_suspencion_garantias_Peru_nota_No_7-5-M-117-2026.pdf,DECRETO SUPREMO N* 084-2026,estado de emergencia,Art. 2 Constitución,seguridad/crimen,,nacional,"Internacional- y en cumplimiento con lo establecido en el artículo 27, inciso 3, de la Convención Americana sobre Derechos Humanos, tiene a bien informar que me",24182
El Salvador,2026-05-28,2026,MPOEA - OEA-046/2026,notif_oea_art27,,http://www.oas.org/es/sla/ddi/docs/tratados_multilaterales_suspencion_garantias_El_Salvador_nota_No_046-2026.pdf,Decreto Legislativo No.333,régimen de excepción,Art. 30 Constitución,seguridad/crimen,,nacional,"Internacional, en ocasión de hacer referencia a la comunicación MPOEA-OEA-034/2022 de fecha 27 de marzo de 2022, mediante la cual se notificó que la Asamblea Le",9822
Perú,2026-06-05,2026,7-5-M/118 con su respectivo anexo,notif_oea_art27,,http://www.oas.org/es/sla/ddi/docs/tratados_multilaterales_suspencion_garantias_Peru_nota_No_7-5-M-118-2026.pdf,Decreto Supremo N. 086-,estado de emergencia,Art. 2 Constitución,seguridad/crimen,,,"Internacional- y en cumplimiento con lo establecido en el artículo 27, inciso 3, de la Convención Americana sobre Derechos Humanos, tiene a bien informar que me",21751
Perú,2026-06-12,2026,7-5-M/121 con su respectivo anexo,notif_oea_art27,,http://www.oas.org/es/sla/ddi/docs/tratados_multilaterales_suspencion_garantias_Peru_nota_No_7-5-M-121-2026.pdf,Decreto Supremo N. 118-,estado de emergencia,Art. 2 Constitución,desastre/salud,,,"Internacional- y en cumplimiento con lo establecido en el artículo 27, inciso 3, de la Convención Americana sobre Derechos Humanos, tiene a bien informar que me",19286
Perú,2026-06-15,2026,7-5-M/123 con su respectivo anexo,notif_oea_art27,,http://www.oas.org/es/sla/ddi/docs/tratados_multilaterales_suspencion_garantias_Peru_nota_No_7-5-M-123-2026.pdf,Decreto Supremo N. 092-,estado de emergencia,Art. 2 Constitución,seguridad/crimen,,,"Internacional- y en cumplimiento con lo establecido en el artículo 27, inciso 3, de la Convención Americana sobre Derechos Humanos, tiene a bien informar que me",24077
Perú,2026-06-17,2026,7-5-M/128 con su respectivo anexo,notif_oea_art27,,http://www.oas.org/es/sla/ddi/docs/tratados_multilaterales_suspencion_garantias_Peru_nota_No_7-5-M-128-2026.pdf,Decreto Supremo N. 093-,estado de emergencia,Art. 2 Constitución,seguridad/crimen,,,"Internacional- y en cumplimiento con lo establecido en el artículo 27, inciso 3, de la Convención Americana sobre Derechos Humanos, tiene a bien informar que me",15649
Ecuador,2026-06-18,2026,4-2-161/2026,notif_oea_art27,,http://www.oas.org/es/sla/ddi/docs/tratados_multilaterales_suspencion_garantias_Ecuador_nota_No_4-2-161-2026.pdf,,estado de excepción,Art. 5 Constitución,seguridad/crimen; orden público,,nacional,"Internacional- y, en cumplimiento de lo establecido en el artículo 27, inciso 3, de la Convención Americana sobre Derechos Humanos, tiene a honra informar el De",14860
Bolivia,2026-06-21,2026,OI.US.-Cs-112/2026,notif_oea_art27,,http://www.oas.org/es/sla/ddi/docs/tratados_multilaterales_suspencion_garantias_Bolivia_nota_OI_US-Cs-112-2026.pdf,Decreto Supremo No.5636,estado de excepción,,seguridad/crimen; orden público,,nacional,"Humanos, se informa que mediante Decreto Supremo No",7140
