pais,pais_en,fecha,anio,tipo_evento,regimen,regimen_origen,cn_ref,url_pdf,fuente,texto,snippet
Chile,Chile,1976-09-07,1976,declaración,estado de sitio,directo,,,ONU_PIDCP_art4,"[Chile] has been under a state of siege for reasons of internal defence since 11 March 1976; the state of siege was legally proclaimed by Legislative Decree No. 1.369. The proclamation was made in accordance with the constitutional provisions concerning state of siege, which have been in force since 1925, in view of the inescapable duty of the government authorities to preserve public order and the fact that there continue to exist in Chile extremist seditious groups whose aim is to overthrow the established Government. As a consequence of the proclamation of the state of siege, the rights referred to in articles 9, 12, 13, 19 and 25 (b) of the Covenant on Civil and Political Rights have been restricted in Chile.",[Chile] has been under a state of siege for reasons of internal defence since 11 March 1976; the state of siege was legally proclaimed by Legislative Decree No. 1.369. The proclamation was made in accordance with the con
Uruguay,Uruguay,1979-07-30,1979,otro,,,,,ONU_PIDCP_art4,"[The Government of Uruguay] has the honour to request that the requirement laid down in article 4 (3) of the International Covenant on Civil and Political Rights should be deemed to have been formally fulfilled with regard to the existence and maintenance in Uruguay of a public emergency as referred to in article 4 (1). This emergency situation, the nature and consequences of which match the description given in article 4, namely that they threaten the life of the nation, is a matter of universal knowledge, and the present communication might thus appear superfluous in so far as the provision of substantive information is concerned. This issue has been the subject of countless official statements at both the regional and the international level. Nonetheless, [the Government of Uruguay] wishes both to comply formally with the above-mentioned requirement and to reiterate that the emergency measures which it has taken, and which comply strictly with the requirements of article 4 (2), are designed precisely to achieve genuine, effective and lasting protection of human rights, the observance and promotion of which are the essence of our existence as an independent and sovereign nation. Notwithstanding what has been stated above, the information referred to in article 4 (3) concerning the nature and duration of the emergency measures will be provided in more detailed form when the report referred to in article 40 of the Covenant is submitted, so that the scope and evolution of thes",[The Government of Uruguay] has the honour to request that the requirement laid down in article 4 (3) of the International Covenant on Civil and Political Rights should be deemed to have been formally fulfilled with rega
Colombia,Colombia,1980-07-18,1980,fin/levantamiento,estado de sitio,directo,,,ONU_PIDCP_art4,"The Government, by Decree 2131 of 1976, declared that public order had been disturbed and that all of the national territory was in a state of siege, the requirements of the Constitution having been fulfilled, and that in the face of serious events that disturbed the public peace, it had become necessary to adopt extraordinary measures within the framework of the legal régime provided for in the National Constitution for such situations (art. 121 of the National Constitution). The events disturbing the public peace that led the President of the Republic to take that decision are a matter of public knowledge. Under the state of siege (art. 121 of the National Constitution) the Government is empowered to suspend, for the duration of the state of siege, those provisions that are incompatible with the maintenance and restoration of public order. On many occasions the President of the Republic has informed the country of his desire to terminate the state of siege when the necessary circumstances prevail. It should be observed that, during the state of siege in Colombia, the institutional order has remained unchanged, with the Congress and all public bodies functioning normally. Public freedoms were fully respected during the most recent elections, both the election of the President of the Republic and the election of members of elective bodies.","The Government, by Decree 2131 of 1976, declared that public order had been disturbed and that all of the national territory was in a state of siege, the requirements of the Constitution having been fulfilled, and that i"
Colombia,Colombia,1982-10-11,1982,fin/levantamiento,estado de sitio,directo,,,ONU_PIDCP_art4,"By Decree No. 1674 of 9 June 1982, the state of siege was terminated on 20 June of 1982.","By Decree No. 1674 of 9 June 1982, the state of siege was terminated on 20 June of 1982."
Ecuador,Ecuador,1983-05-12,1983,fin/levantamiento,estado de emergencia,directo,,,ONU_PIDCP_art4,"The Government declared the extension of the state of emergency as from 20 to 25 October 1982 by Executive Decree No. 1252 of 20 October 1982 and derogation from article 12 (1) owing to serious disorders brought about by the suppression of subsidies, and termination of the state of emergency by Executive Decree No. 1274 of 27 October 1982",The Government declared the extension of the state of emergency as from 20 to 25 October 1982 by Executive Decree No. 1252 of 20 October 1982 and derogation from article 12 (1) owing to serious disorders brought about by
El Salvador,El Salvador,1983-11-14,1983,extensión,suspensión de garantías,directo,,,ONU_PIDCP_art4,"(Dated 3 November 1983) The Government has declared an extension for a period of 30 days of the suspension of constitutional guarantees by Legislative Decree No. 329 dated 28 October 1983. The constitutional guarantees have been suspended in accordance with article 175 of the Political Constitution because of disruption of public order. In a complimentary notification dated 23 January 1984 and received on 24 January 1984, the Government of El Salvador specified the following: 1) The provisions of the Covenant from which it is derogated are articles 12 and 19 by Decree No. 329 of 28 August 1983, and article 17 (in respect of interference with correspondence); 2) The constitutional guarantees were first suspended by Decree No. 155 dated 6 March 1980, with further extensions of the suspension for a total of 24 months. Decree No. 155 was modified by Decree No. 999 dated 24 February 1982, which expired on 24 March 1982. By Decree No. 1089 dated 20 April 1982, the Revolutionary Government Junta again suspended the constitutional guarantees. By Legislative Decree No. 7 dated 20 May 1982, the Constituent Assembly extended the suspension for an additional period of 30 days. The said Legislative Decree No. 7 was itself extended several times until the adoption of the above-mentioned Decree No. 329 dated 28 October 1983, which took effect on that date. 3) The reasons for the adoption of the initial suspension decree (No. 155 of 6 March 1980) were the same as for the adoption of the subs",(Dated 3 November 1983) The Government has declared an extension for a period of 30 days of the suspension of constitutional guarantees by Legislative Decree No. 329 dated 28 October 1983. The constitutional guarantees h
Ecuador,Ecuador,1984-03-20,1984,declaración,estado de emergencia,heredado,,,ONU_PIDCP_art4,Derogation from articles 9 (1) and (2); 12 (1) and (3); 17; 19 (2) and 21 in the provinces of Napo and Esmeraldas by Executive Decree No. 2511 of 16 March 1984 owing to destruction and sabotage in these areas.,Derogation from articles 9 (1) and (2); 12 (1) and (3); 17; 19 (2) and 21 in the provinces of Napo and Esmeraldas by Executive Decree No. 2511 of 16 March 1984 owing to destruction and sabotage in these areas.
Ecuador,Ecuador,1984-03-29,1984,fin/levantamiento,estado de emergencia,directo,,,ONU_PIDCP_art4,Termination of the state of emergency by Executive Decree No. 2537 of 27 March 1984.,Termination of the state of emergency by Executive Decree No. 2537 of 27 March 1984.
Colombia,Colombia,1984-04-11,1984,declaración,estado de sitio,directo,,,ONU_PIDCP_art4,"(Dated 30 March 1984) The Government of Colombia had declared a breach of the peace and a state of siege in the territory of the Departments of Caquetá, Huila, Meta and Cauca in response to the activities in those Departments of armed groups which wereseeking to undermine the constitutional system by means of repeated publidisturbances. Further to Decree No. 615, Decree Nos. 666, 667, 668, 669 and 670 had been enacted on 21 March 1984 to restrict certainreedoms and to take other measures aimed at restoring public order. (For the provisions which were derogated from, see in fine notification of 8 June 1984 hereinafter.)","(Dated 30 March 1984) The Government of Colombia had declared a breach of the peace and a state of siege in the territory of the Departments of Caquetá, Huila, Meta and Cauca in response to the activities in those Depart"
Colombia,Colombia,1984-06-08,1984,declaración,estado de sitio,directo,,,ONU_PIDCP_art4,"(Dated 7 May 1984) The Government of Colombia indicated that it had, through Decree No. 1038 of 1 May 1984, declared a state of siege in the territory of the Republic of Colombia owing to the assassination in April of the Minister of Justice and to recent disturbances of the public order that occurred in the cities of Bogotá, Cali, Barranquilla, Medellín, Acevedo (Department of Huila), Corinto (Department of Cauca), Sucre and Jordon Bajo (Department of Santander), Giraldo (Department of Antioquia) and Miraflores (Comisaría of Guaviare). Pursuant to the above-mentioned Decree No. 1038,the Government had issued Decrees Nos. 1039 and 1040 of 1 May 1984 and Decree No. 1042 of 2 May 1984, restricting certain freedoms and enacting other measures to restore public order. The Government of Colombia, in a subsequent communication dated 23 November 1984, indicated that the decrees affected the rights referred to in articles 12 and 21 of the Covenant.)","(Dated 7 May 1984) The Government of Colombia indicated that it had, through Decree No. 1038 of 1 May 1984, declared a state of siege in the territory of the Republic of Colombia owing to the assassination in April of th"
El Salvador,El Salvador,1984-06-18,1984,extensión,suspensión de garantías,heredado,,,ONU_PIDCP_art4,"(Dated 14 June 1984) By Legislative Decree No. 28 of 27 January 1984, previous measures were amended to the effect that political parties would be permitted to conduct electoral campaigns, and were thus authorized to engage in partisan campaigning and electoral propaganda activities. The said Decree was extended for successive 30-day periods until the promulgation of Decree No. 97 of 17 May 1984, which rescinded theafore-mentioned change which had allowed political parties to conduct electoral campaigns. The provisions of the Covenant from which it is derogated are articles 12, 19, 17 (in respect of interference with correspondence) and 21 and 22. As regards article 22, the suspension refers to the right of association in general, but does not affect the right to join professional associations (the right to form and join trade unions).","(Dated 14 June 1984) By Legislative Decree No. 28 of 27 January 1984, previous measures were amended to the effect that political parties would be permitted to conduct electoral campaigns, and were thus authorized to eng"
Colombia,Colombia,1984-12-12,1984,fin/levantamiento,estado de sitio,heredado,,,ONU_PIDCP_art4,(Dated 11 December 1984) Termination of derogation from article 21.,(Dated 11 December 1984) Termination of derogation from article 21.
El Salvador,El Salvador,1985-08-02,1985,extensión,ley marcial,directo,,,ONU_PIDCP_art4,"(Dated 31 July 1985) [...] the Government of El Salvador has for successive periods extended martial law by the following legislative decrees: Decrees No. 127 of 21 June 1984, No. 146 of 19 July 1984, No. 175 of 24 August 1984, No. 210 of 18 September 1984, No. 234 of 21 October 1984, No. 261 of 20 November 1984, No. 277 of 14 December 1984, No. 322 of 18 January 1985, No. 335 of 21 February 1985, No. 351 of 14 March 1985, No. 386 of 18 April 1985, No. 10 of 21 May 1985, No. 38 of 13 June 1985, and the most recent, Decree No. 96 of 11 July 1985 which extended the martial law for an additional period of 30 days beyond that date. The provisions of the Covenant that are thus suspended are those of articles 12, 17 (in respect of interference with correspondence) and 19 (2). The notification specifies that the reasons for the suspension of constitutional guarantees continue to be those originally indicated, namely: the need to maintain a climate of peace and tranquility, which had been disturbed through the commission of acts designed to create a state of instability and social unrest which affected the economy and the public peace by persons seeking to obstruct the process of structural change, thus seriously disrupting public order.","(Dated 31 July 1985) [...] the Government of El Salvador has for successive periods extended martial law by the following legislative decrees: Decrees No. 127 of 21 June 1984, No. 146 of 19 July 1984, No. 175 of 24 Augus"
Ecuador,Ecuador,1986-03-17,1986,fin/levantamiento,estado de emergencia,directo,,,ONU_PIDCP_art4,"(Dated 14 March 1986) Declaration of the State of emergency in the provinces of Pichincha and Manabi due to the acts of subversion and armed uprising by a high-ranking officer no longer on active service, backed by extremist groups; thereby derogations from articles 12, 21 and 22, it being understood that no Ecuadorian may be exiled or deported outside the capitals of the provinces or to a region other than the one in which he lives.","(Dated 14 March 1986) Declaration of the State of emergency in the provinces of Pichincha and Manabi due to the acts of subversion and armed uprising by a high-ranking officer no longer on active service, backed by extre"
Ecuador,Ecuador,1986-03-19,1986,declaración,estado de emergencia,directo,,,ONU_PIDCP_art4,(Dated 18 March 1986) End of State of emergency as from 17 March 1986.,(Dated 18 March 1986) End of State of emergency as from 17 March 1986.
Chile,Chile,1986-09-23,1986,declaración,estado de sitio,directo,,,ONU_PIDCP_art4,"(Dated 16 September 1986) By Decree No. 1.037, the Government of Chile declared a state of siege throughout the national territory from 8 September to 6 December 1986, for as long as circumstances warrant. The notification specifies that Chile has been subjected to a wave of terrorist aggression of alarming proportions, that an alarming number of attacks have taken the lives of a significant number of citizens and armed forces personnel, massive stockpiles of weapons were discovered in terrorists hands, and that for the first time in the history of the Republic, a terrorist attack was launched on H.E. the President of the Republic. The notification specifies that the rights set forth in articles 9, 12, 13 and 19 of the Covenant would be derogated from.","(Dated 16 September 1986) By Decree No. 1.037, the Government of Chile declared a state of siege throughout the national territory from 8 September to 6 December 1986, for as long as circumstances warrant. The notificati"
Chile,Chile,1986-10-29,1986,fin/levantamiento,estado de sitio,directo,,,ONU_PIDCP_art4,"(Dated 28 October 1986) Termination of State of siege by Decree No. 1074 of 26 September 1986 in the Eleventh Region and by Decree No. 1155 of 16 October 1986 in the 12th Region (with the exception of the Commune of Punta Arenas), in the Province of Chiloé in the Tenth Region, and in the Province of Parinacota in the First Region.",(Dated 28 October 1986) Termination of State of siege by Decree No. 1074 of 26 September 1986 in the Eleventh Region and by Decree No. 1155 of 16 October 1986 in the 12th Region (with the exception of the Commune of Punt
Chile,Chile,1986-11-20,1986,fin/levantamiento,estado de sitio,directo,,,ONU_PIDCP_art4,"(Dated 20 November 1986) Termination of the state siege in the Provinces of Cardenal Caro in the 6th Region, Arauco in the 8th Region and Palena in the 10th Region.","(Dated 20 November 1986) Termination of the state siege in the Provinces of Cardenal Caro in the 6th Region, Arauco in the 8th Region and Palena in the 10th Region."
Chile,Chile,1987-01-29,1987,fin/levantamiento,estado de sitio,directo,,,ONU_PIDCP_art4,(Dated 20 January 1987) Termination of the state of siege throughout Chile as at 6 January 1987.,(Dated 20 January 1987) Termination of the state of siege throughout Chile as at 6 January 1987.
Panamá,Panama,1987-06-21,1987,declaración,estado de emergencia,directo,,,ONU_PIDCP_art4,"(Dated 11 June 1987) Declaration of the State of emergency throughout the territory of the Republic of Panama. The notification specifies that the state of emergency was declared since, on 9 and 10 June 1987, there were outbreaks of violence, clashes between demonstrators and units of defence forces, and incitement to violence by individuals and political groups resulting in personal injury and considerable material damage. The measure was taken with a view to restoring law and order and safeguarding the life, the dignity and the property of Panamanian nationals and of foreigners living in Panama. The articles of the Covenant being derogated from are articles 12, paragraph 1; 17, with regard to the inviolability of correspondence; 19 and 21.","(Dated 11 June 1987) Declaration of the State of emergency throughout the territory of the Republic of Panama. The notification specifies that the state of emergency was declared since, on 9 and 10 June 1987, there were "
Panamá,Panama,1987-07-01,1987,fin/levantamiento,estado de emergencia,directo,,,ONU_PIDCP_art4,Termination of the State of emergency and reinstatement of all constitutional guarantees as at 30 June 1987.,Termination of the State of emergency and reinstatement of all constitutional guarantees as at 30 June 1987.
Ecuador,Ecuador,1987-10-29,1987,declaración,estado de emergencia,heredado,,,ONU_PIDCP_art4,"(Dated 28 October 1987) Declaration of a state of national emergency throughout the national territory, effective as of 28 October 1987. [Derogation from articles 9 (1) and (2); 12 (1) and (2); 19 (2); and 21.] The notification states that this measure was made necessary as a result of an illegal call for a national strike which would lead to acts of vandalism, offences against persons and property and would disrupt the peace of the State and the proper exercise of the civic rights of Ecuadorians.","(Dated 28 October 1987) Declaration of a state of national emergency throughout the national territory, effective as of 28 October 1987. [Derogation from articles 9 (1) and (2); 12 (1) and (2); 19 (2); and 21.] The notif"
Ecuador,Ecuador,1987-10-30,1987,fin/levantamiento,estado de emergencia,directo,,,ONU_PIDCP_art4,Termination of the state of emergency throughout the national territory as from 0 hour on 29 October 1987.,Termination of the state of emergency throughout the national territory as from 0 hour on 29 October 1987.
Ecuador,Ecuador,1988-06-03,1988,fin/levantamiento,estado de emergencia,directo,,,ONU_PIDCP_art4,"(Dated 1 June 1988) Declaration of a state of national emergency throughout the national territory, effective as of 9 p.m. on 31 May 1988. [Derogation from articles 9 (1) and (2); 12 (1) and (2); 19 (2); and 21.] The notification states that this measure is the necessary legal response to the 24 hour strike called for by the United Workers Front, which would result in acts of vandalism, violation of the security of persons and attacks on public and private property. (Dated 2 June 1988) Termination of the state of emergency throughout the national territory as from 1 June 1988.","(Dated 1 June 1988) Declaration of a state of national emergency throughout the national territory, effective as of 9 p.m. on 31 May 1988. [Derogation from articles 9 (1) and (2); 12 (1) and (2); 19 (2); and 21.] The not"
Chile,Chile,1988-08-31,1988,fin/levantamiento,estado de emergencia,directo,,,ONU_PIDCP_art4,"Termination of the state of emergency and of the state of danger of disturbance of the domestic peace in Chile as from 27 August 1988, [...] thereby bringing to an end all states of ex ception in the country, which is now in a situation of full legal normality.","Termination of the state of emergency and of the state of danger of disturbance of the domestic peace in Chile as from 27 August 1988, [...] thereby bringing to an end all states of ex ception in the country, which is no"
Venezuela,Venezuela (Bolivarian Republic of),1989-04-12,1989,otro,,,,,ONU_PIDCP_art4,"(Dated 17 March 1989) Establishment of emergency measures and derogation from articles 9, 12, 17, 19 and 21 throughout Venezuela. The notification stipulates that derogation was effected due to a series of serious breaches of the peace having taken place throughout Caracas and in other cities in the country and outbursts of violence, acts of vandalism and violations of the security of Venezuelan individuals and households, leading to loss of life and the destruction of much property, thus causing a further deterioration in the economic situation of the country. (Dated 31 March 1989) Re-establishment as from 22 March 1989 of the constitutional safeguards which had been suspended as stated in the previous notification of 17 March 1989.","(Dated 17 March 1989) Establishment of emergency measures and derogation from articles 9, 12, 17, 19 and 21 throughout Venezuela. The notification stipulates that derogation was effected due to a series of serious breach"
Venezuela,Venezuela (Bolivarian Republic of),1989-04-12,1989,otro,,,,,ONU_PIDCP_art4,"(Dated 17 March 1989) Establishment of emergency measures and derogation from articles 9, 12, 17, 19 and 21 throughout Venezuela. The notification stipulates that derogation was effected due to a series of serious breaches of the peace having taken place throughout Caracas and in other cities in the country and outbursts of violence, acts of vandalism and violations of the security of Venezuelan individuals and households, leading to loss of life and the destruction of much property, thus causing a further deterioration in the economic situation of the country. (Dated 31 March 1989) Re-establishment as from 22 March 1989 of the constitutional safeguards which had been suspended as stated in the previous notification of 17 March 1989.","(Dated 17 March 1989) Establishment of emergency measures and derogation from articles 9, 12, 17, 19 and 21 throughout Venezuela. The notification stipulates that derogation was effected due to a series of serious breach"
Argentina,Argentina,1989-06-07,1989,declaración,estado de sitio,directo,,,ONU_PIDCP_art4,"(Dated 7 June 1989) Proclamation of the state of siege throughout the national territory for a period of 30 days in response to events [attacks and looting of retail shops, vandalism, use of firearms] whose seriousness jeopardizes the effective enjoyment of human rights and fundamental freedoms by the entire community. (Derogation from articles 9 and 21.)","(Dated 7 June 1989) Proclamation of the state of siege throughout the national territory for a period of 30 days in response to events [attacks and looting of retail shops, vandalism, use of firearms] whose seriousness j"
Argentina,Argentina,1989-07-12,1989,fin/levantamiento,estado de sitio,directo,,,ONU_PIDCP_art4,(Dated 11 July 1989) Termination of the state of siege as from 27 June 1989 throughout the national territory.,(Dated 11 July 1989) Termination of the state of siege as from 27 June 1989 throughout the national territory.
El Salvador,El Salvador,1989-12-19,1989,otro,suspensión de garantías,directo,,,ONU_PIDCP_art4,"(Dated 13 November 1989) Suspension for a period of 30 days as from 12 November 1990 of various constitutional guarantees. (Derogation from articles 12, 17, 19, 21 and 22 of the Covenant.) The notification indicates that this measure became necessary owing the use of terror and violence by the Frente Farabundo Marti to obtain the political authority, in complete disregard of previous elections.","(Dated 13 November 1989) Suspension for a period of 30 days as from 12 November 1990 of various constitutional guarantees. (Derogation from articles 12, 17, 19, 21 and 22 of the Covenant.) The notification indicates that"
Trinidad y Tobago,Trinidad and Tobago,1990-11-06,1990,declaración,estado de emergencia,directo,,,ONU_PIDCP_art4,"(Dated 15 August 1990) Proclamation of state of emergency in the Republic of Trinidad and Tobago as from 28 July 1990 for a period of ninety days and derogation from articles 9, 12, 21 and 14 (3).","(Dated 15 August 1990) Proclamation of state of emergency in the Republic of Trinidad and Tobago as from 28 July 1990 for a period of ninety days and derogation from articles 9, 12, 21 and 14 (3)."
Suriname,Suriname,1991-03-18,1991,fin/levantamiento,estado de emergencia,directo,,,ONU_PIDCP_art4,"Termination, as from 1 September 1989, of the state of emergency declared on 1 December 1986 in the territory of the Districts of Marowijne, Commewijne, Para, Brokopondo and in part of the territory of the district of Sipaliwini (between the Marowijne river and 56 o WLO. The articles of the Covenant being derogated from were articles 12, 21 and 22 of the Covenant.","Termination, as from 1 September 1989, of the state of emergency declared on 1 December 1986 in the territory of the Districts of Marowijne, Commewijne, Para, Brokopondo and in part of the territory of the district of Si"
Colombia,Colombia,1991-08-13,1991,fin/levantamiento,estado de sitio,directo,,,ONU_PIDCP_art4,"(Dated 9 August 1991) Termination as of 7 July 1991 of the state of siege and of the measures adopted on 1 and 2 May 1984, which were still in force through the national territory.","(Dated 9 August 1991) Termination as of 7 July 1991 of the state of siege and of the measures adopted on 1 and 2 May 1984, which were still in force through the national territory."
Venezuela,Venezuela (Bolivarian Republic of),1992-02-05,1992,otro,suspensión de garantías,directo,,,ONU_PIDCP_art4,"(Dated 4 February 1992) Temporary suspension of certain constitutional guarantees throughout Venezuela with a view to facilitating the full restoration of public order throughout the national territory. The Government of Venezuela specified that ""the measures were made necessary after criminal attempt was made to assassinate the President of the Republic with the aim of upsetting the rule of law and undermining the constitutional order of the Re public thereby constituting an attempt against the achievements of the Venezuelan people over more than three decades of fully democratic government"". The constitutional guarantees suspended in Venezuela relate to the rights provided for in articles 9, 12, 17, 19 and 21. The right to strike was also temporarily suspended.",(Dated 4 February 1992) Temporary suspension of certain constitutional guarantees throughout Venezuela with a view to facilitating the full restoration of public order throughout the national territory. The Government of
Venezuela,Venezuela (Bolivarian Republic of),1992-02-05,1992,otro,suspensión de garantías,directo,,,ONU_PIDCP_art4,"(Dated 4 February 1992) Temporary suspension of certain constitutional guarantees throughout Venezuela with a view to facilitating the full restoration of public order throughout the national territory. The Government of Venezuela specified that ""the measures were made necessary after criminal attempt was made to assassinate the President of the Republic with the aim of upsetting the rule of law and undermining the constitutional order of the Re public thereby constituting an attempt against the achievements of the Venezuelan people over more than three decades of fully democratic government"". The constitutional guarantees suspended in Venezuela relate to the rights provided for in articles 9, 12, 17, 19 and 21. The right to strike was also temporarily suspended.",(Dated 4 February 1992) Temporary suspension of certain constitutional guarantees throughout Venezuela with a view to facilitating the full restoration of public order throughout the national territory. The Government of
Venezuela,Venezuela (Bolivarian Republic of),1992-02-24,1992,otro,suspensión de garantías,heredado,,,ONU_PIDCP_art4,"(Dated 21 February 1992) Restoration, as from 17 February 1991, of the guarantees provided for under articles 12 and 19 of the Covenant and also of the right to strike.","(Dated 21 February 1992) Restoration, as from 17 February 1991, of the guarantees provided for under articles 12 and 19 of the Covenant and also of the right to strike."
Venezuela,Venezuela (Bolivarian Republic of),1992-02-24,1992,otro,suspensión de garantías,heredado,,,ONU_PIDCP_art4,"(Dated 21 February 1992) Restoration, as from 17 February 1991, of the guarantees provided for under articles 12 and 19 of the Covenant and also of the right to strike.","(Dated 21 February 1992) Restoration, as from 17 February 1991, of the guarantees provided for under articles 12 and 19 of the Covenant and also of the right to strike."
Venezuela,Venezuela (Bolivarian Republic of),1992-05-06,1992,declaración,estado de emergencia,directo,,,ONU_PIDCP_art4,"(Dated 30 April 1992) Restoration, as from 21 February 1991, of the guarantees provided for in articles 9, 17 and 21 of the Covenant, thereby fully ending the state of emergency declared on 4 February 1992.","(Dated 30 April 1992) Restoration, as from 21 February 1991, of the guarantees provided for in articles 9, 17 and 21 of the Covenant, thereby fully ending the state of emergency declared on 4 February 1992."
Venezuela,Venezuela (Bolivarian Republic of),1992-05-06,1992,declaración,estado de emergencia,directo,,,ONU_PIDCP_art4,"(Dated 30 April 1992) Restoration, as from 21 February 1991, of the guarantees provided for in articles 9, 17 and 21 of the Covenant, thereby fully ending the state of emergency declared on 4 February 1992.","(Dated 30 April 1992) Restoration, as from 21 February 1991, of the guarantees provided for in articles 9, 17 and 21 of the Covenant, thereby fully ending the state of emergency declared on 4 February 1992."
Colombia,Colombia,1992-07-21,1992,declaración,estado de emergencia,directo,,,ONU_PIDCP_art4,"(Dated 16 July 1992) By Legislative Decree No. 1155 of 10 July 1992, which was to remain in force until 16 July 1992, the Government of Colombia declared a state of emergency throughout the national territory.... The state of emergency was proclaimed in order to preserve public order by preventing the cartels responsible for the most serious assaults on public order from evading justice. The prospect of a torrent of releases on parole of persons, many of which ""awaiting trial for a wide vari of terrorist activities, ... in addition to the acts perpetrated by the drug-trafficking cartels which might have taken place under the provisions of a newly promulgated Code of Penal Procedure"", in disregard of the applicability of special legislation, was causing ""serious disturbances of public order"". The provisions of the Pact which were derogated from are articles 12, 17, 21 and 22.","(Dated 16 July 1992) By Legislative Decree No. 1155 of 10 July 1992, which was to remain in force until 16 July 1992, the Government of Colombia declared a state of emergency throughout the national territory.... The sta"
Colombia,Colombia,1992-11-20,1992,declaración,estado de emergencia,directo,,,ONU_PIDCP_art4,"(Dated 10 November 1992) By legislative Decree No. 1793 of 8 November 1992 which was to remain in force until 6 February 1993, the Government of Colombia declared a state of emergency throughout the national territory for a period of 90 days.... The state of emergency was due to the fact that ""in recent weeks, the public order situation in the country ... has grown significantly worse because of terrorist activities by gorilla organizations and organized crime ... Those criminal groups have also managed to obstruct and evade judicial action because the criminal justice is unable to use military forces as a judicial police organ to gather the necessary evidence"". The provisions of the Pact which were derogated from are articles 12, 17, 21 and 22.","(Dated 10 November 1992) By legislative Decree No. 1793 of 8 November 1992 which was to remain in force until 6 February 1993, the Government of Colombia declared a state of emergency throughout the national territory fo"
Venezuela,Venezuela (Bolivarian Republic of),1992-12-02,1992,otro,suspensión de garantías,directo,,,ONU_PIDCP_art4,"(Dated 30 November 1992) On 27 November 1992, certain constitutional guarantees relating to the rights provided for in articles 9, 17, 19 and 21 of the Covenant have been suspended in Venezuela. This measure was made necessary after a group of civil subversives in connivance with a small military squad took over Palo Negro air base in the city of Maracay, Aragua State, and Francisco de Miranda Base in the city of Caracas, which services as Headquarters of the Air Force Command, thereby threatening the democratic system. On 28 November 1992, restoration, as from that date, of the rights provided for in article 21 of the Covenant, so as to allow public electioneering in contemplation of the elections to be held on 6 December 1992.","(Dated 30 November 1992) On 27 November 1992, certain constitutional guarantees relating to the rights provided for in articles 9, 17, 19 and 21 of the Covenant have been suspended in Venezuela. This measure was made nec"
Venezuela,Venezuela (Bolivarian Republic of),1992-12-02,1992,otro,suspensión de garantías,directo,,,ONU_PIDCP_art4,"(Dated 30 November 1992) On 27 November 1992, certain constitutional guarantees relating to the rights provided for in articles 9, 17, 19 and 21 of the Covenant have been suspended in Venezuela. This measure was made necessary after a group of civil subversives in connivance with a small military squad took over Palo Negro air base in the city of Maracay, Aragua State, and Francisco de Miranda Base in the city of Caracas, which services as Headquarters of the Air Force Command, thereby threatening the democratic system. On 28 November 1992, restoration, as from that date, of the rights provided for in article 21 of the Covenant, so as to allow public electioneering in contemplation of the elections to be held on 6 December 1992.","(Dated 30 November 1992) On 27 November 1992, certain constitutional guarantees relating to the rights provided for in articles 9, 17, 19 and 21 of the Covenant have been suspended in Venezuela. This measure was made nec"
Venezuela,Venezuela (Bolivarian Republic of),1993-03-05,1993,declaración,suspensión de garantías,heredado,,,ONU_PIDCP_art4,"Restoration, pursuant to Decree No. 2764 of 16 January 1993, of rights regarding personal liberty corresponding to articles 9 (1) and 11 of the Covenant throughout the national territory. Rights regarding liberty and security of person as well as the inviolability of the home and the right to demonstrate had been restored as from 22 December 1992. Restoration, pursuant to Decree No. 2672 of 1 December 1992 of certain rights which had been suspended by Decree No. 2668 of 27 November 1992. Suspension, pursuant to Decree 2765 of 16 January 1993, of certain rights in the State of Sucre as a result of a breach of the peace in that State. These rights, corresponding to articles 12 (1) and 21, were restored by Decree No. 2780 on 25 January 1993.","Restoration, pursuant to Decree No. 2764 of 16 January 1993, of rights regarding personal liberty corresponding to articles 9 (1) and 11 of the Covenant throughout the national territory. Rights regarding liberty and sec"
Venezuela,Venezuela (Bolivarian Republic of),1993-03-05,1993,declaración,suspensión de garantías,heredado,,,ONU_PIDCP_art4,"Restoration, pursuant to Decree No. 2764 of 16 January 1993, of rights regarding personal liberty corresponding to articles 9 (1) and 11 of the Covenant throughout the national territory. Rights regarding liberty and security of person as well as the inviolability of the home and the right to demonstrate had been restored as from 22 December 1992. Restoration, pursuant to Decree No. 2672 of 1 December 1992 of certain rights which had been suspended by Decree No. 2668 of 27 November 1992. Suspension, pursuant to Decree 2765 of 16 January 1993, of certain rights in the State of Sucre as a result of a breach of the peace in that State. These rights, corresponding to articles 12 (1) and 21, were restored by Decree No. 2780 on 25 January 1993.","Restoration, pursuant to Decree No. 2764 of 16 January 1993, of rights regarding personal liberty corresponding to articles 9 (1) and 11 of the Covenant throughout the national territory. Rights regarding liberty and sec"
Colombia,Colombia,1993-03-29,1993,extensión,estado de emergencia,directo,,,ONU_PIDCP_art4,"(Dated 5 March 1993) In accordance with Legislative Decree No. 261, extension for a period of 90 days from 5 February 1993 until 7 May 1993 of the state of emergencyin effect throughout the national territory. The extension was made necessary due to a continuation of the public order disturbances described above. The provisions of the Pact which were derogated from are articles 12, 17, 21 and 22.","(Dated 5 March 1993) In accordance with Legislative Decree No. 261, extension for a period of 90 days from 5 February 1993 until 7 May 1993 of the state of emergencyin effect throughout the national territory. The extens"
Colombia,Colombia,1994-05-27,1994,declaración,estado de emergencia,directo,,,ONU_PIDCP_art4,"(Dated 6 May 1994)) By legislative Decree No. 874 of 1 May 1994 which is to remain in force until 10 May 1994, declaration of the state of emergency throughout the national territory for the following reasons: Since November 1993, there has been a significant increase in the number of investigations carried out by the Procurator-General's Office. It has become necessary to take steps to ensure that the efforts made by the Procurator-General's Office to conclude on-going investigations are not hampered through improper situations such as obstructing an agreement, requesting the postponement of formal proceedings, etc. The large number of cases in which prior circumstances have prevented characterisation within the stipulated time-limit constitutes an unforeseen situation which is generating social insecurity, public anxiety, a lack of trust in the administration of justice and strengthening of the criminal and guerilla warfare organizations committed to disrupting law and order and destabilizing the institutions of government. In view of the foregoing, measures must be adopted to ensure that the difficulties that have arisen do not affect institutional stability, national security and civil harmony, a judicial emergency must be declared and consequently, transition measures must be adopted in the area of administration and penal procedure.","(Dated 6 May 1994)) By legislative Decree No. 874 of 1 May 1994 which is to remain in force until 10 May 1994, declaration of the state of emergency throughout the national territory for the following reasons: Since Nove"
Colombia,Colombia,1994-06-08,1994,fin/levantamiento,estado de emergencia,heredado,,,ONU_PIDCP_art4,"(Dated 27 May 1994) Termination of the state of civil unrest and extension of the applicability of the provisions relating to the judicial emergency. Pursuant to the Decree No. 874 of 1 May 1994 and in exercise of the powers conferred on the Government under article 213 of the Political Constitution, the Government enacted Legislative Decree No. 875 of 1 May 1994, ""by means of which a judicial emergency has been declared and measures have been adopted with regard to penal procedure"". Because of the declaration of judicial emergency, it was decided to suspend for two months, in respect of cases involving offences under the jurisdiction of regional and National Court judges, the time-limits established for obtaining release on bail. By means of Decree No. 951 of 10 May 1994, measures were adopted to strengthen the functioning of the justice system. The Government of Colombia has specified that the provision from which it has derogated is article 9 (3) of the Covenant.",(Dated 27 May 1994) Termination of the state of civil unrest and extension of the applicability of the provisions relating to the judicial emergency. Pursuant to the Decree No. 874 of 1 May 1994 and in exercise of the po
Venezuela,Venezuela (Bolivarian Republic of),1994-07-07,1994,declaración,suspensión de garantías,directo,,,ONU_PIDCP_art4,"(Dated 29 June 1994) By Decree No. 241 of 27 June 1994, suspension of certain constitutional guarantees in view of the fact that the economic and financial situation of the country has created circumstances liable to endanger public order. Derogation from the provisions of articles 9, 12 and 17 of the Covenant.","(Dated 29 June 1994) By Decree No. 241 of 27 June 1994, suspension of certain constitutional guarantees in view of the fact that the economic and financial situation of the country has created circumstances liable to end"
Venezuela,Venezuela (Bolivarian Republic of),1994-07-07,1994,declaración,suspensión de garantías,directo,,,ONU_PIDCP_art4,"(Dated 29 June 1994) By Decree No. 241 of 27 June 1994, suspension of certain constitutional guarantees in view of the fact that the economic and financial situation of the country has created circumstances liable to endanger public order. Derogation from the provisions of articles 9, 12 and 17 of the Covenant.","(Dated 29 June 1994) By Decree No. 241 of 27 June 1994, suspension of certain constitutional guarantees in view of the fact that the economic and financial situation of the country has created circumstances liable to end"
Trinidad y Tobago,Trinidad and Tobago,1995-08-18,1995,fin/levantamiento,estado de emergencia,directo,,,ONU_PIDCP_art4,"(Dated 11 August 1995) By a Proclamation issued on 3 August 1995, a state of emergency has been declared in the City of Port of Spain as of 3 August 1995 owing to the fact that, as indicated by the Government of Trinidad and Tobago, action has been taken or is immediately threatened by persons or bodies of persons of such a nature and on so extensive a scale as to be likely to endanger the public safety or to deprive the community of supplies or services essential to life. The provisions of the Covenant from which the Government of Trinidiad and Tobago has derogated are articles 9, 12, 14 (3) and 21. The said state of emergency was lifted on 7 August 1995 by a resolution of the House of Representatives.","(Dated 11 August 1995) By a Proclamation issued on 3 August 1995, a state of emergency has been declared in the City of Port of Spain as of 3 August 1995 owing to the fact that, as indicated by the Government of Trinidad"
Venezuela,Venezuela (Bolivarian Republic of),1995-09-01,1995,declaración,suspensión de garantías,directo,,,ONU_PIDCP_art4,"(Dated 18 July 1995) By Decree No. 739 of 6 July 1995, restoratif the constitutional guarantees, suspended by Decree No. 241 of 27 June 1994 [see notification received on 7 July 1994] , throughout the national territory, except in the autonomous municipalities of Rosario de Perijá and Catatumbo, State of Zulia; García de Hevia, Pedro María Ureña, Bolivar, Panamericano and Fernández Feo, State of Táchira; Páez, Pedro Camejo and Rómulo Gallegos, State of Apure; and Atures, Atuana, Manapiare, Atabapo, Alto Orinoco and Guainía, State of Amazonas. The Government considers that the situation in these border municipalities, where the theatre of conflict and the theatre of operations No. 1 were decreed, requires that, in the interest of protecting its borders, the above guarantees remain suspended.","(Dated 18 July 1995) By Decree No. 739 of 6 July 1995, restoratif the constitutional guarantees, suspended by Decree No. 241 of 27 June 1994 [see notification received on 7 July 1994] , throughout the national territory,"
Venezuela,Venezuela (Bolivarian Republic of),1995-09-01,1995,declaración,suspensión de garantías,directo,,,ONU_PIDCP_art4,"(Dated 18 July 1995) By Decree No. 739 of 6 July 1995, restoratif the constitutional guarantees, suspended by Decree No. 241 of 27 June 1994 [see notification received on 7 July 1994] , throughout the national territory, except in the autonomous municipalities of Rosario de Perijá and Catatumbo, State of Zulia; García de Hevia, Pedro María Ureña, Bolivar, Panamericano and Fernández Feo, State of Táchira; Páez, Pedro Camejo and Rómulo Gallegos, State of Apure; and Atures, Atuana, Manapiare, Atabapo, Alto Orinoco and Guainía, State of Amazonas. The Government considers that the situation in these border municipalities, where the theatre of conflict and the theatre of operations No. 1 were decreed, requires that, in the interest of protecting its borders, the above guarantees remain suspended.","(Dated 18 July 1995) By Decree No. 739 of 6 July 1995, restoratif the constitutional guarantees, suspended by Decree No. 241 of 27 June 1994 [see notification received on 7 July 1994] , throughout the national territory,"
Colombia,Colombia,1995-11-07,1995,declaración,estado de emergencia,heredado,,,ONU_PIDCP_art4,"(Dated 3 November 1995) By Decree No. 1900 of 2 November 1995, declaration of a State of internal disturbance throughout the national territory for a period of ninety (90) days. The state of internal disturbance by the National Government is justified by the fact that acts of violence attributed to criminal and terrorist organizations have occurred in difference regions of the country and are seriously and manifestly disturbing public order.","(Dated 3 November 1995) By Decree No. 1900 of 2 November 1995, declaration of a State of internal disturbance throughout the national territory for a period of ninety (90) days. The state of internal disturbance by the N"
Colombia,Colombia,1996-03-25,1996,extensión,estado de emergencia,heredado,,,ONU_PIDCP_art4,"(Dated 21 March 1996) First notification: By Legislative Decree No. 1901 of 2 November, the Government limits or restricts fundamental rights or freedoms laid down in the [said] Covenant. Second notification: By Decree No. 205 of 29 January 1996, the state of internal disturbance was extended for 90 calendar days, starting on 31 January 1996. The Government of Colombia has specified that the provision from which it has derogated are articles 17 and 9 respectively of the Covenant.","(Dated 21 March 1996) First notification: By Legislative Decree No. 1901 of 2 November, the Government limits or restricts fundamental rights or freedoms laid down in the [said] Covenant. Second notification: By Decree N"
Colombia,Colombia,1996-05-07,1996,declaración,estado de emergencia,heredado,,,ONU_PIDCP_art4,"(Dated 21 March 1996) Pursuant to paragraph 3 of Decree No. 0717 of 18 April 1996, the guarantee set forth in article 12 of the Covenant was to be restricted. The measure was adopted in connection with Decree No. 1900 of 2 November 1995 whereby the state of internal disturbance was declared throughout the national territory (see notification of 7 November 1995 above).","(Dated 21 March 1996) Pursuant to paragraph 3 of Decree No. 0717 of 18 April 1996, the guarantee set forth in article 12 of the Covenant was to be restricted. The measure was adopted in connection with Decree No. 1900 of"
Colombia,Colombia,1996-06-21,1996,extensión,estado de emergencia,heredado,,,ONU_PIDCP_art4,"(Dated 18 June 1996) First notification: By Decree No. 777 of 29 April 1996, the state of internal disturbance (proclaimed by Decree No. 1900 of 2 November 1995) was extended for a further period of 90 calendar days, starting on 30 April 1996. Second notification: By Decree No. 900 of 22 May 1996, measures were adopted to control the activities of criminal and terrorist organizations in special public-order zones. The provisions of the Pact which were derogated from are articles 9 (1) and 12.","(Dated 18 June 1996) First notification: By Decree No. 777 of 29 April 1996, the state of internal disturbance (proclaimed by Decree No. 1900 of 2 November 1995) was extended for a further period of 90 calendar days, sta"
Colombia,Colombia,1996-07-31,1996,extensión,estado de emergencia,heredado,,,ONU_PIDCP_art4,"(Dated 30 July 1996) By Decree No. 1303 of 25 July 1996, lifting of the state of internal disturbance (proclaimed by Decree No. 1900 of 2 November 1995) and extension of some of the measures instituted by means of Decree No. 1901 of 2 November 1995, Decree No. 208 of 29 January 1996 and Decree No. 777 of 29 April 1996.","(Dated 30 July 1996) By Decree No. 1303 of 25 July 1996, lifting of the state of internal disturbance (proclaimed by Decree No. 1900 of 2 November 1995) and extension of some of the measures instituted by means of Decree"
Guatemala,Guatemala,1998-11-23,1998,declaración,,,,,ONU_PIDCP_art4,"(Dated 20 November 1998) By Decree No. 1-98 of 31 October 1998, declaration of the state of public disaster throughout the national territory for a period of thirty (30) days, in order to resolve the hazardous situation caused by Hurricane Mitch and to mitigate its effects.","(Dated 20 November 1998) By Decree No. 1-98 of 31 October 1998, declaration of the state of public disaster throughout the national territory for a period of thirty (30) days, in order to resolve the hazardous situation "
Ecuador,Ecuador,1999-01-14,1999,declaración,estado de emergencia,directo,,,ONU_PIDCP_art4,"(Dated 12 January 1999) Declaration of a state of emergency in Guayas province, indicating the the measures were prompted by the serious internal disturbance resulting from the massive crime wave in Guayas Province. Subsequently, the Government of Ecuador specified that the provisions from which it has derogated are articles 12 (1) and 17 (1) of the Covenant.","(Dated 12 January 1999) Declaration of a state of emergency in Guayas province, indicating the the measures were prompted by the serious internal disturbance resulting from the massive crime wave in Guayas Province. Subs"
Ecuador,Ecuador,1999-03-16,1999,declaración,estado de emergencia,heredado,,,ONU_PIDCP_art4,"(Dated 15 March 1999) Decree No. 681 by the President of the Republic dated 9 March 1999 by which a state of national emergency was declared and the entire territory of the Republic established as a security zone, as from 9 March 1999.","(Dated 15 March 1999) Decree No. 681 by the President of the Republic dated 9 March 1999 by which a state of national emergency was declared and the entire territory of the Republic established as a security zone, as fro"
Venezuela,Venezuela (Bolivarian Republic of),1999-03-22,1999,declaración,suspensión de garantías,heredado,,,ONU_PIDCP_art4,"(Dated 3 March 1999) Resoration of the guarantees provided for in articles 9, 12 and 17 of the Covenant, suspended by Decree No. 739 of 6 July 1995 . [See notification received on 1 September 1995.]","(Dated 3 March 1999) Resoration of the guarantees provided for in articles 9, 12 and 17 of the Covenant, suspended by Decree No. 739 of 6 July 1995 . [See notification received on 1 September 1995.]"
Venezuela,Venezuela (Bolivarian Republic of),1999-03-22,1999,declaración,suspensión de garantías,heredado,,,ONU_PIDCP_art4,"(Dated 3 March 1999) Resoration of the guarantees provided for in articles 9, 12 and 17 of the Covenant, suspended by Decree No. 739 of 6 July 1995 . [See notification received on 1 September 1995.]","(Dated 3 March 1999) Resoration of the guarantees provided for in articles 9, 12 and 17 of the Covenant, suspended by Decree No. 739 of 6 July 1995 . [See notification received on 1 September 1995.]"
Ecuador,Ecuador,1999-04-12,1999,fin/levantamiento,estado de emergencia,heredado,,,ONU_PIDCP_art4,"(Dated 22 March 1999) Decree No. 717 by the President of the Republic dated 18 March 1999 by which the state of national emergency declared by Decree No. 681 dated 9 March 1999, was lifted as from 18 March 1999.","(Dated 22 March 1999) Decree No. 717 by the President of the Republic dated 18 March 1999 by which the state of national emergency declared by Decree No. 681 dated 9 March 1999, was lifted as from 18 March 1999."
Ecuador,Ecuador,1999-09-10,1999,declaración,estado de emergencia,directo,,,ONU_PIDCP_art4,"(Dated 27 August 1999) Decree No. 1041 of 5 July 1999 by thePresident of the Republic, establishing a state of emergency in Ecuador in respect of public and private transport system throughout the country during the month of July 1999; Decree No. 1070 of 13 July 1999 by the President of the Republic (following the revocation of Decree No. 1041 by the National Congress on 13 July 1999), declaring a state of national emergency and establishing the entire territory of the Republic as a secity zone; and Decree No. 1088 of 17 July 1999 by the President of the Republic, lifting the state of national emergency and rescinding Decree No. 1070. Subsequently, the Government of Ecuador specified that the provisions from which it had derogated were articles 17 (1), 12 (1), 21 and 22 of the Covenant.","(Dated 27 August 1999) Decree No. 1041 of 5 July 1999 by thePresident of the Republic, establishing a state of emergency in Ecuador in respect of public and private transport system throughout the country during the mont"
Ecuador,Ecuador,1999-12-28,1999,declaración,estado de emergencia,directo,,,ONU_PIDCP_art4,"(Dated 9 December 1999) Establishment of the State of Emergency in the Guayas Province by Decree No. 1557 of 30 November 1999 by the President of the Republic indicating that the measure was taken in response to the serious internal disturbance which produced a massive crime wave that continues to affect that province. The Decree states that “since the state of emergency declared in the Guayas Province in January 1999 (see notification of 14 January 1999) , was ended there has been an increase in criminal activity which as made it clear that extraordinary measures must once again be taken..., it is necessary to attenuate the serious repercussions of the ciminal activity in Guayas Province in order to prevent any change in the normal pattern of civil life...”. Subsequently, on 28 January 2000, the Government of Ecuador specified that the provisions from which it has derogated are articles 12 (1) and 17 (1) of the Covenant.",(Dated 9 December 1999) Establishment of the State of Emergency in the Guayas Province by Decree No. 1557 of 30 November 1999 by the President of the Republic indicating that the measure was taken in response to the seri
Ecuador,Ecuador,2000-02-01,2000,fin/levantamiento,estado de emergencia,heredado,,,ONU_PIDCP_art4,"(Dated 6 January 2000) On 5 January 2000, by Executive Decree, the President declared a state of national emergency establishing the entire territory of the Republic as a security zone. This measure was motivated by the serious internal unrest caused by the economic crisis which Ecuador is experiencing. The Government of Ecuador specifed that the provisions from which it has derogated are articles 12 (1), 17 (1), 21 and 22 (1). On 21 February 2001, the Secretary-General received from the Government of Ecuador a notification dated 16 February 2001, made under article 4 (3) of the above Covenant, transmitting the text of Executive Decree No. 1214 by the President of thec dated 2 February 2001, by which a state of national emergency was declared and the entire territory of the Republic was established as a security zone, as from 2 February 2001. The said Decree stipulates that this measure was adopted to overcome the adverse consequences of the economic crisis affecting Ecuador which has created a situation of serious internal unrest. The Government of Ecuador specified that the provisions from which it has derogated are articles 12, 17 and 21 of the Covenant. On 21 February 2001, the Secretary-General received from the Government of Ecuador a notification dated 16 February 2001, made under article 4 (3) of the above Covenant, transmitting the text of Executive Decree No. 1228 by the President of the Republic dated 9 February 2001, by which the state of national emergency, decla","(Dated 6 January 2000) On 5 January 2000, by Executive Decree, the President declared a state of national emergency establishing the entire territory of the Republic as a security zone. This measure was motivated by the "
Guatemala,Guatemala,2001-07-26,2001,extensión,estado de emergencia,directo,,,ONU_PIDCP_art4,"(Dated 26 July 2001) By Government Decree No. 2-2001, extension of the state of emergency established by Government Decree No. 1-2001, for an additional 30 days throughout the national territory. The Government Decree No. 1-2001 was not supplied to the Secretary-General. Moreover, the articles of the Covenant which were derogated from were not indicated.","(Dated 26 July 2001) By Government Decree No. 2-2001, extension of the state of emergency established by Government Decree No. 1-2001, for an additional 30 days throughout the national territory. The Government Decree No"
Guatemala,Guatemala,2001-08-02,2001,declaración,estado de emergencia,directo,,,ONU_PIDCP_art4,"(Dated 2 August 2001) By Government Decree No. 3-2001, establishment of a state of emergency for a period of 30 days in the Department of Totonicapán with immidiate effect. The articles of the Covenant which were derogated from were not indicated.","(Dated 2 August 2001) By Government Decree No. 3-2001, establishment of a state of emergency for a period of 30 days in the Department of Totonicapán with immidiate effect. The articles of the Covenant which were derogat"
Guatemala,Guatemala,2001-08-10,2001,declaración,estado de emergencia,directo,,,ONU_PIDCP_art4,(Dated 6 August 2001) State of emergency declared by Decree No. 3-2001 has been rescinded by Government Decree No. 4-2001 with immediate effect.,(Dated 6 August 2001) State of emergency declared by Decree No. 3-2001 has been rescinded by Government Decree No. 4-2001 with immediate effect.
Argentina,Argentina,2001-12-26,2001,declaración,estado de sitio,directo,,,ONU_PIDCP_art4,"(Dated 21 December 2001) By decree No. 1678/2001 of 19 December 2001, proclamation of a State of siege for 30 days in the territory of Argentina. By decree No. 1689/2001 of 21 December 2001, suspension of the State of seige declared by Decree No. 1678/2001. (Dated 23 December 2001) By Decrees Nos. 16, 18 and 20/2001 of 21 December 2001, declaration of a 10-day siege in the provinces of Buenos Aires, Entre Rios and San Juan.","(Dated 21 December 2001) By decree No. 1678/2001 of 19 December 2001, proclamation of a State of siege for 30 days in the territory of Argentina. By decree No. 1689/2001 of 21 December 2001, suspension of the State of se"
Argentina,Argentina,2002-01-04,2002,fin/levantamiento,ley marcial,directo,,,ONU_PIDCP_art4,"(Dated 4 January 2002) Cessation, as from 31 December 2001, of martial law that had been imposed in the provinces of Buenos Aires, Entre Rios and San Juan.","(Dated 4 January 2002) Cessation, as from 31 December 2001, of martial law that had been imposed in the provinces of Buenos Aires, Entre Rios and San Juan."
Argentina,Argentina,2002-01-21,2002,fin/levantamiento,estado de sitio,directo,C.N.179.2002,https://treaties.un.org/doc/Publication/CN/2002/CN.179.2002-Eng.pdf,ONU_PIDCP_art4,"(Dated 18 January 2002) Communication concerning the state of siege declared by Decree No. 1678/2001 and the lifting of the state of siege by Decreee No. 1689/2001; and the state of siege declared by Decrees Nos. 16/2002, 18/2001 and 20/2001 and the cessation of the state of siege. [For the text of the communication, see depositary notification C.N.179.2002 .TREATIES-3 of 27 February 2002.]",(Dated 18 January 2002) Communication concerning the state of siege declared by Decree No. 1678/2001 and the lifting of the state of siege by Decreee No. 1689/2001; and the state of siege declared by Decrees Nos. 16/2002
Ecuador,Ecuador,2002-07-17,2002,fin/levantamiento,estado de emergencia,directo,,,ONU_PIDCP_art4,"Sir, In accordance with article 4 of the International Covenant on Civil and Political Rights, of which Ecuador is a State Party, and on behalf of the national Government, I am writing to notify you of the declarations of a stateof national emergency this year declared by Dr. Gustavo Noboa Bejarano, President of the Republic, in accordance with the provisions of articles 180 and 181 of the Ecuadorian Constitution in force, and when they were lifted. The details of these declarations follow: Executive Decree No. 2404 of 26 February 2002 (Official Register No. 525): A state of emergency is declared in Sucumbios and Orellana provinces. The reason for this measure is the serious situation arising out of problems of the Colombian conflict on the frontiers; Executive Decree No. 2421 of 4 March 2002: The state of emergency in Sucumbios and Orellana provinces is declared over, and accordingly Executive Decree 2404 of 22 February 2002 is abrogated; Executive Decree No. 2492 of 22 March 2002: State of emergency in Esmeraldas, Guayas Los Ríos, Manabí and El Oroovinces. The reason for this measure is the severe storm on the Ecuadorian coast. The state of emergency was lifted on 22 May pursuant to the legal provision embodied in article 182, paragraph 2, of the Ecuadorian Constitution to the effect that ""a decree of a state of emergency shall remain in force for up to a maximum of 60 days""; Executive Decree No. 2625 of 7 May 2002 (Official Register No. 575 of 14 May 2002): State of nation","Sir, In accordance with article 4 of the International Covenant on Civil and Political Rights, of which Ecuador is a State Party, and on behalf of the national Government, I am writing to notify you of the declarations o"
Colombia,Colombia,2002-08-13,2002,declaración,estado de emergencia,heredado,,,ONU_PIDCP_art4,"(Dated 12 August 2002) Transmission of Decree No. 1837 dated 11 August 2002, which declared a state of internal disturbance throughout the national territory, and Decree No. 1838 dated 11 August 2002, which introduced a special tax to meet the necessary expenditure under the country’s General Budget to maintain democratic security.","(Dated 12 August 2002) Transmission of Decree No. 1837 dated 11 August 2002, which declared a state of internal disturbance throughout the national territory, and Decree No. 1838 dated 11 August 2002, which introduced a "
Colombia,Colombia,2002-11-19,2002,extensión,estado de emergencia,heredado,,,ONU_PIDCP_art4,"(Dated 8 November 2002) Transmisison of Decree No. 2555 dated 8 November 2002, which extended the state of internal disturbance declared by Decree 1837 of 11 August 2002 for ninety (90) calendar days, as from 9 November 2002.","(Dated 8 November 2002) Transmisison of Decree No. 2555 dated 8 November 2002, which extended the state of internal disturbance declared by Decree 1837 of 11 August 2002 for ninety (90) calendar days, as from 9 November "
Colombia,Colombia,2003-02-25,2003,extensión,estado de emergencia,heredado,,,ONU_PIDCP_art4,"(Dated 12 February 2003) Transmission Decree 245 of 5 February 2003, concerning the second extension of the declaration of internal disturbance decreed on 5 February 2003 throughout the national territory.","(Dated 12 February 2003) Transmission Decree 245 of 5 February 2003, concerning the second extension of the declaration of internal disturbance decreed on 5 February 2003 throughout the national territory."
Jamaica,Jamaica,2004-09-28,2004,fin/levantamiento,estado de emergencia,directo,,,ONU_PIDCP_art4,"On 28 September 2004, the Secretary-General received from the Government of Jamaica a notification dated 28 September 2004, made under article 4 (3) of the above Covenant, transmitting a Proclamation declaring a state of emergency in the island. The proclamation shall remain in effect for an initial period of 30 days, unless the Governor-General is advised to repeal it or an extension is granted by the House of Representatives.","On 28 September 2004, the Secretary-General received from the Government of Jamaica a notification dated 28 September 2004, made under article 4 (3) of the above Covenant, transmitting a Proclamation declaring a state of"
Jamaica,Jamaica,2004-10-22,2004,declaración,estado de emergencia,directo,,,ONU_PIDCP_art4,"In a note received on 22 October 2004, the Government of Jamaica informed the Secretary-General that during the state of emergency, the provisions from which it may derogate are articles 12, 19, 21 and 22 (2) of the Covenant.","In a note received on 22 October 2004, the Government of Jamaica informed the Secretary-General that during the state of emergency, the provisions from which it may derogate are articles 12, 19, 21 and 22 (2) of the Cove"
Jamaica,Jamaica,2004-10-27,2004,fin/levantamiento,estado de emergencia,heredado,,,ONU_PIDCP_art4,"On 27 October 2004, the Secretary-General received from the Government of Jamaica a notification, made under article 4 (3) of the above Covenant, transmitting text of sections 26 (4) - (7) of the Constitution by which the proclamation of a state of public emergency issued by the Governor-General on 10 September 2004 terminated on 8 October 2004. Furthermore, the Government of Jamaica informed the Secretary-General that the possible derogation from the rights guaranteed by Articles 12, 19, 21 and 22 (2) by Jamiaca ceased on 8 October 2004.","On 27 October 2004, the Secretary-General received from the Government of Jamaica a notification, made under article 4 (3) of the above Covenant, transmitting text of sections 26 (4) - (7) of the Constitution by which th"
Ecuador,Ecuador,2005-08-18,2005,declaración,estado de emergencia,directo,,,ONU_PIDCP_art4,"On 18 August 2005, the Secretary-General received from the Government of Ecuador a notification made under article 4 (3) of the above Covenant,notifying of the declaration of a state of emergency in Sucumbios and Orellana Provinces, decreed by the President of the Republic on 17 August 2005, in accordance with the provisions of articles 180 and 181 of the Ecuadorian Constitution in force. The Government of Ecuador specified that this measure was motivated by the serious internal unrest caused by crime waves in the aforementioned provinces. The declaration of emergency was made by means of Executive Decree No. 426 of 17 August 2005. Moreover, the articles of the Covenant which were derogated from were not indicated.","On 18 August 2005, the Secretary-General received from the Government of Ecuador a notification made under article 4 (3) of the above Covenant,notifying of the declaration of a state of emergency in Sucumbios and Orellan"
Ecuador,Ecuador,2005-08-22,2005,declaración,estado de emergencia,directo,,,ONU_PIDCP_art4,"On 22 August 2005, the Secretary-General received from the Government of Ecuador notifications made under article 4 (3) of the above Covenant, notifying of the declaration of a state of emergency in the Canton of Chone, Manabi Province, decreed by the Constitutional President of the Republic on 19 August 2005, in accordance with articles 180 and 181 of the Political Constitution of Ecuador. The Government of Ecuador specified that this measure was taken in response to serious internal unrest, which has led to a crime wave and to widespread looting in the aforementioned canton. The declaration of emergency was made by means of Executive Decree No. 430 of 19 August 2005. Moreover, the Government of Ecuador specified that during the state of emergency the rights established in article 23, paragraphs 9, 12, 13, 14 and 19, and article 23 of the Political Constitution of the Republic were suspended.","On 22 August 2005, the Secretary-General received from the Government of Ecuador notifications made under article 4 (3) of the above Covenant, notifying of the declaration of a state of emergency in the Canton of Chone, "
Guatemala,Guatemala,2005-10-14,2005,declaración,estado de emergencia,heredado,,,ONU_PIDCP_art4,"On 14 October 2005, the Secretary-General received from the Government of Guatemala a notification made under article 4 (3) of the above Covenant, notifying of a derogation from obligations under the Covenant. The decision was adopted by the Congress of Guatemala on 6 October 2005 in Legislative Decree No. 70-2005, and it entered into force on 10 October 2005. The Decree recognizes a state of national disaster in the affected areas for a period of 30 days. The Government of Guatemala specified that it has derogated from the provisions relating to the right of liberty of movement and the right of freedom of action, except for the right of persons not to be harassed for their opinions or for acts which do not violate the law. Moreover, the articles of the Covenant which were derogated from were not indicated.","On 14 October 2005, the Secretary-General received from the Government of Guatemala a notification made under article 4 (3) of the above Covenant, notifying of a derogation from obligations under the Covenant. The decisi"
Ecuador,Ecuador,2006-04-18,2006,declaración,estado de emergencia,directo,,,ONU_PIDCP_art4,"Declaration of a state of emergency in a number of Ecuadorian provinces, issued on 21 March through Executive Decree No. 1269 which was suspended on 7 April 2006 through Executive Decree No. 1329.","Declaration of a state of emergency in a number of Ecuadorian provinces, issued on 21 March through Executive Decree No. 1269 which was suspended on 7 April 2006 through Executive Decree No. 1329."
Guatemala,Guatemala,2006-09-05,2006,declaración,estado de emergencia,directo,,,ONU_PIDCP_art4,"On 5 September 2006, the Secretary-General received from the Government of Guatemala a notification made under article 4 (3) of the above Covenant, notifying a declaration of a state of emergency in the municipalities of Concepción Tutuapa, Ixchiguán, San Miguel Ixtahuacán, Tajumulco and Tejuela, in the Department of San Marcos of the Republic of Guatemala. The State of emergency was declared by Governmental Decree No. 1-2006 of 28 August 2006.","On 5 September 2006, the Secretary-General received from the Government of Guatemala a notification made under article 4 (3) of the above Covenant, notifying a declaration of a state of emergency in the municipalities of"
Guatemala,Guatemala,2006-09-18,2006,fin/levantamiento,estado de emergencia,heredado,,,ONU_PIDCP_art4,"On 18 September 2006, the Secretary-General received from the Government of Guatemala a communication informing him of Government Decree No. 2-2006 of 31 August 2006, which repeals article 4, paragraph (d), of Government Decree No. 1-2006, which was sent earlier.","On 18 September 2006, the Secretary-General received from the Government of Guatemala a communication informing him of Government Decree No. 2-2006 of 31 August 2006, which repeals article 4, paragraph (d), of Government"
Guatemala,Guatemala,2006-12-18,2006,declaración,estado de emergencia,directo,,,ONU_PIDCP_art4,"... by Government Decrees Nos. 5-2006 and 6-2006, the President of the Republic declared a state of emergency in some municipalities in the Departments of San Marcos, Huehuetenango and Quetzaltenango. The state of emergency remained in effect for eight days from the date indicated in the decrees, i.e., 17 November 2006.","... by Government Decrees Nos. 5-2006 and 6-2006, the President of the Republic declared a state of emergency in some municipalities in the Departments of San Marcos, Huehuetenango and Quetzaltenango. The state of emerge"
Perú,Peru,2007-01-24,2007,extensión,estado de emergencia,directo,,,ONU_PIDCP_art4,"... by Supreme Decree No. 005-2007-PCM, issued on 18 January 2007, a state of emergency in the provinces of Huanta and La Mar, department of Ayacucho; the province of Tayacaja, department of Huancavelica; the province of La Convención, department of Cusco; the province of Satipo, Andamarca district of the province of Concepción, and Santo Domingo de Acobamba district of the province of Huancayo, department of Junín, has been extended for 60 days from 25 January 2007. During the state of emergency, the rights to inviolability of the home, freedom of movement, freedom of assembly and liberty and security of person, which are recognized in article 2, paragraphs 9, 11, 12 and 24 (f), of the Political Constitution of Peru and in articles 17, 12, 21 and 9 of the International Covenant on Civil and Political Rights, respectively, will be suspended.","... by Supreme Decree No. 005-2007-PCM, issued on 18 January 2007, a state of emergency in the provinces of Huanta and La Mar, department of Ayacucho; the province of Tayacaja, department of Huancavelica; the province of"
Perú,Peru,2007-02-21,2007,extensión,estado de emergencia,directo,,,ONU_PIDCP_art4,"... by Supreme Decree No. 011-2007-PCM issued on 15 February 2007 together with a corrigendum, the state of emergency in the provinces of Marañón, Huacaybamba, Leoncio Prado and Huamalíes, department of Huánuco, the province of Tocache, department of San Martín, and the province of Padre Abad, department of Ucayali, has been extended for a period of 60 days. A previous extension was communicated in our note No. 7-1-SG/044 dated 20 October 2006. During the state of emergency, the rights recognized in article 2, paragraphs 9, 11, 12 and 24 (f), of the Political Constitution of Peru are suspended.","... by Supreme Decree No. 011-2007-PCM issued on 15 February 2007 together with a corrigendum, the state of emergency in the provinces of Marañón, Huacaybamba, Leoncio Prado and Huamalíes, department of Huánuco, the prov"
Perú,Peru,2007-03-30,2007,extensión,estado de emergencia,directo,,,ONU_PIDCP_art4,"... by Supreme Decree No. 026-2007-PCM, issued on 22 March 2007, the state of emergency in the provinces of Huanta and La Mar, Department of Ayacucho; the province of Tayacaja, Department of Huancavelica; the province of La Convención, Department of Cusco; and the province of Satipo, the Andamarca district of the province of Concepción and the Santo Domingo de Acobamba district of the province of Huancayo, Department of Junín, has been extended for a period of 60 days as from 26 March 2007. During the state of emergency, the rights to inviolability of the home, liberty of movement, freedom of assembly and liberty and security of person, which are recognized, respectively, in article 2, paragraphs 9, 11, 12 and 24 (f), of the Political Constitution of Peru and in articles 17, 12, 21 and 9 of the International Covenant on Civil and Political Rights, are suspended. ... by Supreme Decree No. 016-2007-PCM, issued on 2 March 2007, a state of emergency was declared in the department of Arequipa, province of Islay, district of Cocachacra, for a period of 30 days. During the state of emergency, the right to inviolability of the home, freedom of movement, freedom of assembly and liberty and security of person, established in article 2, paragraphs 9, 11, 12 and 24 (f) of the Political Constitution of Peru, and in articles 17, 12, 21 and 9 of the International Covenant on Civil and Political Rights, respectively, shall be suspended.","... by Supreme Decree No. 026-2007-PCM, issued on 22 March 2007, the state of emergency in the provinces of Huanta and La Mar, Department of Ayacucho; the province of Tayacaja, Department of Huancavelica; the province of"
Perú,Peru,2007-04-05,2007,extensión,estado de emergencia,directo,,,ONU_PIDCP_art4,"... by Supreme Decree No. 030-2007-PCM, issued on 31 March 2007, the state of emergency in the department of Arequipa, province of Islay, district of Cocachacra, was extended for a period of 30 days from 1 April 2007. During the state of emergency, the right to inviolability of the home, freedom of movement, freedom of assembly and liberty and security of person, established in article 2, paragraphs 9, 11, 12 and 24 (f), of the Political Constitution of Peru, and in articles 17, 12, 21 and 9 of the International Covenant on Civil and Political Rights, respectively, shall be suspended.","... by Supreme Decree No. 030-2007-PCM, issued on 31 March 2007, the state of emergency in the department of Arequipa, province of Islay, district of Cocachacra, was extended for a period of 30 days from 1 April 2007. Du"
Perú,Peru,2007-04-25,2007,extensión,estado de emergencia,directo,,,ONU_PIDCP_art4,"... by Supreme Decree No. 039-2007-PCM issued on 18 April 2007, the state of emergency in the provinces of Marañón, Huacaybamba, Leoncio Prado and Huamalíes, department of Huánuco, the province of Tocache, department of San Martín, and the province of Padre Abad, department of Ucayali, has been extended for a period of 60 days. A previous extension was communicated in our note No. 7-1-SG/06 of 20 February 2007. During the state of emergency, the rights to the inviolability of the home, freedom of movement and assembly, and liberty and security of person recognized in article 2, paragraphs 9, 11, 12 and 24 (f) of the Political Constitution of Peru and in articles 17, 12, 21 and 9 of the International Covenant on Civil and Political Rights, respectively, are suspended.","... by Supreme Decree No. 039-2007-PCM issued on 18 April 2007, the state of emergency in the provinces of Marañón, Huacaybamba, Leoncio Prado and Huamalíes, department of Huánuco, the province of Tocache, department of "
Perú,Peru,2007-06-06,2007,extensión,estado de emergencia,directo,,,ONU_PIDCP_art4,"... by Supreme Decree No. 044-2007-PCM issued on 24 May 2007, a state of emergency in the provinces of Huanta and La Mar, Department of Ayacucho; the province of Tayacaja, Department of Huancavelica; the province of La Convención, Department of Cusco; and the province of Satipo, the Andamarca and Comas districts of the province of Concepción and the Santo Domingo de Acobamba and Pariahuanca districts of the province of Huancayo, Department of Junín has been extended for a period of 60 days as from 25 May 2007. A previous extension was communicated in Note 7-1-SG/009 of 28 March 2007. During the state of emergency, the rights to inviolability of the home, liberty of movement, freedom of assembly and liberty and security of person, which are recognized, respectively, in article 2, paragraphs 9, 11, 12 and 24 (f), of the Political Constitution of Peru and in articles 17, 12, 21 and 9 of the International Covenant on Civil and Political Rights, are suspended.","... by Supreme Decree No. 044-2007-PCM issued on 24 May 2007, a state of emergency in the provinces of Huanta and La Mar, Department of Ayacucho; the province of Tayacaja, Department of Huancavelica; the province of La C"
Perú,Peru,2007-06-11,2007,declaración,estado de emergencia,directo,,,ONU_PIDCP_art4,"... by Supreme Decree No. 045-2007-PCM issued on 25 May 2007, a state of emergency has been declared in the Santa Anita district of the province of Lima, Department of Lima, for a period of seven days. During the state of emergency, the rights to inviolability of the home, liberty of movement, freedom of assembly and liberty and security of person, which are recognized, respectively, in article 2, paragraphs 9, 11, 12 and 24 (f), of the Political Constitution of Peru and in articles 17, 12, 21 and 9 of the International Covenant on Civil and Political Rights, are suspended.","... by Supreme Decree No. 045-2007-PCM issued on 25 May 2007, a state of emergency has been declared in the Santa Anita district of the province of Lima, Department of Lima, for a period of seven days. During the state o"
Perú,Peru,2007-07-11,2007,extensión,estado de emergencia,directo,,,ONU_PIDCP_art4,"... by Supreme Decree No. 056-2007-PCM issued on 2 July 2007, a state of emergency in the provinces of Marañón, Huacaybamba, Leoncio Prado and Huamalíes, department of Huánuco, the province of Tocache, department of San Martín, and the province of Padre Abad, department of Ucayali, has been extended for a period of 60 days. A previous extension was communicated in our note No. 7-1-SG/013 of 24 April 2007. During the state of emergency, the rights to the inviolability of the home, freedom of movement and assembly, and liberty and security of person recognized in article 2, paragraphs 9, 11, 12 and 24 (f) of the Political Constitution of Peru and in articles 17, 12, 21 and 9 of the International Covenant on Civil and Political Rights, respectively, are suspended.","... by Supreme Decree No. 056-2007-PCM issued on 2 July 2007, a state of emergency in the provinces of Marañón, Huacaybamba, Leoncio Prado and Huamalíes, department of Huánuco, the province of Tocache, department of San "
Perú,Peru,2007-07-26,2007,extensión,estado de emergencia,directo,,,ONU_PIDCP_art4,"... by Supreme Decree No. 065-2007-PCM, issued on 21 July 2007, extended the state of emergency in the provinces of Huanta and La Mar, Department of Ayacucho; the province of Tayacaja, Department of Huancavelica; the districts of Kimbiri, Pichari and Vilcabambaof the provinceof La Convención, Department of Cusco; and the province of Satipo, the Andamarca and Comas districts of the province of Concepción and the Santo Domingo de Acobamba and Pariahuanca districts of the province of Huancayo, Department of Junín, for a period of 60 days as from 24 July 2007. A previous extension was communicated in Note 7-1-SG/017 of 6 June 2007. During the state of emergency, the rights to inviolability of the home, liberty of movement, freedom of assembly and liberty and security of person, which are recognized, respectively, in article 2, paragraphs 9, 11, 12 and 24 (f), of the Political Constitution of Peru and in articles 17, 12, 21 and 9 of the International Covenant on Civil and Political Rights, are suspended.","... by Supreme Decree No. 065-2007-PCM, issued on 21 July 2007, extended the state of emergency in the provinces of Huanta and La Mar, Department of Ayacucho; the province of Tayacaja, Department of Huancavelica; the dis"
Jamaica,Jamaica,2007-08-24,2007,fin/levantamiento,estado de emergencia,heredado,,,ONU_PIDCP_art4,"On 24 August 2007, the Secretary-General received from the Government of Jamaica a notification dated 23 August 2007, made under article 4 (3) of the above Covenant, transmitting a proclamation declaring a State of Public Emergency in the Island issued by the Governor on 19 August 2007. The proclamation shall remain in effect for an initial period of 30 days, unless the Governor-General is advised to repeal it.","On 24 August 2007, the Secretary-General received from the Government of Jamaica a notification dated 23 August 2007, made under article 4 (3) of the above Covenant, transmitting a proclamation declaring a State of Publi"
Jamaica,Jamaica,2007-08-27,2007,fin/levantamiento,estado de emergencia,heredado,,,ONU_PIDCP_art4,"In a note received on 27 August 2007, the Government of Jamaica informed the Secretary-General that the State of public emergency issued by the Governor on 19 August 2007 has since been lifted effective Friday 24 August.","In a note received on 27 August 2007, the Government of Jamaica informed the Secretary-General that the State of public emergency issued by the Governor on 19 August 2007 has since been lifted effective Friday 24 August."
Perú,Peru,2007-09-13,2007,extensión,estado de emergencia,directo,,,ONU_PIDCP_art4,"... by Supreme Decree No. 077-2007-PCM, issued on 30 August 2007, extended the state of emergency in the provinces of Marañón, Huacaybamba, Leoncio Prado and Huamalíes, department of Huánuco, the province of Tocache, department of San Martín, and the province of Padre Abad, department of Ucayali, has been extended for a period of 60 days as from 31 August 2007. During the state of emergency, the rights to inviolability of the home, liberty of movement, freedom of assembly and liberty and security of person, which are recognized, respectively, in article 2, paragraphs 9, 11, 12 and 24 (f), of the Political Constitution of Peru and in articles 17, 12 , 21 and 9 of the International Covenant on Civil and Political Rights, are suspended.","... by Supreme Decree No. 077-2007-PCM, issued on 30 August 2007, extended the state of emergency in the provinces of Marañón, Huacaybamba, Leoncio Prado and Huamalíes, department of Huánuco, the province of Tocache, dep"
Perú,Peru,2008-01-07,2008,extensión,estado de emergencia,directo,,,ONU_PIDCP_art4,"... by Supreme Decree No. 099-2007-PCM, issued on 28 December 2007, thestate of emergency in the Districts of San Buenaventura and Cholón, Province of Marañón, in the Province of Leoncio Prado and in the District of Monzón, Province of Huamalíes, Department of Huánuco; in the Province of Tocache, Department of San Martín; and in the Province of Padre Abad, Department of Ucayali, has been extended for 60 days as from 29 December 2007. During the state of emergency the rights to inviolability of the home, freedom of movement, freedom of assembly and liberty and security of person, recognized in article 2, paragraphs 9, 11, 12 and 24 (f), of the Political Constitution of Peru and in articles 17, 12, 21 and 9 of the International Covenant on Civil and Political Rights, respectively, shall be suspended.","... by Supreme Decree No. 099-2007-PCM, issued on 28 December 2007, thestate of emergency in the Districts of San Buenaventura and Cholón, Province of Marañón, in the Province of Leoncio Prado and in the District of Monz"
Perú,Peru,2008-02-12,2008,extensión,estado de emergencia,directo,,,ONU_PIDCP_art4,"... by Supreme Decree No. 005-2008-PCM, published on 19 January 2008, the state of emergency in the provinces of Huanta and La Mar, department of Ayacucho, the province of Tayacaja, department of Huancavelica, the Kimbiri, Pichari and Vilcabamba districts of the province of La Convención, department of Cusco, the province of Satipo, the Andamarca and Comas districts of the province of Concepción and the Santo Domingo de Acobamba and Pariahuanca districts of the province of Huancaya, department of Junín, has been extended for sixty days, beginning 20 January 2008. A previous extension and declaration were communicated in Note 7-1-SG/009 of 28 March 2007. During the state of emergency, the rights to inviolability of the home, freedom of movement, freedom of association and liberty and security of the person, recognized in article 2, paragraphs 9, 11, 12 and 24(f) of the Political Constitution of Peru and in articles 17, 12, 21 and 9 of the International Covenant on Civil and Political Rights, respectively, shallbe suspended.","... by Supreme Decree No. 005-2008-PCM, published on 19 January 2008, the state of emergency in the provinces of Huanta and La Mar, department of Ayacucho, the province of Tayacaja, department of Huancavelica, the Kimbir"
Perú,Peru,2008-02-21,2008,declaración,estado de emergencia,directo,,,ONU_PIDCP_art4,"... by Supreme Decree No. 012-2008-PCM, published on 18 February 2008, a state of emergency has been declared in the Provinces of Huaura, Huaral and Barranca, Department of Lima; in the Provinces of Huarmey, Casma and Santa, Department of Ancash; and in the Province of Virú, Department of La Libertad, for a period of seven days. During the state of emergency the rights to inviolability of the home, freedom of movement, freedom of assembly and liberty and security of person, recognized in article 2, paragraphs 9, 11, 12 and 24 (f), of the Political Constitution of Peru and in articles 17, 12, 21 and 9 of the International Covenant on Civil and Political Rights, respectively, shall be suspended.","... by Supreme Decree No. 012-2008-PCM, published on 18 February 2008, a state of emergency has been declared in the Provinces of Huaura, Huaral and Barranca, Department of Lima; in the Provinces of Huarmey, Casma and Sa"
Perú,Peru,2008-03-12,2008,declaración,estado de emergencia,directo,,,ONU_PIDCP_art4,"... by Supreme Decree No. 019-2008-PCM, issued on 6 March 2008, a state of emergency has been declared in Cholón district of the province of Marañón, in Monzón district of the province of Huamalíes and in Leoncio Prado province, department of Huánuco; in Tocache province, department of San Martín; and Padre Abad province, department of Ucayali, for a period of 60 days. During the state of emergency, the rights to inviolability of the home, freedom of movement, freedom of assembly and liberty and security of person, which are recognized in article 2, paragraphs 9, 11, 12 and 24 (f), of the Political Constitution of Peru and in articles 17, 12, 21 and 9 of the International Covenant on Civil and Political Rights, respectively, will be suspended.","... by Supreme Decree No. 019-2008-PCM, issued on 6 March 2008, a state of emergency has been declared in Cholón district of the province of Marañón, in Monzón district of the province of Huamalíes and in Leoncio Prado p"
Perú,Peru,2008-05-08,2008,extensión,estado de emergencia,directo,,,ONU_PIDCP_art4,"... by Supreme Decree No. 019-2008-PCM, issued on 4 May 2008, the state of emergency in Cholón district of the Province of Marañón, in Monzón district of the Province of Huamalíes and in the Province of Leoncio Prado, Department of Huánuco; the Province of Tocache, Department of San Martín; and the Province of Padre Abad, Department of Ucayali, has been extended for a period of 60 days, beginning 6 May 2008. A previous extension was communicated in Note 7-1-SG/09 of 12 March 2008. During the state of emergency, the rights to inviolability of the home, freedom of movement, freedom of assembly and liberty and security of person, which are recognized in article 2, paragraphs 9, 11, 12 and 24 (f) of the Political Constitution of Peru and in articles 17, 12, 21 and 9 of the International Covenant on Civil and Political Rights, respectively, will be suspended.","... by Supreme Decree No. 019-2008-PCM, issued on 4 May 2008, the state of emergency in Cholón district of the Province of Marañón, in Monzón district of the Province of Huamalíes and in the Province of Leoncio Prado, De"
Guatemala,Guatemala,2008-05-09,2008,declaración,estado de emergencia,directo,,,ONU_PIDCP_art4,"(Dated 7 May 2008) ... by Government Decree No. 1-2008 of 7 May 2008, a state of emergency has been declared throughout the territory of the Republic of Guatemala. Government Decree No. 1-2008, which entered into force immediately, will remain in effect for 15 days and will be applicable throughout the national territory. Accordingly, the exercise of the rights and freedoms guaranteed under articles 9, 19, 21, 22 (para. 1) and 22 (para. 2) of the International Covenant on Civil and Political Rights has been restricted.","(Dated 7 May 2008) ... by Government Decree No. 1-2008 of 7 May 2008, a state of emergency has been declared throughout the territory of the Republic of Guatemala. Government Decree No. 1-2008, which entered into force i"
Guatemala,Guatemala,2008-05-12,2008,declaración,estado de emergencia,directo,,,ONU_PIDCP_art4,"On 12 May 2008, the Secretary-General received from the Government of Guatemala a letter dated 8 May 2008 from the Minister for Foreign Affairs of Guatemala providing information on the state of emergency declared in the Republic of Guatemala by Government Decree No. 1-2008.","On 12 May 2008, the Secretary-General received from the Government of Guatemala a letter dated 8 May 2008 from the Minister for Foreign Affairs of Guatemala providing information on the state of emergency declared in the"
Guatemala,Guatemala,2008-05-27,2008,declaración,estado de emergencia,directo,,,ONU_PIDCP_art4,"In compliance with article 4, paragraph 3 of the International Covenant on Civil and Political Rights, the Government of Guatemala wishes to inform the Secretary-General that the state of emergency established by Government Decree No. 1-2008 expired on 22 May 2008. Accordingly, the rights and guarantees suspended by this Decree have been restored.","In compliance with article 4, paragraph 3 of the International Covenant on Civil and Political Rights, the Government of Guatemala wishes to inform the Secretary-General that the state of emergency established by Governm"
Guatemala,Guatemala,2008-06-24,2008,declaración,estado de emergencia,directo,,,ONU_PIDCP_art4,... by Government Decree No. 3-2008 the President of the Republic has decreed a state of emergency in the municipality of San Juan Sacatepéquez in the Department of Guatemala. The state of emergency will remain in effect for a period of 15 days from 22 June 2008.,... by Government Decree No. 3-2008 the President of the Republic has decreed a state of emergency in the municipality of San Juan Sacatepéquez in the Department of Guatemala. The state of emergency will remain in effect
Perú,Peru,2008-07-09,2008,extensión,estado de emergencia,directo,,,ONU_PIDCP_art4,"... by Supreme Decree No. 045-2008-PCM, published on 3 July 2008, the state of emergency in the Cholón district in Marañón province, the Monzón district in Huamalíes province, and Leoncio Prado province, all of which are located in the department of Huánuco; Tocache province, department of San Martín; and Padre Abad province, department of Ucayali, has been extended for 60 days from 5 July 2008. During the state of emergency, the rights to inviolability of the home, freedom of movement, freedom of assembly and liberty and security of person, which are recognized in article 2, paragraphs 9, 11, 12 and 24 (f) of the Political Constitution of Peru and in articles 17, 12, 21 and 9 of the International Covenant on Civil and Political Rights, respectively, are suspended.","... by Supreme Decree No. 045-2008-PCM, published on 3 July 2008, the state of emergency in the Cholón district in Marañón province, the Monzón district in Huamalíes province, and Leoncio Prado province, all of which are"
Perú,Peru,2008-07-21,2008,extensión,estado de emergencia,directo,,,ONU_PIDCP_art4,"... by Supreme Decree No. 046-2008-PCM, issued on 12 July 2008, the state of emergency in the provinces of Huanta and La Mar, department of Ayacucho; the province of Tayacaja, department of Huancavelica; the Kimbiri, Pichari and Vilcabamba districts of the province of La Convención, department of Cusco; the province of Satipo; the Andamarca and Comas districts of the province of Concepción; and the Santo Domingo de Acobamba and Pariahuanca districts of the province of Huancayo, department of Junín has been extended for 60 days as from 18 July 2008. During the state of emergency, the right to inviolability of the home, freedom of movement, freedom of assembly, and liberty and security of person, which are recognized in article 2, paragraphs 9, 11, 12 and 24 (f) of the Political Constitution of Peru and in articles 17, 12, 21 and 9 of the International Covenant on Civil and Political Rights, respectively, are suspended.","... by Supreme Decree No. 046-2008-PCM, issued on 12 July 2008, the state of emergency in the provinces of Huanta and La Mar, department of Ayacucho; the province of Tayacaja, department of Huancavelica; the Kimbiri, Pic"
Perú,Peru,2008-08-08,2008,extensión,estado de emergencia,directo,,,ONU_PIDCP_art4,"... by Supreme Decree No. 045-2008-PCM, published on 3 July 2008, the state of emergency in the Cholón district in Marañón province, the Monzón district in Huamalíes province, and Leoncio Prado province, all of which are located in the department of Huánuco; Tocache province, department of San Martín; and Padre Abad province, department of Ucayali, has been extended for 60 days from 5 July 2008. During the state of emergency, the rights to inviolability of the home, freedom of movement, freedom of assembly and liberty and security of person, which are recognized in article 2, paragraphs 9, 11, 12 and 24 (f) of the Political Constitution of Peru and in articles 17, 12, 21 and 9 of the International Covenant on Civil and Political Rights, respectively, are suspended.","... by Supreme Decree No. 045-2008-PCM, published on 3 July 2008, the state of emergency in the Cholón district in Marañón province, the Monzón district in Huamalíes province, and Leoncio Prado province, all of which are"
Perú,Peru,2008-08-08,2008,extensión,estado de emergencia,directo,,,ONU_PIDCP_art4,"... by Supreme Decree No. 038-2008-PCM, issued on 15 May 2008, the state of emergency in the provinces of Huanta and La Mar, department of Ayacucho, the province of Tayacaja, department of Huancavelica, the Kimbiri, Pichari and Vilcabamba districts of the province of La Convención, department of Cusco, the province of Satipo, the Andamarca and Comas districts of the province of Concepción and the Santo Domingo de Acobamba and Pariahuanca districts of the province of Huancayo, department of Junín, has been extended for sixty days, beginning 19 May 2008. During the state of emergency, the rights to inviolability of the home, freedom of movement, freedom of association and liberty and security of the person, recognized in article 2, paragraphs 9, 11, 12 and 24 (f) of the Political Constitution of Peru and in articles 17, 12, 21 and 9 of the International Covenant on Civil and Political Rights, respectively, shall be suspended.","... by Supreme Decree No. 038-2008-PCM, issued on 15 May 2008, the state of emergency in the provinces of Huanta and La Mar, department of Ayacucho, the province of Tayacaja, department of Huancavelica, the Kimbiri, Pich"
Perú,Peru,2008-08-22,2008,declaración,estado de emergencia,directo,,,ONU_PIDCP_art4,"... by Supreme Decree No. 058-2008-PCM, issued on 18 August 2008, a state of emergency was declared in the Provinces of Bagua and Utcubamba, Department of Amazonas; the Province of Datem del Marañón, Department of Loreto; and the Echarate district of the Province of La Convención, Department of Cusco, for a period of thirty days as from 19 August 2008. During the state of emergency, the rights to inviolability of the home, freedom of movement, freedom of assembly and liberty and security of person, recognized in article 2, paragraphs 9, 11, 12 and 24 (f), of the Political Constitution of Peru and in articles 17, 12, 21 and 9 of the International Covenant on Civil and Political Rights, respectively, shall be suspended.","... by Supreme Decree No. 058-2008-PCM, issued on 18 August 2008, a state of emergency was declared in the Provinces of Bagua and Utcubamba, Department of Amazonas; the Province of Datem del Marañón, Department of Loreto"
Perú,Peru,2008-09-02,2008,extensión,estado de emergencia,directo,,,ONU_PIDCP_art4,"... by Supreme Decree No. 060-2008-PCM, issued on 28 August 2008, the state of emergency in the Cholón District in Marañón Province, the Monzón District in Huamalíes Province, and Leoncio Prado Province, all of which are located in the Department of Huánuco; in Tocache Province, Department of San Martín; and in Padre Abad Province, Department of Ucayali, has been extended for a period of 60 days from 3 September 2008. During the state of emergency, the rights to inviolability of the home, freedom of movement, freedom of assembly and liberty and security of person enshrined in article 2, paragraphs 9, 11, 12 and 24 (f), of the Political Constitution of Peru and in articles 17, 12, 21 and 9 of the International Covenant on Civil and Political Rights, respectively, will be suspended.","... by Supreme Decree No. 060-2008-PCM, issued on 28 August 2008, the state of emergency in the Cholón District in Marañón Province, the Monzón District in Huamalíes Province, and Leoncio Prado Province, all of which are"
Perú,Peru,2008-09-02,2008,declaración,estado de emergencia,directo,,,ONU_PIDCP_art4,"... by Supreme Decree No. 061-2008-PCM, which was issued on 28 August 2008, Supreme Decree No. 058-2008-PCM, which established a state of emergency in the Provinces of Bagua and Utcubamba in the Department of Amazonas; in the Province of Datem del Marañón in the Department of Loreto; and in the Echarate District of La Convención Province in the Department of Cusco, has been declared null and void.","... by Supreme Decree No. 061-2008-PCM, which was issued on 28 August 2008, Supreme Decree No. 058-2008-PCM, which established a state of emergency in the Provinces of Bagua and Utcubamba in the Department of Amazonas; i"
Perú,Peru,2008-09-18,2008,extensión,estado de emergencia,directo,,,ONU_PIDCP_art4,"... by Supreme Decree No. 063-2008-PCM, issued on 12 September 2008, the state of emergency in the provinces of Huanta and La Mar, department of Ayacucho; in the province of Tayacaja, department of Huancavelica; in the Kimbiri, Pichari and Vilcabamba districts of the province of La Convención, department of Cusco; in the province of Satipo; in the Andamarca and Comas districts of the province of Concepción; and in the Santo Domingo de Acobamba and Pariahuanca districts of the province of Huancayo, department of Junín, has been extended for 60 days, beginning 16 September 2008. During the state of emergency, the rights to inviolability of the home, freedom of movement, freedom of assembly, and liberty and security of the person, recognized in article 2, paragraphs 9, 11, 12 and 24 (f), of the Political Constitution of Peru and in articles 17, 12, 21 and 9 of the InternationalCovenant on Civil and Political Rights, respectively, shall be suspended.","... by Supreme Decree No. 063-2008-PCM, issued on 12 September 2008, the state of emergency in the provinces of Huanta and La Mar, department of Ayacucho; in the province of Tayacaja, department of Huancavelica; in the K"
Guatemala,Guatemala,2008-10-14,2008,declaración,estado de emergencia,heredado,,,ONU_PIDCP_art4,"On 14 October 2008, the Government of Guatemala notified the Secretary-General that by Decree No. 07-2008 various measures were adopted to suspend certain rights in the Municipality of Coatepeque in the Department of Quetzaltenango. The Decree remained in force for 15 days as of 5 October 2008.","On 14 October 2008, the Government of Guatemala notified the Secretary-General that by Decree No. 07-2008 various measures were adopted to suspend certain rights in the Municipality of Coatepeque in the Department of Que"
Colombia,Colombia,2008-10-16,2008,declaración,estado de emergencia,heredado,,,ONU_PIDCP_art4,"..., by Legislative Decree No. 3929 of 9 October 2008, a nationwide state of internal disturbance has been declared for 90 days.","..., by Legislative Decree No. 3929 of 9 October 2008, a nationwide state of internal disturbance has been declared for 90 days."
Perú,Peru,2008-11-12,2008,declaración,estado de emergencia,directo,,,ONU_PIDCP_art4,"... by Supreme Decree No. 070-2008-PCM, issued on 4 November 2008, a state of emergency has been declared, as from 5 November 2008, in the provinces of Tacna, Jorge Basadre, Candarave and Tarata, department of Tacna. During the state of emergency the rights to inviolability of the home, freedom of movement, freedom of assembly, and liberty and security of person, which are recognized in article 2, paragraphs 9, 11, 12 and 24 (f), of the Political Constitution of Peru and in articles 17, 12, 21 and 9 of the International Covenant on Civil and Political Rights, respectively, shall be suspended.","... by Supreme Decree No. 070-2008-PCM, issued on 4 November 2008, a state of emergency has been declared, as from 5 November 2008, in the provinces of Tacna, Jorge Basadre, Candarave and Tarata, department of Tacna. Dur"
Perú,Peru,2008-11-18,2008,extensión,estado de emergencia,directo,,,ONU_PIDCP_art4,"... by Supreme Decree No. 072-2008-PCM, published on 13 November 2008, the state of emergency has been extended for a period of 60 days, beginning 15 November 2008, in the provinces of Huanta and La Mar, department of Ayacucho; in the province of Tayacaja, department of Huancavelica; in the districts of Kimbiri, Pichari and Vilcabamba in the province of La Convención, department of Cusco; in the province of Satipo; in the districts of Andamarca and Comas in the province of Concepción and in the districts of Santo Domingo de Acobamba and Pariahuanca in the province of Huancayo, department of Junín. During the state of emergency, the rights to inviolability of the home, freedom of movement, freedom of assembly and liberty and security of person, which are recognized in article 2, paragraphs 9, 11, 12 and 24 (f), of the Political Constitution of Peru and in articles 17, 12, 21 and 9 of the International Covenant on Civil and Political Rights, respectively, will be suspended.","... by Supreme Decree No. 072-2008-PCM, published on 13 November 2008, the state of emergency has been extended for a period of 60 days, beginning 15 November 2008, in the provinces of Huanta and La Mar, department of Ay"
Perú,Peru,2008-12-16,2008,extensión,estado de emergencia,directo,,,ONU_PIDCP_art4,"... by Supreme Decree No. 072-2008-PCM, published on 13 November 2008, the state of emergency has been extended for 60 days, beginning 15 November 2008, in the provinces of Huanta and La Mar, department of Ayacucho; in the province of Tayacaja, department of Huancavelica; in the districts of Kimbiri, Pichari and Vilcabamba in the province of La Convención, department of Cusco; in the province of Satipo; in the districts of Andamarca and Comas in the province of Concepción; and in the districts of Santo Domingo de Acobamba and Pariahuanca in the province of Huancayo, department of Junín. During the state of emergency, the rights to inviolability of the home, freedom of movement, freedom of assembly and liberty and security of person, which are recognized in article 2, paragraphs 9, 11, 12 and 24(f) of the Political Constitutionof Peru and in articles 17, 12, 21 and 9 of the International Covenant on Civil and Political Rights, respectively, shall be suspended.","... by Supreme Decree No. 072-2008-PCM, published on 13 November 2008, the state of emergency has been extended for 60 days, beginning 15 November 2008, in the provinces of Huanta and La Mar, department of Ayacucho; in t"
Perú,Peru,2009-01-14,2009,extensión,estado de emergencia,directo,,,ONU_PIDCP_art4,"... by Supreme Decree No. 001-2009-PCM, published on 10 January 2009, the state of emergency has been extended for 60 days, with effect from 14 January 2009, in the provinces of Huanta and La Mar, department of Ayacucho; in the province of Tayacaja, department of Huancavelica; in the districts of Kimbiri, Pichari and Vilcabamba in the province of La Convención, department of Cusco; in the province of Satipo; and in the districts of Andamarca and Comas in the province of Concepción and the districts of Santo Domingo de Acobamba and Pariahuanca in the province of Huancayo, department of Junín. During the state of emergency, the rights to inviolability of the home, freedom of movement, freedom of assembly, and liberty and security of person, which are recognized in article 2, paragraphs 9, 11, 12 and 24 (f) of thePolitical Constitution of Peru and in articles 17, 12, 21 and 9 of the International Covenant on Civil and Political Rights, respectively, are suspended.","... by Supreme Decree No. 001-2009-PCM, published on 10 January 2009, the state of emergency has been extended for 60 days, with effect from 14 January 2009, in the provinces of Huanta and La Mar, department of Ayacucho;"
Perú,Peru,2009-03-30,2009,extensión,estado de emergencia,directo,,,ONU_PIDCP_art4,"... by Supreme Decree No. 015-2009-PCM, issued on 12 March 2009, the state of emergency has been extended for 60 days, with effect from 15 March 2009, in the provinces of Huanta and La Mar, department of Ayacucho; in the province of Tayacaja, department of Huancavelica; in the districts of Kimbiri, Pichari and Vilcabamba in the province of La Convención, department of Cusco; in the province of Satipo; and in the districts of Andamarca and Comas in the province of Concepción and the districts of Santo Domingo de Acobamba and Pariahuanca in the province of Huancayo, department of Junín. During the state of emergency, the rights to inviolability of the home, liberty of movement, freedom of assembly, and liberty and security of person, which are recognized in article 2, paragraphs 9, 11, 12 and 24 (f) of the Political Constitution of Peru and in articles 17, 12, 21 and 9 of the International Covenant on Civil and Political Rights, respectively, are suspended.","... by Supreme Decree No. 015-2009-PCM, issued on 12 March 2009, the state of emergency has been extended for 60 days, with effect from 15 March 2009, in the provinces of Huanta and La Mar, department of Ayacucho; in the"
Guatemala,Guatemala,2009-04-27,2009,declaración,estado de emergencia,directo,,,ONU_PIDCP_art4,"(Dated 24 April 2009) ... by Governmental Decree No. 5-2009, a state of emergency was declared in the municipality of Huehuetenango, Department of Huehuetenango, for a period of 15 days.","(Dated 24 April 2009) ... by Governmental Decree No. 5-2009, a state of emergency was declared in the municipality of Huehuetenango, Department of Huehuetenango, for a period of 15 days."
Perú,Peru,2009-04-27,2009,extensión,estado de emergencia,directo,,,ONU_PIDCP_art4,"... by Supreme Decree No. 013-2009-PCM, issued on 26 February 2009, the state of emergency in the Cholón district of the province of Marañón, the Monzón district of the province of Huamalíes and the province of Leoncio Prado, department of Huánuco; the province of Tocache, department of San Martín; and the province of Padre Abad, department of Ucayali, has been extended for sixty days with effect from 2 March 2009. During the state of emergency, the right to inviolability of the home, freedom of movement, freedom of assembly, and liberty and security of person, recognized in article 2, paragraphs 9, 11, 12 and 24 (f), of the Political Constitution of Peru and in articles 17, 12, 21 and 9 of the International Covenant on Civil and Political Rights, respectively, shall be suspended.","... by Supreme Decree No. 013-2009-PCM, issued on 26 February 2009, the state of emergency in the Cholón district of the province of Marañón, the Monzón district of the province of Huamalíes and the province of Leoncio P"
Guatemala,Guatemala,2009-05-07,2009,fin/levantamiento,estado de emergencia,directo,,,ONU_PIDCP_art4,"On 25 April 2009, the President of the Republic of Guatemala repealed, by Government Decree 6-2009, the state of emergency in the Municipality of Huehuetenango, Department of Huehuetenango, that had been declared by Government Decree 5-2009.","On 25 April 2009, the President of the Republic of Guatemala repealed, by Government Decree 6-2009, the state of emergency in the Municipality of Huehuetenango, Department of Huehuetenango, that had been declared by Gove"
Perú,Peru,2009-05-15,2009,declaración,estado de emergencia,directo,,,ONU_PIDCP_art4,"... by Supreme Decree No. 027-2009-PCM, issued on 9 May 2009, a state of emergency was declared in the Echarate and Kimbiri districts of the province of La Convención, department of Cuzco; the Sepahua district of the province of Atalaya, department of Ucayali; the Napo district of the province of Maynas, department of Loreto; the Andoas, Pastaza, Morona and Manseriche districts of the province of Datem del Marañón, department of Loreto; and the Imaza district of the province of Bagua, department of Amazonas, for a period of 60 days, with effect from 10 May 2009. During the state of emergency, the right to inviolability of the home, freedom of movement, freedom of assembly, and liberty and security of person, recognized in article 2, paragraphs 9, 11, 12 and 24 (f), of the Political Constitution of Peru and in articles 17, 12, 21 and 9 of the International Covenant on Civil and Political Rights, respectively, shall be suspended.","... by Supreme Decree No. 027-2009-PCM, issued on 9 May 2009, a state of emergency was declared in the Echarate and Kimbiri districts of the province of La Convención, department of Cuzco; the Sepahua district of the pro"
Guatemala,Guatemala,2009-05-20,2009,fin/levantamiento,estado de emergencia,directo,,,ONU_PIDCP_art4,"(Dated 6 May 2009) ... by Government Decree No. 7-2009, a public health emergency has been declared throughout the national territory, with a view to preventing and mitigating the effects of the influenza A (H1N1) epidemic. Government Decree No. 7-2009, which was declared for a period of thirty (30) days, limits the rights and freedoms contained in articles 12, 19 and 21 of the International Covenant on Civil and Political Rights. On 12 May 2009, by Government Decree No. 8-2009, the President of the Republic repealed Government Decree No.7-2009 dated 6 May 2009.","(Dated 6 May 2009) ... by Government Decree No. 7-2009, a public health emergency has been declared throughout the national territory, with a view to preventing and mitigating the effects of the influenza A (H1N1) epidem"
Perú,Peru,2009-06-09,2009,extensión,estado de emergencia,directo,,,ONU_PIDCP_art4,"... by Supreme Decree No. 035-2009-PCM issued on 5 June 2009, the state of emergency declared under Supreme Decree No. 027-2009-PCM has been extended throughout the department of Amazonas, Datem del Marañón province of the department of Loreto and Jaén and San Ignacio provinces of the department of Cajamarca. During the state of emergency, the right to the inviolability of the home, freedom of movement, freedom of association and liberty and security of person, contained in article 2, paragraphs 9, 11, 12 and 24 (f) of the Political Constitution of Peru, and in articles 17, 12, 21 and 9 of the International Covenant on Civil and Political Rights, respectively, have been suspended.","... by Supreme Decree No. 035-2009-PCM issued on 5 June 2009, the state of emergency declared under Supreme Decree No. 027-2009-PCM has been extended throughout the department of Amazonas, Datem del Marañón province of t"
Perú,Peru,2009-06-29,2009,extensión,estado de emergencia,directo,,,ONU_PIDCP_art4,"... by Supreme Decree No. 028-2009-PCM, issued on 13 May 2009, the state of emergency in the provinces of Huanta and La Mar, department of Ayacucho; the province of Tayacaja, department of Huancavelica; the Kimbiri, Pichari and Vilcabamba districts of the province of La Convención, department of Cusco; the province of Satipo; the Andamarca and Comas districts of the province of Concepción and the Santo Domingo de Acobamba and Pariahuanca districts of the province of Huancayo, department of Junín, has been extended for 60 days, with effect from 14 May 2009. During the state of emergency, the right to inviolability of the home, freedom of movement, freedom of assembly, and liberty and security of person, recognized in article 2, paragraphs 9, 11, 12 and 24(f) of the Political Constitution of Peru and in articles 17, 12, 21 and 9 of the International Covenant on Civil and Political Rights, respectively, shall be suspended.","... by Supreme Decree No. 028-2009-PCM, issued on 13 May 2009, the state of emergency in the provinces of Huanta and La Mar, department of Ayacucho; the province of Tayacaja, department of Huancavelica; the Kimbiri, Pich"
Perú,Peru,2009-06-29,2009,fin/levantamiento,estado de emergencia,directo,,,ONU_PIDCP_art4,"... by Supreme Decree No. 039-2009-PCM, issued on 22 June 2009, the state of emergency declared by Supreme Decree No. 027- 2009-PCM, and extended by Supreme Decree No. 035-2009-PCM, in all the territorial areas covered by those legal provisions (the Echarate and Kimbiri districts of the province of La Convención, department of Cusco; the Sepahua district of the province of Atalaya, department of Ucayali; the Napo district of the province of Maynas, department of Loreto; the Andoas, Pastaza, Morona and Manseriche districts of the province of Datem del Marañón, department of Loreto; and the Imaza district of the province of Bagua, department of Amazonas) has been lifted. It should be noted that the state of emergency in the Kimbiri district of the province of La Convención, departmentof Cusco, will remain in effect pursuant to Supreme Decree No. 028-2009-PCM. During the state of emergency, the right to inviolability of the home, freedom of movement, freedom of assembly, and liberty and security of person, recognized in article 2, paragraphs 9, 11, 12 and 24(f) of the Political Constitution of Peru and in articles 17, 12, 21 and 9 of the International Covenant on Civil and Political Rights, respectively, shall be suspended.","... by Supreme Decree No. 039-2009-PCM, issued on 22 June 2009, the state of emergency declared by Supreme Decree No. 027- 2009-PCM, and extended by Supreme Decree No. 035-2009-PCM, in all the territorial areas covered b"
Perú,Peru,2009-06-30,2009,extensión,estado de emergencia,directo,,,ONU_PIDCP_art4,"... by Supreme Decree No. 041-2009-PCM, issued on 26 June 2009, the state of emergency in the Cholón district of the province of Marañón, the Monzón district of the province of Huamalíes and the province of Leoncio Prado, department of Huánuco; the province of Tocache, department of San Martín; and the province of Padre Abad, department of Ucayali, has been extended for sixty days with effect from 1 July 2009. During the state of emergency, the rights of inviolability of the home, freedom of movement, freedom of assembly, and liberty and security of the person recognized in article 2, paragraphs 9, 11, 12, and 24 (f) of the Political Constitution of Peru and in articles 17, 12, 21 and 9 of the International Covenant on Civil and Political Rights, respectively, are suspended.","... by Supreme Decree No. 041-2009-PCM, issued on 26 June 2009, the state of emergency in the Cholón district of the province of Marañón, the Monzón district of the province of Huamalíes and the province of Leoncio Prado"
Perú,Peru,2009-07-20,2009,declaración,estado de emergencia,directo,,,ONU_PIDCP_art4,"... by Supreme Decree No. 043-2009-PCM, issued on 9 July 2009, a state of emergency has been declared in the department of Ica, the provinces of Cañete and Yauyos of the department of Lima; and the provinces of Castrovirreyna, Huaytará and the districts of Acobambilla and Manta of the province of Huancavelica, for a period of sixty days. During the state of emergency, the rights of inviolability of the home, freedom of movement, freedom of assembly, and liberty and security of the person recognized in article 2, paragraphs 9, 11, 12, and 24 (f) of the Political Constitution of Peru and in articles 17, 12, 21 and 9 of the International Covenant on Civil and Political Rights, respectively, are suspended.","... by Supreme Decree No. 043-2009-PCM, issued on 9 July 2009, a state of emergency has been declared in the department of Ica, the provinces of Cañete and Yauyos of the department of Lima; and the provinces of Castrovir"
Perú,Peru,2009-07-20,2009,extensión,estado de emergencia,directo,,,ONU_PIDCP_art4,"... by Supreme Decree No. 044-2009-PCM, issued on 9 July 2009, the state of emergency in the provinces of Huanta and La Mar, department of Ayacucho; the province of Tayacaja, department of Huancavelica; the Kimbiri, Pichari and Vilcabamba districts of the province of La Convención, department of Cusco; the province of Satipo; the Andamarca and Comas districts of the province of Concepción and the Santo Domingo de Acobamba and Pariahuanca districts of the province of Huancayo, department of Junín, has been extended for 60 days, with effect from 13 July 2009. During the state of emergency, the right to inviolability of the home, freedom of movement, freedom of assembly, and liberty and security of person, recognized in article 2, paragraphs 9, 11, 12 and 24(f) of the Political Constitution of Peru and in articles 17, 12, 21 and 9 of the International Covenant on Civil and Political Rights, respectively, shall be suspended.","... by Supreme Decree No. 044-2009-PCM, issued on 9 July 2009, the state of emergency in the provinces of Huanta and La Mar, department of Ayacucho; the province of Tayacaja, department of Huancavelica; the Kimbiri, Pich"
Perú,Peru,2009-09-10,2009,extensión,estado de emergencia,directo,,,ONU_PIDCP_art4,"... by Supreme Decree No. 055-2009-PCM, issued on 3 September 2009, the state of emergency in the provinces of Huanta and La Mar, department of Ayacucho; the province of Tayacaja, department of Huancavelica; the Kimbiri, Pichari and Vilcabamba districts of the province of La Convención, department of Cusco; the province of Satipo; the Andamarca and Comas districts of the province of Concepción and the Santo Domingo de Acobamba and Pariahuanca districts of the province of Huancayo, department of Junín, has been extended for 60 days, with effect from 11 September 2009. During the state of emergency, the right to inviolability of the home, freedom of movement, freedom of assembly, and liberty and security of person, recognized in article 2, paragraphs 9, 11, 12 and 24(f) of the Political Constitution of Peru and in articles 17, 12, 21 and 9 of the International Covenant on Civil and Political Rights, respectively, shall be suspended.","... by Supreme Decree No. 055-2009-PCM, issued on 3 September 2009, the state of emergency in the provinces of Huanta and La Mar, department of Ayacucho; the province of Tayacaja, department of Huancavelica; the Kimbiri,"
Perú,Peru,2009-09-16,2009,declaración,estado de emergencia,directo,,,ONU_PIDCP_art4,"... by Supreme Decree No. 060-2009-PCM, published on 10 September 2009, a state of emergency has been declared in the Cholón district of the province of Marañón, the Monzón district of the province of Huamalíes and the province of Leoncio Prado, all of which are located in the department of Huánuco; the province of Tocache, department of San Martín; and the province of Padre Abad, department of Ucayali, for a period of 60 days with effect from 11 September 2009. During the state of emergency, the rights to inviolability of the home, freedom of movement, freedom of assembly, and liberty and security of person, which are recognized in article 2, paragraphs 9, 11, 12 and 24 (f), of the Political Constitution of Peru and in articles 17, 12, 21 and 9 of the International Covenant on Civil and Political Rights, respectively, will be suspended.","... by Supreme Decree No. 060-2009-PCM, published on 10 September 2009, a state of emergency has been declared in the Cholón district of the province of Marañón, the Monzón district of the province of Huamalíes and the p"
Perú,Peru,2009-11-23,2009,extensión,estado de emergencia,directo,,,ONU_PIDCP_art4,"... by Supreme Decree No. 068-2009-PCM, issued on 30 October 2009, the state of emergency in the provinces of Huanta and La Mar, department of Ayacucho; the province of Tayacaja, department of Huancavelica; the Kimbiri, Pichari and Vilcabamba districts of the province of La Convención, department of Cusco; the province of Satipo; the Andamarca and Comas districts of the province of Concepción and the Santo Domingo de Acobamba and Pariahuanca districts of the province of Huancayo, department of Junín, has been extended for 60 days, with effect from 10 November 2009.… During the state of emergency, the right to inviolability of the home, freedom of movement, freedom of assembly, and liberty and security of person, recognized in article 2, paragraphs 9, 11, 12 and 24(f) of the Political Constitution of Peru and in articles 17, 12, 21 and 9 of the International Covenant on Civil and Political Rights, respectively, shall be suspended.","... by Supreme Decree No. 068-2009-PCM, issued on 30 October 2009, the state of emergency in the provinces of Huanta and La Mar, department of Ayacucho; the province of Tayacaja, department of Huancavelica; the Kimbiri, "
Perú,Peru,2009-11-23,2009,extensión,estado de emergencia,directo,,,ONU_PIDCP_art4,"... by Supreme Decree No. 070-2009-PCM, published on 5 November 2009, the state of emergency in the Cholón district of the province of Marañón, the Monzón district of the province of Huamalíes and the province of Leoncio Prado, all of which are located in the department of Huánuco; the province of Tocache, department of San Martín; and the province of Padre Abad, department of Ucayali, has been extended for 60 days with effect from 10 November 2009. During the state of emergency, the rights to inviolability of the home, freedom of movement, freedom of assembly, and liberty and security of person, which are recognized in article 2, paragraphs 9, 11, 12 and 24 (f), of the Political Constitution of Peru and in articles 17, 12, 21 and 9 of the International Covenant on Civil and Political Rights, respectively, will be suspended.","... by Supreme Decree No. 070-2009-PCM, published on 5 November 2009, the state of emergency in the Cholón district of the province of Marañón, the Monzón district of the province of Huamalíes and the province of Leoncio"
Perú,Peru,2010-01-06,2010,declaración,estado de emergencia,directo,,,ONU_PIDCP_art4,"... by Supreme Decree No. 077-2009-PCM, published on 1 December 2009, a state of emergency was declared in the province of Abancay, department of Apurimac, for a period of 60 days as from 2 November 2009. During the state of emergency, the right to inviolability of the home, freedom of movement, freedom of assembly, and liberty and security of person, provided for in article 2, paragraphs 9, 11, 12 and 24 (f), of the Political Constitution of Peru, and in articles 17, 12, 21 and 9 of the International Covenant on Civil and Political Rights, respectively, have been suspended.","... by Supreme Decree No. 077-2009-PCM, published on 1 December 2009, a state of emergency was declared in the province of Abancay, department of Apurimac, for a period of 60 days as from 2 November 2009. During the stat"
Guatemala,Guatemala,2010-02-08,2010,declaración,estado de emergencia,directo,,,ONU_PIDCP_art4,"... by Government Decree No. 14-2009 of 22 December 2009, the President of the Republic declared a state of emergency in the Department of San Marcos. The Decree entered into force immediately for a period of fifteen (15) days during which the exercise of the rights and freedoms guaranteed under articles 9, 12, 19 and 21 of the International Covenant on Civil and Political Rights has been restricted.","... by Government Decree No. 14-2009 of 22 December 2009, the President of the Republic declared a state of emergency in the Department of San Marcos. The Decree entered into force immediately for a period of fifteen (15"
Guatemala,Guatemala,2010-02-08,2010,extensión,estado de emergencia,directo,,,ONU_PIDCP_art4,"... by Government Decrees Nos. 01-2010 of 5 January 2010 and 02-2010 of 20 January 2010, the President of the Republic extended the state of emergency in the Department of San Marcos declared by Government Decree 14-2009 of 22 December 2009, each for a period of fifteen (15) days.","... by Government Decrees Nos. 01-2010 of 5 January 2010 and 02-2010 of 20 January 2010, the President of the Republic extended the state of emergency in the Department of San Marcos declared by Government Decree 14-2009"
Guatemala,Guatemala,2010-02-26,2010,extensión,estado de emergencia,directo,,,ONU_PIDCP_art4,"... by Government Decree No. 6-2010 of 19 February 2010, the President of the Republic extended the state of emergency (Decree 14-2009 of 22 december 2009) in the Department of San Marcos for a period of fifteen (15) days.","... by Government Decree No. 6-2010 of 19 February 2010, the President of the Republic extended the state of emergency (Decree 14-2009 of 22 december 2009) in the Department of San Marcos for a period of fifteen (15) day"
Bolivia,Bolivia (Plurinational State of),2010-03-08,2010,declaración,estado de emergencia,directo,,,ONU_PIDCP_art4,"... by Supreme Decree No. 29705 of 12 September 2008, the Government of the Plurinational State of Bolivia declared a state of emergency throughout the territorial jurisdiction of the Department of Pando in response to crimes against humanity which caused the deaths of citizens, the violent seizure of public and private institutions, the destruction of State property, road damage and roadblocks, and public disorder that generated public unrest and insecurity and caused massive disturbance in the Department of Pando in accordance with the provisions of article 111 of its Political Constitution.","... by Supreme Decree No. 29705 of 12 September 2008, the Government of the Plurinational State of Bolivia declared a state of emergency throughout the territorial jurisdiction of the Department of Pando in response to c"
Bolivia,Bolivia (Plurinational State of),2010-03-08,2010,fin/levantamiento,estado de emergencia,directo,,,ONU_PIDCP_art4,"... by Supreme Decree No. 29809 of 22 November 2008, the Government of the Purinational State of Bolivia lifted the state of emergency in the Department of Pando declared by Supreme Decree No. 29705 of 12 September 2008.","... by Supreme Decree No. 29809 of 22 November 2008, the Government of the Purinational State of Bolivia lifted the state of emergency in the Department of Pando declared by Supreme Decree No. 29705 of 12 September 2008."
Guatemala,Guatemala,2010-03-16,2010,extensión,estado de emergencia,directo,,,ONU_PIDCP_art4,"... by Government Decree No. 08-2010 of 18 March 2010, the President of the Republic extended the state of emergency in the Department of San Marcos for a period of fifteen (15) days.","... by Government Decree No. 08-2010 of 18 March 2010, the President of the Republic extended the state of emergency in the Department of San Marcos for a period of fifteen (15) days."
Chile,Chile,2010-03-23,2010,declaración,estado de emergencia,heredado,,,ONU_PIDCP_art4,"Owing to the earthquake that took place in Chile on 27 February 2010, the Government of Chile decreed a 30-day constitutional state of disaster emergency in the regions of Maule and Bío Bío, by Supreme Decrees Nos. 152 and 153 of 28 February 2010, respectively. In addition, by Supreme Decree No. 173, a constitutional state of disaster emergency was declared by the Government of Chile in the Libertador Bernardo O'Higgins region. Under these measures, the President of the Republic may restrict fundamental freedoms. The freedoms that may be restricted are freedom and movement and of assembly. Goods may be requisitioned and property rights limited in accordance with article 43 of the Constitution.","Owing to the earthquake that took place in Chile on 27 February 2010, the Government of Chile decreed a 30-day constitutional state of disaster emergency in the regions of Maule and Bío Bío, by Supreme Decrees Nos. 152 a"
Perú,Peru,2010-04-09,2010,declaración,estado de emergencia,directo,,,ONU_PIDCP_art4,"... by Supreme Decree No. 042-2010-PCM, issued on 31 March 2010 [...], a state of emergency was declared in the provinces of Nazca, Palpa and San Juan de Marcona, department of Ica; the provinces Tambopata and Manú, department of Madre de Dios; and the provinces of Carevelí and Camaná, department of Arequipa, for a period of 60 days as from 1 April 2010. During the state of emergency, the right to inviolability of the home, freedom of movement, freedom of assembly, and liberty and security of person, provided for in article 2, paragraphs 9, 11, 12 and 24(f), of the Political Constitution of Peru, and in articles 17, 12, 21 and 9 of the International Covenant on Civil and Political Rights, respectively, shall be suspended.","... by Supreme Decree No. 042-2010-PCM, issued on 31 March 2010 [...], a state of emergency was declared in the provinces of Nazca, Palpa and San Juan de Marcona, department of Ica; the provinces Tambopata and Manú, depa"
Guatemala,Guatemala,2010-04-23,2010,extensión,estado de emergencia,directo,,,ONU_PIDCP_art4,"... by Government Decrees No. 09-2010 of 7 April 2010 and No. 11-2010 of 16 April 2010, the President of the Republic extended the state of emergency (Decree 08-2009 of 18 March 2010) in the Department of San Marcos for a period of fifteen (15) days respectively.","... by Government Decrees No. 09-2010 of 7 April 2010 and No. 11-2010 of 16 April 2010, the President of the Republic extended the state of emergency (Decree 08-2009 of 18 March 2010) in the Department of San Marcos for "
Paraguay,Paraguay,2010-04-27,2010,declaración,estado de emergencia,directo,,,ONU_PIDCP_art4,"Through note DM/No. 105/2010, the Ministry of Foreign Affairs of the Republic of Paraguay notified the Secretary-General that in response to criminal acts that are causing serious internal disturbances within the Republic and which pose an immediate threat to the proper functioning of constitutional bodies and to the lives, liberty, rights and property of the populations concerned, by act No. 3,994/10, a state of emergency was declared in the Departments of Concepción, San Pedro, Amambay, Alto Paraguay and Presidente Hayes for a period of 30 days as from 24 April 2010.","Through note DM/No. 105/2010, the Ministry of Foreign Affairs of the Republic of Paraguay notified the Secretary-General that in response to criminal acts that are causing serious internal disturbances within the Republi"
Perú,Peru,2010-05-06,2010,extensión,estado de emergencia,directo,,,ONU_PIDCP_art4,"[...] by Supreme Decree No. 049-2010-PCM, issued on 29 April 2010 (copy attached), the state of emergency in the provinces of Huanta and La Mar, department of Ayacucho; the province of Tayacaja, department of Huancavelica; the Kimbiri, Pichari and Vilcabamba districts of the province of La Convención, department of Cusco; the province of Satipo; the Andamarca and Comas districts of the province of Concepción and the Santo Domingo de Acobamba and Pariahuanca districts of the province of Huancayo, department of Junín, has been extended for 60 days, with effect from 9 May 2010. During the state of emergency, the right to inviolability of the home, freedom of movement, freedom of assembly, and liberty and security of person, recognized in article 2, paragraphs 9, 11, 12 and 24(f) of the Political Constitution of Peru and in articles 17, 12, 21 and 9 of the International Covenant on Civil and Political Rights, respectively, will be suspended. [...]","[...] by Supreme Decree No. 049-2010-PCM, issued on 29 April 2010 (copy attached), the state of emergency in the provinces of Huanta and La Mar, department of Ayacucho; the province of Tayacaja, department of Huancavelic"
Perú,Peru,2010-05-21,2010,declaración,estado de emergencia,directo,,,ONU_PIDCP_art4,"[...] by Supreme Decree No. 057-2010-PCM, issued on 18 May 2010, a state of emergency has been declared in the constitutional province of Callao for a period of 60 days, with effect from 19 May 2010. During the state of emergency, the rights to inviolability of the home, liberty of movement, freedom of assembly and liberty and security of person, recognized in article 2, paragraphs 9, 11, 12 and 24 (f) of the Political Constitution of Peru and in articles 17, 12, 21 and 9 of the International Covenant on Civil and Political Rights, respectively, shall be suspended.","[...] by Supreme Decree No. 057-2010-PCM, issued on 18 May 2010, a state of emergency has been declared in the constitutional province of Callao for a period of 60 days, with effect from 19 May 2010. During the state of "
Perú,Peru,2010-05-21,2010,declaración,estado de emergencia,directo,,,ONU_PIDCP_art4,"[...] by Supreme Decree No. 055-2010-PCM of 15 May 2010, the public order having been disturbed in the provinces of Marañón, Leoncio Prado and Humanalíes, a state of emergency has been declared in the Cholón district of the province of Marañón, the Monzón district of the province of Huamalíes and the province of Leoncio Prado, all located in the department of Huánuco; in the province of Tocache, department of San Martín; and in the province of Padre Abad, department of Ucayali, for a period of 60 days with efect from 16 May 2010. During the state of emergency, the rights to inviolability of the home, liberty of movement, freedom of assembly and liberty and security of person, recognized in article 2, paragraphs 9, 11, 12 and 24 (f) of the Political Constitution of Peru and in articles 17, 12, 21 and 9 of the International Covenant on Civil and Political Rights, respectively, shall be suspended.","[...] by Supreme Decree No. 055-2010-PCM of 15 May 2010, the public order having been disturbed in the provinces of Marañón, Leoncio Prado and Humanalíes, a state of emergency has been declared in the Cholón district of "
Guatemala,Guatemala,2010-05-31,2010,declaración,estado de emergencia,heredado,,,ONU_PIDCP_art4,"... by Government Decree No. 14-2010, owing to the eruption of the Pacaya volcano, the President of the Republic declared a disaster emergency in the territory of the Departmenets of Escuintla, Sacatepéquez and Guatemala for a period of 30 days, partially restricting the rights and freedoms referred to in articles 12 and 21 of the Covenant.","... by Government Decree No. 14-2010, owing to the eruption of the Pacaya volcano, the President of the Republic declared a disaster emergency in the territory of the Departmenets of Escuintla, Sacatepéquez and Guatemala"
Jamaica,Jamaica,2010-06-01,2010,fin/levantamiento,estado de emergencia,heredado,,,ONU_PIDCP_art4,"""[...] in accordance with Article 4 (3) of the International Covenant on Civil and Political Rights has the honour to inform that on 23rd May 2010, the Governor-General of Jamaica issued a proclamation declaring a State of Public Emergency in the island. The State of Public Emergency has been imposed in the parishes of Kingston and St. Andrew as a result of a threat to public safety and shall exist for a period of one month unless extended by the House of Representatives or terminated at an earlier time. The Proclamation issued by the Governor-General is in strict compliance with the provisions of the International Covenant on Civil and Political Rights and with the Constitution of Jamaica. There may be derogation from the rights guaranteed by Articles 12, 19 and 21 of the International Covenant on Civil and Political Rights. [...] The Government of Jamaica hereby requests that the Secretary-General in his capacity as depository of the International Covenant on Civil and Political Rights inform all Parties to the Covenant on the provision from which it may derogate and the reason for possible derogation. The Permanent of Jamaica has the further honour to advise that the Government of Jamaica will inform the Secretary-General of measures taken by the authorities aimed at the termination of the State of Public of Emergency. [...].""","""[...] in accordance with Article 4 (3) of the International Covenant on Civil and Political Rights has the honour to inform that on 23rd May 2010, the Governor-General of Jamaica issued a proclamation declaring a State "
Guatemala,Guatemala,2010-06-28,2010,extensión,estado de emergencia,directo,,,ONU_PIDCP_art4,"... by Government Decrees No. 9-2010 of 7 April 2010 and No. 11-2010 of 16 April 2010, the President of the Republic extended the state of emergency (Decree 14-2009 of 22 december 2009) in the Department of San Marcos for a period of fifteen (15) days respectively.","... by Government Decrees No. 9-2010 of 7 April 2010 and No. 11-2010 of 16 April 2010, the President of the Republic extended the state of emergency (Decree 14-2009 of 22 december 2009) in the Department of San Marcos fo"
Guatemala,Guatemala,2010-06-28,2010,declaración,estado de emergencia,directo,,,ONU_PIDCP_art4,"... by Government Decree No. 13-2010 of 17 May 2010, the President of the Republic declared a state of emergency in the Department of San Marcos for a period of fifteen (15) days. The Decree restricted the exercise of the rights and freedoms referred to in articles 9, 12, 19 and 21 of the Covenant. The state of emergency concluded 15 days after it was declared.","... by Government Decree No. 13-2010 of 17 May 2010, the President of the Republic declared a state of emergency in the Department of San Marcos for a period of fifteen (15) days. The Decree restricted the exercise of th"
Guatemala,Guatemala,2010-06-28,2010,extensión,estado de emergencia,directo,,,ONU_PIDCP_art4,"... by Government Decree No. 6-2010 of 19 February 2010 extended the state of emergency in the Department of San Marcos, Guatemala. The Government Decree entered into force immediately and has been issued for a period of fifteen (15) days in the Department of San Marcos, Guatemala. The exercise of the rights and freedoms established in articles 12, 19, paragraph 2 and 21 of the International Covenant on Civil and Political Rights has been partially restricted.","... by Government Decree No. 6-2010 of 19 February 2010 extended the state of emergency in the Department of San Marcos, Guatemala. The Government Decree entered into force immediately and has been issued for a period of"
Guatemala,Guatemala,2010-06-28,2010,declaración,estado de emergencia,heredado,,,ONU_PIDCP_art4,"In a note received on 28 June 2010, the Government of Guatemala informed the Secretary-General that the State of public emergency declared by Government Decree 11-2010 of 16 April 2010 in the Department of San Marcos ended 15 days after its declaration.","In a note received on 28 June 2010, the Government of Guatemala informed the Secretary-General that the State of public emergency declared by Government Decree 11-2010 of 16 April 2010 in the Department of San Marcos end"
Jamaica,Jamaica,2010-06-30,2010,extensión,estado de emergencia,directo,,,ONU_PIDCP_art4,"""... The Permanent Mission [of Jamaica to the United Nations] wishes to advise that, upon the decision of the House of Representatives for Jamaica, the State of Emergency [declared on 23 May 2010] has been extended by the Government of Jamaica, in accordance with Section 26 (4)-(7) of the Constitution, for a further period of twenty-eight (28) days from the date of June 23, 2010 for the parishes of Kingston, St. Andrew, as well as St. Catherine. During the period of public emergency the Government may derogate from the provisions of Articles 9, 12, 17, 19 and 21 of the Covenant under regulations made pursuant to Emergency Powers Act. ....""","""... The Permanent Mission [of Jamaica to the United Nations] wishes to advise that, upon the decision of the House of Representatives for Jamaica, the State of Emergency [declared on 23 May 2010] has been extended by th"
Guatemala,Guatemala,2010-07-15,2010,extensión,estado de emergencia,heredado,,,ONU_PIDCP_art4,"... by Government Decree No. 15-2010 of 29 May 2010, owing to the natural disaster caused by tropical storm Agatha and the continuous rain affecting the country, the President of the Republic declared a national disaster emergency for a period of 30 days. On 25 June 2010, by Government Decree No. 16-2010, the disaster emergency was extended for a further 30 days in the Departments of Escuintla, Sacatepéquez and Guatemala owing to the continuance of the circumstances that led to the issuance of Government Decrees Nos. 14-2010 and 15-2010. In each case, measures were adopted that partially restrict the content of articles 12 and 21 of the International Covenant.","... by Government Decree No. 15-2010 of 29 May 2010, owing to the natural disaster caused by tropical storm Agatha and the continuous rain affecting the country, the President of the Republic declared a national disaster"
Guatemala,Guatemala,2010-07-16,2010,extensión,estado de emergencia,directo,,,ONU_PIDCP_art4,"... by Government Decree No. 4-2010 of 5 February 2010, the President of the Republic extended the state of emergency (Decree 14-2009 of 22 december 2009) in the Department of San Marcos for a period of fifteen (15) days.","... by Government Decree No. 4-2010 of 5 February 2010, the President of the Republic extended the state of emergency (Decree 14-2009 of 22 december 2009) in the Department of San Marcos for a period of fifteen (15) days"
Guatemala,Guatemala,2010-08-02,2010,extensión,estado de emergencia,heredado,,,ONU_PIDCP_art4,"... by Government Decree 17-2010 of 22 July 2010, the President of the Republic extended for a further 30 days the disaster emergency proclamed by Government Decree 14-2010.","... by Government Decree 17-2010 of 22 July 2010, the President of the Republic extended for a further 30 days the disaster emergency proclamed by Government Decree 14-2010."
Perú,Peru,2010-08-11,2010,declaración,estado de emergencia,directo,,,ONU_PIDCP_art4,"[...] by Supreme Decree No. 078-2010-PCM, published on 31 July 2010 [...], a state of emergency has been declared in the Echarate district of the province of La Convención, department of Cusco, for a period of 60 days with effect from 1 August 2010. During the state of emergency, the rights to inviolability of the home, freedom of movement, freedom of assembly, and liberty and security of person, which are recognized in article 2, paragraphs 9, 11, 12 and 24 (f), of the Political Constitution of Peru and in articles 17, 12, 21 and 9 of the International Covenant on Civil and Political Rights, respectively, will be suspended.","[...] by Supreme Decree No. 078-2010-PCM, published on 31 July 2010 [...], a state of emergency has been declared in the Echarate district of the province of La Convención, department of Cusco, for a period of 60 days wi"
Colombia,Colombia,2010-08-31,2010,declaración,estado de emergencia,heredado,,,ONU_PIDCP_art4,"Pursuant to the provision of article 16 of Law No. 137 of 1994 and in keeping with article 4, paragraph 3, of the International Covenant on Civil and Political Rights, I [...] inform you of the issuance of Decree No. 2799 of 2010, ""which partially amends Decrees Nos. 2693 and 2694 of 2010"". By means of this measure, a special category of goods excluded from sales tax is temporarily created, with the aim of benefiting those people affected by the situation that led to teh declaration of a social emergency...","Pursuant to the provision of article 16 of Law No. 137 of 1994 and in keeping with article 4, paragraph 3, of the International Covenant on Civil and Political Rights, I [...] inform you of the issuance of Decree No. 279"
Perú,Peru,2010-08-31,2010,extensión,estado de emergencia,directo,,,ONU_PIDCP_art4,"[...] by Supreme Decree No. 087-2010-PCM, issued on 26 August 2010 [...], the state of emergency in the provinces of Huanta and La Mar, department of Ayacucho; the province of Tayacaja, department of Huancavelica; the Kimbiri, Pichari and Vilcabamba districts of the province of La Concepción, department of Cusco; the province of Satipo; the Andamarca and Comas districts of the province of Concepción; and the Santo Domingo de Acobamba and Pariahuanca districts of the province of Huancayo, department of Junín, has been extended for 60 days, with effect from 6 September 2010. During the State of emergency, the right to inviolability of the home, freedom of movement, freedom of assembly, and liberty and security of person, recognized in article 2, paragraphs 9, 11, 12 and 24 (f) of the Political Constitution of Peru and in articles 17, 12, 21 and 9 of the International Covenant on Civil and Political Rights, respectively, will be suspended.","[...] by Supreme Decree No. 087-2010-PCM, issued on 26 August 2010 [...], the state of emergency in the provinces of Huanta and La Mar, department of Ayacucho; the province of Tayacaja, department of Huancavelica; the Ki"
Perú,Peru,2010-09-17,2010,extensión,estado de emergencia,directo,,,ONU_PIDCP_art4,"[...] by Supreme decree No. 091-2010-PCM, issued on 11 September 2010 [...], the state of emergency in the Cholón district in Marañón province, the Monzón district in Huamalíes province, and Leoncio Prado province, all of which are located in the department of Huánuco; Tocache province, department of San Martín; and Padre Abad province departmetn of Ucayali, has been extended for 60 days, with effect from 12 September 2010. During the state of emergency, the right to inviolability of the home, freedom of movement, freedom of assembly, and liberty and security of person, which are recognized in article 2, paragraphs 9, 11, 12 and 24 (f) of the Political Constitution of Peru and in articles 17, 12, 21 and 9 of the International Covenant on Civil and Political Rights, respectively, will be suspended.","[...] by Supreme decree No. 091-2010-PCM, issued on 11 September 2010 [...], the state of emergency in the Cholón district in Marañón province, the Monzón district in Huamalíes province, and Leoncio Prado province, all o"
Perú,Peru,2010-11-01,2010,extensión,estado de emergencia,directo,,,ONU_PIDCP_art4,"[...] by Supreme Decree No. 091-2010-PCM, issued on 11 September 2010 [...], the State of emergency in the Cholón district in Marañón province, the Monzón district in Huamalíes province, and Leoncio Prado province, all of which are located in the department of Huánuco; Tocache province, department of San Martín; and Padre Abad province, department of Ucayali, has been extended for 60 days, with effect from 12 September 2010. During the state of emergency, the right to inviolability of the home, freedom of movement, freedom of assembly, and liberty and security of person, which are recognized in article 2, paragraphs 9, 11, 12 and 24 (f) of the Political Constitution of Peru and in articles 17, 12, 21 and 9 of the International Covenant on Civil and Political Rights, respectively, will be suspended.","[...] by Supreme Decree No. 091-2010-PCM, issued on 11 September 2010 [...], the State of emergency in the Cholón district in Marañón province, the Monzón district in Huamalíes province, and Leoncio Prado province, all o"
Guatemala,Guatemala,2010-12-28,2010,declaración,estado de sitio,directo,,,ONU_PIDCP_art4,"... by Government Decree No. 23-2010 of 19 December 2010, the President of the Republic of Guatemala declared a state of siege in the Department of Alta Verapaz for a period of 30 days from the entry into force of the Decree in response to the need to regain control of the region where drugs traffickers have a strong presence, and where a series of violent events have taken place. Measures were adopted restricting the full application of articles 9, 12 and 21 of the Covenant.","... by Government Decree No. 23-2010 of 19 December 2010, the President of the Republic of Guatemala declared a state of siege in the Department of Alta Verapaz for a period of 30 days from the entry into force of the De"
Guatemala,Guatemala,2011-01-27,2011,extensión,estado de sitio,directo,,,ONU_PIDCP_art4,"... by Government Decree 01-2011, the state of siege is being extended because the conditions that led to the issuance of Government Decree No. 23-2010 [...] still persist.","... by Government Decree 01-2011, the state of siege is being extended because the conditions that led to the issuance of Government Decree No. 23-2010 [...] still persist."
Guatemala,Guatemala,2011-05-25,2011,declaración,estado de emergencia,directo,,,ONU_PIDCP_art4,"... by Government Decree No. 4-2011 in the Council of Ministers, the President of the Republic of guatemala declared a state of emergency in the Department of Petén for a period of thirty (30) days, beginning on the date of the entry into force of the aforesaid Decree. Accordingly, the exercise of the rights and freedoms established in articles 9, 12 and 21 of the International Covenant on Civil and Political Rights have been restricted, as necessary.","... by Government Decree No. 4-2011 in the Council of Ministers, the President of the Republic of guatemala declared a state of emergency in the Department of Petén for a period of thirty (30) days, beginning on the date"
Guatemala,Guatemala,2011-06-21,2011,extensión,estado de emergencia,directo,,,ONU_PIDCP_art4,"... by Government decree No. 5-2011, the state of emergency declared by by Government Decree 4-2011 is extended for an additional period of 30 days in the Department of Petén. Measures restricting the application of articles 9, 12 and 21 of the Covenant remain in effect.","... by Government decree No. 5-2011, the state of emergency declared by by Government Decree 4-2011 is extended for an additional period of 30 days in the Department of Petén. Measures restricting the application of arti"
Guatemala,Guatemala,2011-07-21,2011,extensión,estado de emergencia,directo,,,ONU_PIDCP_art4,"... by Government Decree No. 6-2011, the President of Guatemala extended for an additional 30 days the state of emergency in the Department of Petén declared by Government Decree No. 4-2011 and extended by Government Decree No. 5-2011. Measures restricting the application of articles 9, 12 and 21 of the Covenant remain in effect.","... by Government Decree No. 6-2011, the President of Guatemala extended for an additional 30 days the state of emergency in the Department of Petén declared by Government Decree No. 4-2011 and extended by Government Dec"
Guatemala,Guatemala,2011-08-25,2011,declaración,estado de emergencia,directo,,,ONU_PIDCP_art4,"... by Government Decree No. 7-2011, the President of the Republic of Guatemala, in the Council of Ministers, declared a state of emergency in the Department of Petén for 30 days as of 14 August 2011. The exercise of the rights and freedoms set out in articles 9, 12 and 21 of the Covenant have been restricted.","... by Government Decree No. 7-2011, the President of the Republic of Guatemala, in the Council of Ministers, declared a state of emergency in the Department of Petén for 30 days as of 14 August 2011. The exercise of the"
Guatemala,Guatemala,2011-09-06,2011,declaración,estado de emergencia,heredado,,,ONU_PIDCP_art4,"In a note received on 6 September 2011, the Government of Guatemala informed the Secretary-General that the state of public emergency declared by Government Decree 6-2011, dated 14 July 2011, ended on 17 August 2011.","In a note received on 6 September 2011, the Government of Guatemala informed the Secretary-General that the state of public emergency declared by Government Decree 6-2011, dated 14 July 2011, ended on 17 August 2011."
Trinidad y Tobago,Trinidad and Tobago,2011-09-29,2011,extensión,estado de emergencia,heredado,,,ONU_PIDCP_art4,"By Legal Notice No. 162 of 2011, on 21 August 2011, the President of the Republic of Trinidad and Tobago declared the existence of a state of public emergency in the Republic of Trinidad and Tobago. In accordance with Chapter 1:01 of the Constitution of the Republic of Trinidad and Tobago, the president of the Republic was satisfied ""that action has been taken or is immediately threatened by persons or bodies of persons of such a nature and on so extensive a scale to be likely to endanger the public safety"". Further, in accordance with Section 10 (1) of the Constitution, the Proclamation was on September 4, 2011 extended by resolution, supported by a simple majority vote of the House of Representatives, for a further period of three months (Legal Notice No. 175 of 2011). By the enactment of the Emergency Powers Regulations, 2011 (Legal Notice No. 163 of 2011 and the Emergency Powers (Amendment) Regulations, 2011 (Legal Notice No. 171 of 2011), rights protected by Articles, 9, 12, 14 and 21 are suspended.","By Legal Notice No. 162 of 2011, on 21 August 2011, the President of the Republic of Trinidad and Tobago declared the existence of a state of public emergency in the Republic of Trinidad and Tobago. In accordance with Ch"
Guatemala,Guatemala,2011-10-12,2011,declaración,estado de emergencia,heredado,,,ONU_PIDCP_art4,"... by Government Decree 9-2011, the Vice-President of the Republic of Guatemala, acting in the Council of Ministers and on the authority of the President of the Republic, declared a state of public emergency in the Department of Santa Rosa for a period of thirty (30) days as from the date of the entry into force of that Decree. In that connection, measures restricting the application of articles 9, 12 and 21 of the International Covenant on Civil and Political Rights were taken.","... by Government Decree 9-2011, the Vice-President of the Republic of Guatemala, acting in the Council of Ministers and on the authority of the President of the Republic, declared a state of public emergency in the Depa"
Guatemala,Guatemala,2011-10-14,2011,extensión,estado de emergencia,directo,,,ONU_PIDCP_art4,"... on 14 August 2011, the President of the Republic of Guatemala, in the Council of Ministers, through Government Decree No. 7-2011, declared a state of emergency in the Department of Petén, Guatemala, for a period of thirty (30) days. Because of the continuation of the conditions that led to declare the above-mentioned state of emergency, by Government Decree No. 8-2011, dated 13 September, 2011, the President of the Republic of Guatemala again extended the state of emergency for an additional 30 days in the Department of Petén, Guatemala.","... on 14 August 2011, the President of the Republic of Guatemala, in the Council of Ministers, through Government Decree No. 7-2011, declared a state of emergency in the Department of Petén, Guatemala, for a period of t"
Guatemala,Guatemala,2011-10-20,2011,declaración,estado de emergencia,directo,,,ONU_PIDCP_art4,"On 15 October 2011, the President of the Republic of Guatemala declared in the Council of Ministers, by Government decree No. 10-2011, a state of emergency throughout the national territory, to run for thirty days starting from the date of entry into force of that decree. Measures have been adopted to derogate as necessary from the provisions of articles 9, 12 and 21 of the aforementioned International Covenant.","On 15 October 2011, the President of the Republic of Guatemala declared in the Council of Ministers, by Government decree No. 10-2011, a state of emergency throughout the national territory, to run for thirty days starti"
Perú,Peru,2011-12-07,2011,declaración,estado de emergencia,directo,,,ONU_PIDCP_art4,"[...] by Supreme Decree No. 093-2011-PCM, issued on 4 December 2011, [...], a state of emergency was declared for a period of sixty days, starting on 5 December 2011, in Cajamarca, Celendín, Hualgayoc and Contumazá provinces in the administrative department of Cajamarca. During the state of emergency, the President has suspended the right to inviolability of the home, freedom of movement, freedom of assembly and liberty and security of person, under article 2, paragraphs 9, 11, 12 and 24(f) of the Political Constitution of Peru, and articles 17, 12, 21 and 9 of the International Covenant on Civil and Political Rights, respectively.","[...] by Supreme Decree No. 093-2011-PCM, issued on 4 December 2011, [...], a state of emergency was declared for a period of sixty days, starting on 5 December 2011, in Cajamarca, Celendín, Hualgayoc and Contumazá provi"
Trinidad y Tobago,Trinidad and Tobago,2011-12-22,2011,extensión,estado de emergencia,heredado,,,ONU_PIDCP_art4,"By note 692 dated 28 September 2011, the President of the Republic of Trinidad and Tobago notified that the state of public emergency declared in Trinidad and Tobago on 21st August 2011, for a period of fifteen days with a further extension by Parliament for a period of three months has ended at midnight on Monday 5th December 2011.","By note 692 dated 28 September 2011, the President of the Republic of Trinidad and Tobago notified that the state of public emergency declared in Trinidad and Tobago on 21st August 2011, for a period of fifteen days with"
Perú,Peru,2011-12-23,2011,fin/levantamiento,estado de emergencia,directo,,,ONU_PIDCP_art4,"... by Supreme Decree No. 096-2011-PCM, issued on 15 December 2011, the state of emergency in the provinces of Cajamarca, Celendín, Hualgayoc and Contumazá in the department of Cajamarca, declared in Supreme Decree No. 093-2011-PCM, has been lifted.","... by Supreme Decree No. 096-2011-PCM, issued on 15 December 2011, the state of emergency in the provinces of Cajamarca, Celendín, Hualgayoc and Contumazá in the department of Cajamarca, declared in Supreme Decree No. 0"
Perú,Peru,2012-05-24,2012,declaración,estado de emergencia,directo,,,ONU_PIDCP_art4,"[...] by Supreme Decree No. 043-2012-PCM, issued on 10 April 2012, a state of emergency was declared for a period of 60 days, with effect from 11 April 2012, in the district of Echarate, province of La Convención, department of Cusco. During the state of emergency, the right to inviolability of the home, freedom of movement, freedom of assembly and liberty and security of person, under article 2, paragraphs 9, 11, 12 and 24(f) of the Political Constitution of Peru, and articles 17, 12, 21 and 9 of the International Covenant on Civil and Political Rights, respectively, shall be suspended.","[...] by Supreme Decree No. 043-2012-PCM, issued on 10 April 2012, a state of emergency was declared for a period of 60 days, with effect from 11 April 2012, in the district of Echarate, province of La Convención, depart"
Perú,Peru,2012-05-24,2012,extensión,estado de emergencia,directo,,,ONU_PIDCP_art4,"[...] in reference to Supreme Decree 085-2011-PCM (5 November 2011), by which a state of emergency was declared in the provinces of Huanta and La Mar, department of Ayacucho; in the province of Tayacaja, department of Huancavelica; in the districts of Kimbiri, Pichari and Vilcabamba, province of La Convención, department of Cusco; in the province of Satipo; in the districts of Andamarca and Comas, province of Concepción; and in the districts of Santo Domingo de Acobamba and Pariahuanca, province of Huancayo, department of Junín. That state of emergency was extended by Supreme Decree 004-2012-PCM (4 January 2012). In that regard, in accordance with the provisions of article 4 of the International Covenant on Civil and Political Rights, the Permanent Mission of Peru to the United Nations informs the Secretariat of the United Nations that, by Supreme Decree 022-2012-PCM [...] the state of emergency was extended for 60 days, in effect from 6 March 2012. During the state of emergency, the right to inviolability of the home, freedom of movement, freedom of assembly and liberty and security of person, set out in article 2, paragraphs 9, 11, 12 and 24 (f), of the Political Constitution of Peru and in articles 17, 12, 21 and 9 of the International Covenant on Civil and Political Rights, respectively, are suspended.","[...] in reference to Supreme Decree 085-2011-PCM (5 November 2011), by which a state of emergency was declared in the provinces of Huanta and La Mar, department of Ayacucho; in the province of Tayacaja, department of Hu"
Perú,Peru,2012-05-24,2012,extensión,estado de emergencia,directo,,,ONU_PIDCP_art4,"[...] reference is made to Supreme Decree 078-2011-PCM (12 September 2011) by which a state of emergency was declared in the district of Cholón, province of Marañón; in the district of Monzón, province of Humalíes; and in the province of Leoncio Prado, all in the department of Huánuco; in the province of Tocache, department of San Martín; and in the province of Padre Abad, department of Ucayali. The above-mentioned state of emergency was extended by Supreme Decrees 087-2011-PCM (11 November 2011) and 002-2012-PCM (3 January 2012). In that regard, in accordance with the provisions of article 4 of the International Covenant on Civil and Political Rights, the Permanent Mission of Peru to the United Nations informs the Secretariat of the United Nations that, by Supreme Decree 023-2012-PCM, a copy of which is attached to the present note, the aforementioned state of emergency was extended for 60 days, in effect from 11 March 2012. During the state of emergency, the rights of inviolability of the home, freedom of movement, freedom of assembly and liberty and security of person, set out in article 2, paragraphs 9, 11, 12 and 24(f), of the Political Constitution of Peru and in articles 17, 12, 21 and 9 of the International Covenant on Civil and Political Rights, respectively, are suspended.","[...] reference is made to Supreme Decree 078-2011-PCM (12 September 2011) by which a state of emergency was declared in the district of Cholón, province of Marañón; in the district of Monzón, province of Humalíes; and i"
Perú,Peru,2012-06-01,2012,declaración,estado de emergencia,directo,,,ONU_PIDCP_art4,"[...] by Supreme Decree No. 056-2012-PCM, issued on 28 May 2012, a state of emergency was declared for a period of thirty (30) days, in effect from 29 May 2012, in the province of Espinar, department of Cusco, where the National Police of Peru shall maintain public order. During the state of emergency, the right to inviolability of the home, freedom of movement, freedom of assembly and liberty and security of person, set out in article 2, paragraphs 9, 11, 12 and 24 (f), of the Political Constitution of Peru and in articles 17, 12, 21 and 9 of the International Covenant on Civil and Political Rights, respectively, are suspended.","[...] by Supreme Decree No. 056-2012-PCM, issued on 28 May 2012, a state of emergency was declared for a period of thirty (30) days, in effect from 29 May 2012, in the province of Espinar, department of Cusco, where the "
Perú,Peru,2012-06-01,2012,extensión,estado de emergencia,directo,,,ONU_PIDCP_art4,"[...] in reference to Supreme Decree 085-2011-PCM (5 November 2011), by which a state of emergency was declared in the provinces of Huanta and La Mar, in the department of Ayacucho; in the province of Tayacaja, department of Huancavelica; in the districts of Kimbiri, Pichari and Vilcabamba, province of La Convención, in the department of Cusco; in the province of Satipo; in the districts of Andamarca and Comas, province of Concepción; and in the districts of Santo Domingo de Acobamba and Pariahuanca province of Huancayo, department of Junín, the aforementioned state of emergency was extended by Supreme Decrees 004-2012-PCM (4 January 2012) and 022-2012-PCM (6 March 2012). In that regard, in accordance with the provisions of article 4 of the International Covenant on Civil and Political Rights, by Supreme Decree 060-2012-PCM, the state of emergency was extended for 60 days, in effect from 4 June 2012. During the state of emergency, the right to inviolability of the home, freedom of movement, freedom of assembly and liberty and security of person, set out in article 2, paragraphs 9, 11, 12 and 24 (f), of the Political Constitution of Peru and in articles 17, 12, 21 and 9 of the International Covenant on Civil and Political Rights, respectively, are suspended.","[...] in reference to Supreme Decree 085-2011-PCM (5 November 2011), by which a state of emergency was declared in the provinces of Huanta and La Mar, in the department of Ayacucho; in the province of Tayacaja, departmen"
Guatemala,Guatemala,2012-06-13,2012,fin/levantamiento,estado de emergencia,directo,,,ONU_PIDCP_art4,"[...] on 1 May 2012 the President of the Republic of Guatemala, in the Council of Ministers, declared a state of emergency in the town of Santa Cruz Barillas, Department of Huehuetenango, by Government Decree No. 1-2012. Government Decree No. 1-2012 entered into force immediately for a period of thirty (30) days in the town of Santa Cruz Barillas, Department of Huehuetenango, Guatemala. It restricted the exercise of the rights referred to in articles 9, 12 and 21 of the International Covenant on Civil and Political Rights, with regard to lawful detention, freedom of movement and the right of assembly and demonstration, as well as the right to bear arms. However, as the circumstances that led to that decree no longer exist, on 18 May 2012 the state of emergency in the town of Santa Cruz Barillas, Department of Huehuetenango, was lifted by Government Decree No. 2-2012.","[...] on 1 May 2012 the President of the Republic of Guatemala, in the Council of Ministers, declared a state of emergency in the town of Santa Cruz Barillas, Department of Huehuetenango, by Government Decree No. 1-2012."
Perú,Peru,2012-07-10,2012,declaración,estado de emergencia,directo,,,ONU_PIDCP_art4,"[...] by Supreme Decree No. 070-2012-PCM, promulgated on 3 July 2012, a state of emergency was declared for thirty (30) days in the provinces of Cajamarca, Celendín and Hualgayoc in the department of Cajamarca, with the National Police of Peru maintaining public order. During the state of emergency, the right to inviolability of the home, freedom of movement, freedom of assembly, and liberty and security of person, provided for in article 2, paragraphs 9, 11, 12 and 24(f), of the Political Constitution of Peru and in articles 17, 12, 21 and 9 of the International Covenant on Civil and Political Rights, respectively, are suspended.","[...] by Supreme Decree No. 070-2012-PCM, promulgated on 3 July 2012, a state of emergency was declared for thirty (30) days in the provinces of Cajamarca, Celendín and Hualgayoc in the department of Cajamarca, with the "
Perú,Peru,2012-07-17,2012,extensión,estado de emergencia,directo,,,ONU_PIDCP_art4,"[...] by Supreme Decree No. 078-2011-PCM (12 September 2011) a state of emergency was declared in the Cholón district of the province of Marañón, the Monzón district of the province of Huamalíes and the province of Leoncio Prado, all located in the department of Huánuco; the province of Tocache, department of San Martín; and the province of Padre Abad, department of Ucayali. The aforementioned state of emergency was extended by Supreme Decrees Nos. 087-2011-PCM (11 November 2011), 002-2012-PCM (3 January 2012), 023-2012-PCM (10 March 2012) and 052-2012-PCM. By Supreme Decree No. 073-2012-PCM, the aforementioned state of emergency was extended for 60 days, with effect from 9 July 2012. During the state of emergency, the rights to inviolability of the home, freedom of movement, freedom of assembly, and liberty and security of person, which are recognized in article 2, paragraphs 9, 11, 12 and 24(f), of the Political Constitution of Peru and in articles 17, 12, 21 and 9 of the International Covenant on Civil and Political Rights, respectively, are suspended.","[...] by Supreme Decree No. 078-2011-PCM (12 September 2011) a state of emergency was declared in the Cholón district of the province of Marañón, the Monzón district of the province of Huamalíes and the province of Leonc"
Perú,Peru,2012-08-07,2012,extensión,estado de emergencia,directo,,,ONU_PIDCP_art4,"[...] by Supreme Decree No. 085-2011-PCM (5 November 2011), a state of emergency was declared in the provinces of Huanta and La Mar, department of Ayacucho; the province of Tayacaja, department of Huancavelica; the Kimbiri, Pichari and Vilcabamba districts of the province of La Convención, department of Cusco; the province of Satipo, the Andamarca and Comas districts of the province of Concepción, and the Santo Domingo de Acobamba and Pariahuanca districts of the province of Huancayo, department of Junín. It should be pointed out that the aforementioned state of emergency was extended by Supreme Decrees Nos. 004-2012-PCM (4 January 2012), 022-2012-PCM (6 March 2012) and 060-2012-PCM (29 May 2012). In this regard, and in compliance with the provisions of article 4 of the International Covenant on Civil and Political Rights, by Supreme Decree No. 081-2012-PCM, the aforementioned state of emergency has been extended for a period of sixty days as from 3 August 2012. During the state of emergency, the rights to inviolability of the home, freedom of movement, freedom of assembly, and liberty and security of person, provided for in article 2, paragraphs 9, 11, 12 and 24 (f) of the Political Constitution of Peru and in articles 17, 12, 21 and 9 of the International Covenant on Civil and Political Rights, respectively, are suspended.","[...] by Supreme Decree No. 085-2011-PCM (5 November 2011), a state of emergency was declared in the provinces of Huanta and La Mar, department of Ayacucho; the province of Tayacaja, department of Huancavelica; the Kimbi"
Perú,Peru,2012-08-07,2012,extensión,estado de emergencia,directo,,,ONU_PIDCP_art4,"[...] by Supreme Decree No. 061-2012-PCM (29 May 2012), a state of emergency was declared in the Echarate district of the province of La Convención, department of Cusco. In this regard, and in compliance with the provisions of article 4 of the International Covenant on Civil and Political Rights, by Supreme Decree No. 080-2012-PCM, the aforementioned state of emergency has been extended for a period of sixty days as from 9 August 2012. During the state of emergency, the rights to inviolability of the home, freedom of movement, freedom of assembly, and liberty and security of person, provided for in article 2, paragraphs 9, 11, 12 and 24 (f), of the Political Constitution of Peru and in articles 17, 12, 21 and 9 of the International Covenant on Civil and Political Rights, respectively, are suspended.","[...] by Supreme Decree No. 061-2012-PCM (29 May 2012), a state of emergency was declared in the Echarate district of the province of La Convención, department of Cusco. In this regard, and in compliance with the provisi"
Perú,Peru,2012-08-08,2012,extensión,estado de emergencia,directo,,,ONU_PIDCP_art4,"[...] by Supreme Decree No. 070-2012-PCM, promulgated on 3 July 2012, a state of emergency was declared for thirty (30) days in the provinces of Cajamarca, Celendín and Hualgayoc, department of Cajamarca. In this regard, and in compliance with the provisions of article 4 of the International Covenant on Civil and Political Rights, by Supreme Decree No. 082-2012-PCM, the aforementioned state of emergency has been extended for a period of thirty days as from 3 August 2012. During the state of emergency, the rights to inviolability of the home, freedom of movement, freedom of assembly, and liberty and security of person, provided for in article 2, paragraphs 9, 11, 12 and 24 (f), of the Political Constitution of Peru and in articles 17, 12, 21 and 9 of the International Covenant on Civil and Political Rights, respectively, are suspended.","[...] by Supreme Decree No. 070-2012-PCM, promulgated on 3 July 2012, a state of emergency was declared for thirty (30) days in the provinces of Cajamarca, Celendín and Hualgayoc, department of Cajamarca. In this regard,"
Perú,Peru,2012-10-04,2012,extensión,estado de emergencia,directo,,,ONU_PIDCP_art4,"[...] by Supreme Decree No. 085-2011-PCM (5 November 2011) by which a state of emergency was declared in the provinces of Huanta and La Mar, department of Ayacucho; the province of Tayacaja, department of Huancavelica; the Kimbiri, Pichari and Vilcabamba districts of the province of La Convención, department of Cusco; the province of Satipo; the Andamarca and Comas districts of the province of Concepción; and the Santo Domingo de Acobamba and Pariahuanca districts of the province of Huancayo, department of Junín. The above-mentioned state of emergency was extended by Supreme Decrees 004-2012-PCM (4 January 2012), 022-2012-PCM (6 March 2012), 060-2012-PCM (29 May 2012) and 081-2012-PCM (1 August 2012). In that regard, and in accordance with the provisions of article 4 of the International Covenant on Civil and Political Rights, the Permanent Mission of Peru to the United Nations hereby informs the Secretariat that, by Supreme Decree 098-2012-PCM, a copy of which is attached hereto, the aforementioned state of emergency has been extended for 60 days, with effect from 2 October 2012. During the state of emergency, the rights to inviolability of the home, freedom of movement, freedom of assembly, and liberty and security of person, provided for in article 2, paragraphs 9, 11, 12 and 24(f), of the Political Constitution of Peru and in articles 17, 12, 21 and 9 of the International Covenant on Civil and Political Rights, respectively, are suspended.","[...] by Supreme Decree No. 085-2011-PCM (5 November 2011) by which a state of emergency was declared in the provinces of Huanta and La Mar, department of Ayacucho; the province of Tayacaja, department of Huancavelica; t"
Perú,Peru,2012-10-04,2012,extensión,estado de emergencia,directo,,,ONU_PIDCP_art4,"[...] by Supreme Decree No. 061-2012-PCM (29 May 2012) by which a state of emergency was declared in the Echarate district of the province of La Convención, department of Cusco. The above-mentioned state of emergency was extended by Supreme Decree 080-2012-PCM (1 August 2012). In that regard, and in accordance with the provisions of article 4 of the International Covenant on Civil and Political Rights, the Permanent Mission of Peru to the United Nations hereby informs the Secretariat that, by Supreme Decree 099-2012-PCM, the aforementioned state of emergency has been extended for 60 days, with effect from 8 October 2012. During the state of emergency, the rights to inviolability of the home, freedom of movement, freedom of assembly, and liberty and security of person, provided for in article 2, paragraphs 9, 11, 12 and 24(f), of the Political Constitution of Peru and in articles 17, 12, 21 and 9 of the International Covenant on Civil and Political Rights, respectively, are suspended.","[...] by Supreme Decree No. 061-2012-PCM (29 May 2012) by which a state of emergency was declared in the Echarate district of the province of La Convención, department of Cusco. The above-mentioned state of emergency was"
Guatemala,Guatemala,2012-11-23,2012,declaración,estado de emergencia,heredado,,,ONU_PIDCP_art4,"On 7 November 2012, the President of the Republic of Guatemala, in the Council of Ministers, declared a state of disaster in the Guatemalan departments of Retalhuleu, Quetzaltenango, Sololá, Quiché, Totonicapán, San Marcos and Huehuetenango through Government Decree No. 3-2012. Subsequently, the President of the Republic, in the Council of Ministers, expanded the state of disaster declared through Government Decree No. 3-2012 to include the department of Suchitepéquez. The relevant measures have been decreed for a period of fifteen (15) days and restrict the implementation of article 12 of the above-mentioned Covenant with regard to liberty of movement.","On 7 November 2012, the President of the Republic of Guatemala, in the Council of Ministers, declared a state of disaster in the Guatemalan departments of Retalhuleu, Quetzaltenango, Sololá, Quiché, Totonicapán, San Marc"
Perú,Peru,2012-12-12,2012,extensión,estado de emergencia,directo,,,ONU_PIDCP_art4,"[...] by Supreme Decree 085-2011-PCM (5 November 2011) by which a state of emergency was declared in the provinces of Huanta and La Mar, department of Ayacucho; the province of Tayacaja, department of Huancavelica; the Kimbiri, Pichari and Vilcabamba districts of the province of La Convención, department of Cusco; the province of Satipo; the Andamarca and Comas districts of the province of Concepción; and the Santo Domingo de Acobamba and Pariahuanca districts of the province of Huancayo, department of Junín. The abovementioned state of emergency was extended by Supreme Decrees 004-2012-PCM (4 January 2012), 022-2012-PCM (6 March 2012), 060-2012-PCM (29 May 2012), 081-2012-PCM (1 August 2012) and 098-2012-PCM (27 September 2012). In that regard, and in accordance with the provisions of article 4 of the International Covenant on Civil and Political Rights, the Permanent Mission of Peru to the United Nations hereby informs the Secretariat that, by Supreme Decree 115-2012-PCM, the aforementioned state of emergency has been extended for 60 days, with effect from 1 December 2012. During the state of emergency, the rights to inviolability of the home, freedom of movement, freedom of assembly, and liberty and security of person, provided for in article 2, paragraphs 9, 11, 12 and 24(f), of the Political Constitution of Peru and in articles 17, 12, 21 and 9 of the International Covenant on Civil and Political Rights, respectively, shall be suspended.","[...] by Supreme Decree 085-2011-PCM (5 November 2011) by which a state of emergency was declared in the provinces of Huanta and La Mar, department of Ayacucho; the province of Tayacaja, department of Huancavelica; the K"
Perú,Peru,2012-12-12,2012,extensión,estado de emergencia,directo,,,ONU_PIDCP_art4,"[...] by Supreme Decree 061-2012-PCM (29 May 2012) by which a state of emergency was declared in the Echarate district of the province of La Convención, department of Cusco. The above-mentioned state of emergency was extended by Supreme Decree 080-2012-PCM (1 August 2012) and Supreme Decree 099-2012-PCM (27 September 2012). In that regard, and in accordance with the provisions of article 4 of the International Covenant on Civil and Political Rights, the Permanent Mission of Peru to the United Nations hereby informs the Secretariat that, by Supreme Decree 116-2012-PCM, the aforementioned state of emergency has been extended for 60 days, with effect from 7 December 2012. During the state of emergency, the rights to inviolability of the home, freedom of movement, freedom of assembly, and liberty and security of person, provided for in article 2, paragraphs 9, 11, 12 and 24(f), of the Political Constitution of Peru and in articles 17, 12, 21 and 9 of the International Covenant on Civil and Political Rights, respectively, shall be suspended.","[...] by Supreme Decree 061-2012-PCM (29 May 2012) by which a state of emergency was declared in the Echarate district of the province of La Convención, department of Cusco. The above-mentioned state of emergency was ext"
Perú,Peru,2012-12-12,2012,extensión,estado de emergencia,directo,,,ONU_PIDCP_art4,"[...] by Supreme Decree No. 078-2011-PCM (12 September 2011) by which a state of emergency was declared in the Cholón district of the province of Marañón, the Monzón district of the province of Huamalíes and the province of Leoncio Prado, all located in the department of Huánuco; the province of Tocache, department of San Martín; and the province of Padre Abad, department of Ucayali. The above-mentioned state of emergency was extended by Supreme Decrees Nos. 087-2011-PCM (11 November 2011), 002-2012-PCM (3 January 2012), 023-2012-PCM (10 March 2012), 052-2012-PCM (9 May 2012), 073-2012-PCM (7 July 2012), 092-2012-PCM (6 September 2012) and 108-2012-PCM (26 October 2012). In that regard, in accordance with the provisions of article 4 of the International Covenant on Civil and Political Rights, the Permanent Mission of Peru to the United Nations hereby informs the Secretariat of the United Nations that, by Supreme Decree No. 002-2013-PCM,the aforementioned state of emergency was extended for 60 days, with effect from 5 January 2013. During the state of emergency, the rights to inviolability of the home, freedom of movement, freedom of assembly, and liberty and security of person, set out in article 2, paragraphs 9, 11, 12, and 24 (f), of the Political Constitution of Peru and in articles 17, 12, 21 and 9 of the International Covenant on Civil and Political Rights, respectively, are suspended.","[...] by Supreme Decree No. 078-2011-PCM (12 September 2011) by which a state of emergency was declared in the Cholón district of the province of Marañón, the Monzón district of the province of Huamalíes and the province"
Guatemala,Guatemala,2012-12-18,2012,extensión,estado de emergencia,heredado,,,ONU_PIDCP_art4,"On 7 November 2012, the President of the Republic of Guatemala, in the Council of Ministers, declared a state of disaster in the Guatemalan departments of Retalhuleu, Quetzaltenango, Sololá, Quiché, Totonicapán, San Marcos, Huehuetenango and Suchitepéquez through Government Decrees Nos. 3-2012 and 4-2012. Because the conditions that gave rise to the aforementioned declaration of a state of disaster still persist, the President of the Republic of Guatemala has further extended, through Government Decree No. 5-2012 of 7 December 2012, the state of disaster in the Guatemalan departments of Retalhuleu, Quetzaltenango, Sololá, Quiché, Totonicapán, San Marcos, Huehuetenango and Suchitepéquez, for a period of thirty additional days.","On 7 November 2012, the President of the Republic of Guatemala, in the Council of Ministers, declared a state of disaster in the Guatemalan departments of Retalhuleu, Quetzaltenango, Sololá, Quiché, Totonicapán, San Marc"
Guatemala,Guatemala,2013-01-15,2013,extensión,estado de emergencia,heredado,,,ONU_PIDCP_art4,"... on 7 November 2012, the President of the Republic of Guatemala, in the Council of Ministers, declared a state of disaster in the Guatemalan departments of Retalhuleu, Quetzaltenango, Sololá, Quiché, Totonicapán, San Marcos, Huehuetenango and Suchitepéquez through Government Decrees Nos. 3-2012 and 4-2012. Subsequently, on 7 December 2012, the President of the Republic of Guatemala extended the state of disaster for an additional thirty days in the Guatemalan departments of Retalhuleu, Quetzaltenango, Sololá, Quiché, Totonicapán, San Marcos, Huehuetenango and Suchitepéquez, through Government Decree 5-2012. Because the conditions that gave rise to the aforementioned declaration of a state of disaster still persist, the President of the Republic of Guatemala has further extended, through Government Decree No. 1-2013 of 7 January 2013, the state of disaster in the Guatemalan departments of Retalhuleu, Quetzaltenango, Sololá, Quiché, Totonicapán, San Marcos, Huehuetenango and Suchitepéquez, for a period of thirty additional days ...","... on 7 November 2012, the President of the Republic of Guatemala, in the Council of Ministers, declared a state of disaster in the Guatemalan departments of Retalhuleu, Quetzaltenango, Sololá, Quiché, Totonicapán, San "
Guatemala,Guatemala,2013-02-27,2013,extensión,estado de emergencia,heredado,,,ONU_PIDCP_art4,"... on 7 November 2012, the President of the Republic of Guatemala, in the Council of Ministers, declared a state of disaster in the Guatemalan departments of Retalhuleu, Quetzaltenango, Sololá, Quiché, Totonicapán, San Marcos, Huehuetenango and Suchitepéquez through Government Decrees Nos. 3-2012, 4-2012, 5-2012 and 1-2013. Because the conditions that gave rise to the aforementioned declaration of a state of disaster still persist, the President of the Republic of Guatemala has further extended, through Government Decree No. 2-2013 of 31 January 2013, the state of disaster in the Guatemalan departments of Retalhuleu, Quetzaltenango, Sololá, Quiché, Totonicapán, San Marcos, Huehuetenango and Suchitepéquez, for a period of thirty additional days.","... on 7 November 2012, the President of the Republic of Guatemala, in the Council of Ministers, declared a state of disaster in the Guatemalan departments of Retalhuleu, Quetzaltenango, Sololá, Quiché, Totonicapán, San "
Perú,Peru,2013-03-13,2013,extensión,estado de emergencia,directo,,,ONU_PIDCP_art4,"[...] by Supreme Decree No. 078- 2011-PCM (12 September 2011) by which a state of emergency was declared in the Cholón district of the province of Marañón, the Monzón district of the province of Huamalies and the province of Leoncio Prado, all located in the department of Huánuco; the province of Tocache, department of San Martin; and the province of Padre Abad, department of Ucayali. The above-mentioned state of emergency was extended by Supreme Decrees Nos. 087-2011-PCM (11 November 2011), 002-2012-PCM (3 January 2012), 023-2012-PCM (10 March 2012), 052-2012-PCM, 073-2012-PCM (7 July 2012), 092-2012-PCM (6 September 2012) and 108-2012-PCM (26 October 2012) and 001-2013-PCM (3 January 2013). In that regard, in accordance with the provisions of article 4 of the International Covenant on Civil and Political Rights, the Permanent Mission of Peru to the United Nations hereby informs the Secretariat of the United Nations that, by Supreme Decree No. 022-2013-PCM, the aforementioned state of emergency was extended for 60 days, with effect from 6 March 2013. During the state of emergency, the rights to inviolability of the home, freedom of movement, freedom of assembly, and liberty and security of person, set out in article 2, paragraphs 9, 11, 12, and 24 (f), of the Political Constitution of Peru and in articles 17, 12, 21 and 9 of the International Covenant on Civil and Political Rights, respectively, are suspended.","[...] by Supreme Decree No. 078- 2011-PCM (12 September 2011) by which a state of emergency was declared in the Cholón district of the province of Marañón, the Monzón district of the province of Huamalies and the provinc"
Perú,Peru,2013-03-13,2013,extensión,estado de emergencia,directo,,,ONU_PIDCP_art4,"[...] by Supreme Decree 061-2012-PCM (29 May 2012) by which a state of emergency was declared in the Echarate district of the province of La Convención, department of Cusco. The aforementioned state of emergency was extended by Supreme Decree 080-2012-PCM (1 August 2012), Supreme Decree 099-2012-PCM (27 September 2012) and Supreme Decree 116-2012-PCM (23 November 2012). In that regard, and in accordance with the provisions of article 4 of the International Covenant on Civil and Political Rights, the Permanent Mission of Peru to the United Nations hereby informs the Secretariat that, by Supreme Decree 011-2013-PCM, the aforementioned state of emergency has been extended for 60 days, with effect from 5 February 2013. During the state of emergency, the rights to inviolability of the home, freedom of movement, freedom of assembly, and liberty and security of the person, provided for in article 2, paragraphs 9, 11, 12 and 24 (f), of the Political Constitution of Peru and in articles 17, 12, 21 and 9 of the International Covenant on Civil and Political Rights, respectively, shall be suspended.","[...] by Supreme Decree 061-2012-PCM (29 May 2012) by which a state of emergency was declared in the Echarate district of the province of La Convención, department of Cusco. The aforementioned state of emergency was exte"
Perú,Peru,2013-03-13,2013,extensión,estado de emergencia,directo,,,ONU_PIDCP_art4,"[...] by Supreme Decree No. 085-2011-PCM, issued on 5 November 2011, by which a state of emergency was declared in the provinces of Huanta and La Mar, department of Ayacucho; the province of Tayacaja, department of Huancavelica; the districts of Kimbiri, Pichari and Vilcabamba, province of La Convención, department of Cusco; the province of Satipo; the districts of Andamarca and Comas, province of Concepción; and the districts of Santo Domingo de Acobamba and Pariahuanca, province of Huancayo, department of Junín. This state of emergency was extended under Supreme Decree 004-2012-PCM, issued on 4 January 2012; Supreme Decree 022-2012-PCM, issued on 6 March 2012; Supreme Decree 060-2012-PCM, issued on 29 May 2012; Supreme Decree 081-2012-PCM, issued on 1 August 2012; Supreme Decree 098-2012-PCM, issued on 27 September 2012; and Supreme Decree 115-2012-PCM, issued on 23 November 2012. In this regard, under article 4 of the International Covenant on Civil and Political Rights, the Permanent Mission of Peru to the United Nations wishes to note that, pursuant to Supreme Decree 010-2013-PCM, the state of emergency has been extended for 60 days from 30 January 2013. During the state of emergency, the rights to inviolability of the home, freedom of movement, freedom of assembly and freedom and security of person, which are recognized in article 2, paragraphs 9, 11, 12 and 24 (f), of the Political Constitution of Peru and in articles 17, 12, 21 and 9 of the International Covenant on C","[...] by Supreme Decree No. 085-2011-PCM, issued on 5 November 2011, by which a state of emergency was declared in the provinces of Huanta and La Mar, department of Ayacucho; the province of Tayacaja, department of Huanc"
Perú,Peru,2013-03-28,2013,extensión,estado de emergencia,directo,,,ONU_PIDCP_art4,"[...] by Supreme Decree 085-2011-PCM (5 November 2011) by which a state of emergency was declared in the provinces of Huanta and La Mar, department of Ayacucho; the province of Tayacaja, department of Huancavelica; Kimbiri, Pichari and Vilcabamba districts of the province of La Convención, department of Cusco; the province of Satipo; Andamarca and Comas districts of the province of Concepción, and Santo Domingo de Acobamba and Pariahuanca districts of the province of Huancayo, department of Junín. The aforementioned state of emergency was extended by Supreme Decree 004-2012PCM (4 January 2012), 022-2012-PCM (6 March 2012), 060-2012-PCM (29 May 2012), Supreme Decree 081-2012-PCM (1 August 2012), Supreme Decree 098-2012-PCM (27 September 2012), Supreme Decree 115-2012-PCM (23 November 2012) and Supreme Decree 010-2013-PCM (26 January 2013). In that regard, and in accordance with the provisions of article 4 of the International Covenant on Civil and Political Rights, the Permanent Mission of Peru to the United Nations hereby informs the Secretariat that, by Supreme Decree 028-2013-PCM, the aforementioned state of emergency has been extended for 60 days, with effect from 31 March 2013. During the state of emergency, the rights to inviolability of the home, freedom of movement, freedom of assembly, and of liberty and security of the person, provided for in article 2, paragraphs 9, 11, 12 and 24(f), of the political Constitution of Peru and in articles 17, 12, 21 and 9 of the Inter","[...] by Supreme Decree 085-2011-PCM (5 November 2011) by which a state of emergency was declared in the provinces of Huanta and La Mar, department of Ayacucho; the province of Tayacaja, department of Huancavelica; Kimbi"
Perú,Peru,2013-03-28,2013,extensión,estado de emergencia,directo,,,ONU_PIDCP_art4,"[...] by Supreme Decree 061-2012-PCM (29 May 2012) by which a state of emergency was declared in the Echarate district of the province of La Convención, department of Cusco. The aforementioned state of emergency was extended by Supreme Decree 080-2012-PCM (1 August 2012), Supreme Decree 099-2012-PCM (27 September 2012), Supreme Decree 116-2012-PCM (23 November 2012) and Supreme Decree 011-2013-PCM (26 January 2013). In that regard, and in accordance with the provisions of article 4 of the International Covenant on Civil and Political Rights, the Permanent Mission of Peru to the United Nations hereby informs the Secretariat that, by Supreme Decree 029-2013-PCM, the aforementioned state of emergency has been extended for 60 days, with effect from 6 April 2013. During the state of emergency, the rights to inviolability of the home, freedom of movement, freedom of assembly, and of liberty and security of the person, provided for in article 2, paragraphs 9, 11, 12 and 24(f), of the Political Constitution of Peru and in articles 17, 12, 21 and 9 of the International Covenant of Civil and Political Rights, respectively, shall be suspended.","[...] by Supreme Decree 061-2012-PCM (29 May 2012) by which a state of emergency was declared in the Echarate district of the province of La Convención, department of Cusco. The aforementioned state of emergency was exte"
Perú,Peru,2013-05-09,2013,extensión,estado de emergencia,directo,,,ONU_PIDCP_art4,"[...] by Supreme Decree No. 078-2011-PCM of 12 September 2011, whereby a state of emergency was declared in the District of Cholón, Province of Marañón; in the District of Monzón, Province of Huamalíes; and in the Province of Leoncio Prado, all in the Department of Huánuco; in the Province of Tocache, Department of San Martín; and in the Province of Padre Abad, Department of Ucayali. It should be noted that this state of emergency was extended by Supreme Decrees Nos. 087-2011-PCM of 11 November 2011, 002-2012-PCM of 3 January 2012, 023-2012-PCM of 10 March 2012, 052-2012-PCM, 073-2012-PCM of 7 July 2012, 092-2012-PCM of 6 September 2012, 108-2012-PCM of 26 October 2012, 001-2013-PCM of 3 January 2013 and 022-2013-PCM of 1 March 2013. In that regard, in accordance with the provisions of article 4 of the International Covenant on Civil and Political Rights, the Permanent Mission of Peru to the United Nations hereby informs the Secretariat that the state of emergency has been extended by a further 60 days, with effect from 5 May 2013, pursuant to Supreme Decree No. 049-2013-PCM. The rights to inviolability of the home, freedom of movement, freedom of assembly and liberty and security of person, as set out in article 2, paragraphs 9, 11, 12 and 24(f), of the Political Constitution of Peru and in articles 17, 12, 21 and 9 of the International Covenant on Civil and Political Rights, respectively, will be suspended during the state of emergency.","[...] by Supreme Decree No. 078-2011-PCM of 12 September 2011, whereby a state of emergency was declared in the District of Cholón, Province of Marañón; in the District of Monzón, Province of Huamalíes; and in the Provin"
Perú,Peru,2013-05-30,2013,extensión,estado de emergencia,directo,,,ONU_PIDCP_art4,"[...] by Supreme Decree 061-2012-PCM (29 May 2012) by which a state of emergency was declared in the Echarate district of the province of La Convención, department of Cusco. The aforementioned state of emergency was extended by Supreme Decree 080-2012-PCM (1 August 2012), Supreme Decree 099-2012-PCM (27 September 2012), Supreme Decree 116-2012-PCM (23 November 2012), Supreme Decree 011-2013-PCM (26 January 2013) and Supreme Decree 029-2013-PCM (26 March 2013). In that regard, and in accordance with the provisions of article 4 of the International Covenant on Civil and Political Rights, the Permanent Mission of Peru to the United Nations hereby informs the Secretariat that, by Supreme Decree 059-2013-PCM, the aforementioned state of emergency has been extended for 60 days, with effect from 5 June 2013. During the state of emergency, the rights to inviolability of the home, freedom of movement, freedom of assembly, and of liberty and security of the person, provided for in article 2, paragraphs 9, 11, 12 and 24(f), of the Political Constitution of Peru and in articles 17, 12, 21 and 9 of the International Covenant on Civil and Political Rights, respectively, shall be suspended.","[...] by Supreme Decree 061-2012-PCM (29 May 2012) by which a state of emergency was declared in the Echarate district of the province of La Convención, department of Cusco. The aforementioned state of emergency was exte"
Perú,Peru,2013-05-30,2013,extensión,estado de emergencia,directo,,,ONU_PIDCP_art4,"[...] by Supreme Decree 085-2011-PCM (5 November 2011) by which a state of emergency was declared in the provinces of Huanta and La Mar, department of Ayacucho; the province of Tayacaja, department of Huancavelica; Kimbiri, Pichari and Vilcabamba districts of the province of La Convención, department of Cusco; the province of Satipo; Andamarca and Comas districts of the province of Concepción, and Santo Domingo de Acobamba and Pariahuanca districts of the province of Huancayo, department of Junín. The aforementioned state of emergency was extended by Supreme Decree 004-2012-PCM (4 January 2012), 022-2012-PCM (6 March 2012), 060-2012-PCM (29 May 2012), Supreme Decree 081-2012-PCM (1 August 2012), Supreme Decree 098-2012-PCM (27 September 2012), Supreme Decree 115-2012-PCM (23 November 2012), Supreme Decree 010-2013-PCM (26 January 2013) and Supreme Decree 028-2013-PCM (26 March 2013). In that regard, and in accordance with the provisions of article 4 of the International Covenant on Civil and Political Rights, the Permanent Mission of Peru to the United Nations hereby informs the Secretariat that, by Supreme Decree 058-2013-PCM, the aforementioned state of emergency has been extended for 60 days, with effect from 30 May 2013. During the state of emergency, the rights to inviolability of the home, freedom of movement, freedom of assembly, and of liberty and security of the person, provided for in article 2, paragraphs 9, 11, 12 and 24(f), of the political Constitution of Peru a","[...] by Supreme Decree 085-2011-PCM (5 November 2011) by which a state of emergency was declared in the provinces of Huanta and La Mar, department of Ayacucho; the province of Tayacaja, department of Huancavelica; Kimbi"
Perú,Peru,2013-07-31,2013,extensión,estado de emergencia,directo,,,ONU_PIDCP_art4,"[...] by Supreme Decree No. 085-2013-PCM, issued on 28 July 2013, the state of emergency in the provinces of Huanta and La Mar, department of Ayacucho; the province of Tayacaja, department of Huancavelica; the Kimbiri, Pichari and Vilcabamba districts of the province of La Convención, department of Cusco; the province of Satipo; the Andamarca and Comas districts of the province of Concepción; and the Santo Domingo de Acobamba and Pariahuanca districts of the province of Huancayo, department of Junín, has been extended for 60 days, with effect from 29 July 2013. The Permanent Mission has duly reported to the Secretariat previous extensions of the state of emergency in the aforementioned places, the most recent communication being Note 7-1-SG/27 dated 29 May 2013. During the state of emergency, the rights relating to liberty and security of person, inviolability of the home, freedom of assembly and freedom of movement within the territory, recognized in article 2, paragraphs 9, 11, 12 and 24 (f), of the Political Constitution of Peru and in articles 17, 12, 21 and 9 of the International Covenant on Civil and Political Rights, respectively, will be suspended in order to strengthen peacebuilding in the area and in the country.","[...] by Supreme Decree No. 085-2013-PCM, issued on 28 July 2013, the state of emergency in the provinces of Huanta and La Mar, department of Ayacucho; the province of Tayacaja, department of Huancavelica; the Kimbiri, P"
Perú,Peru,2013-07-31,2013,extensión,estado de emergencia,directo,,,ONU_PIDCP_art4,"[...] by Supreme Decree No. 086-2013-PCM, issued on 28 July 2013, the state of emergency in the Echarate district of the province of La Convención, department of Cusco, has been extended for 60 days, with effect from 4 August 2013. The Permanent Mission has duly reported to the Secretariat previous extensions of the state of emergency in the aforementioned places, the most recent communication being Note 7-1-SG/26 dated 29 May 2013. During the state of emergency, the rights relating to liberty and security of person, inviolability of the home, freedom of assembly and freedom of movement within the territory, recognized in article 2, paragraphs 9, 11, 12 and 24 (f), of the Political Constitution of Peru and in articles 17, 12, 21 and 9 of the International Covenant on Civil and Political Rights, respectively, shall be suspended in order to strengthen peacebuilding in the area and in the country.","[...] by Supreme Decree No. 086-2013-PCM, issued on 28 July 2013, the state of emergency in the Echarate district of the province of La Convención, department of Cusco, has been extended for 60 days, with effect from 4 A"
Perú,Peru,2013-10-11,2013,extensión,estado de emergencia,directo,,,ONU_PIDCP_art4,"[...] by Supreme Decree No. 99-2013-PCM, issued on 30 August 2013, the state of emergency in the districts of Cholón of the province of Marañón and Monzón of the province of Huamalíes, and in the province of Leoncio Prado, all in the department of Huánuco; in the province of Tocache, department of San Martín; and in the province of Padre Abad, department of Ucayali, has been extended for 60 days, with effect from 1 September 2013. The Permanent Mission has duly reported to the Secretariat previous extensions of the state of emergency in the aforementioned places, the most recent communication being Note 7-1-SG/21 dated 9 May 2013. During the state of emergency, the right to liberty and security of person, inviolability of the home, freedom of assembly and freedom of movement within the national territory, recognized in article 2, paragraphs 9, 11, 12 and 24 (f) of the Political Constitution of Peru and in articles 17, 12, 21 and 9 of the International Covenant on Civil and Political Rights, respectively, shall be suspended in order to strengthen peacebuilding in the area and in the country.","[...] by Supreme Decree No. 99-2013-PCM, issued on 30 August 2013, the state of emergency in the districts of Cholón of the province of Marañón and Monzón of the province of Huamalíes, and in the province of Leoncio Prad"
Perú,Peru,2013-10-11,2013,extensión,estado de emergencia,directo,,,ONU_PIDCP_art4,"[...] by Supreme Decree No. 110-2013-PCM, issued on 21 September 2013, the state of emergency in the provinces of Huanta and La Mar, department of Ayacucho; the province of Tayacaja, department of Huancavelica; the Kimbiri, Pichari and Vilcabamba districts of the province of La Convención, department of Cusco; the province of Satipo; the Andamarca and Comas districts of the province of Concepción; and the Santo Domingo de Acobamba and Pariahuanca districts of the province of Huancayo, department of Junín, has been extended for 60 days, with effect from 27 September 2013. The Permanent Mission has duly reported to the Secretariat previous extensions of the state of emergency in the aforementioned places, the most recent communication being Note 7-1-SG/34 dated 31 July 2013. During the state of emergency, the right to liberty and security of person, inviolability of the home, freedom of assembly and freedom of movement within the national territory, recognized in article 2, paragraphs 9, 11, 12 and 24 (f) of the Political Constitution of Peru and in articles 17, 12, 21 and 9 of the International Covenant on Civil and Political Rights, respectively, will be suspended in order to strengthen peacebuilding in the area and in the country.","[...] by Supreme Decree No. 110-2013-PCM, issued on 21 September 2013, the state of emergency in the provinces of Huanta and La Mar, department of Ayacucho; the province of Tayacaja, department of Huancavelica; the Kimbi"
Perú,Peru,2013-10-11,2013,extensión,estado de emergencia,directo,,,ONU_PIDCP_art4,"[...] by Supreme Decree No. 109-2013-PCM, issued on 21 September 2013, the state of emergency in the Echarate district of the province of La Convención, department of Cusco, has been extended for 60 days, with effect from 3 October 2013. The Permanent Mission has duly reported to the Secretariat previous extensions of the state of emergency in the aforementioned place, the most recent communication being Note 7-1-SG/35 dated 31 July 2013. During the state of emergency, the right to liberty and security of person, inviolability of the home, freedom of assembly and freedom of movement within the national territory, recognized in article 2, paragraphs 9, 11, 12 and 24 (f) of the Political Constitution of Peru and in articles 17, 12, 21 and 9 of the International Covenant on Civil and Political Rights, respectively, shall be suspended in order to strengthen peacebuilding in the area and in the country.","[...] by Supreme Decree No. 109-2013-PCM, issued on 21 September 2013, the state of emergency in the Echarate district of the province of La Convención, department of Cusco, has been extended for 60 days, with effect fro"
Perú,Peru,2013-12-05,2013,extensión,estado de emergencia,directo,,,ONU_PIDCP_art4,"[...] by Supreme Decree No. 121-2013-PCM, issued on 26 November 2013, the state of emergency in the Echarate district of the province of La Convención, department of Cusco, has been extended for 60 days, with effect from 2 December 2013. The Permanent Mission has duly reported to the Secretariat previous extensions of the state of emergency in the aforementioned places, the most recent communication being Note 7-1-SG/45 dated 10 October 2013. During the state of emergency, the right to liberty and security of person, inviolability of the home, freedom of assembly and freedom of movement within the national territory, recognized in article 2, paragraphs 9, 11, 12 and 24 (f) of the Political Constitution of Peru and in articles 17, 12, 21 and 9 of the International Covenant on Civil and Political Rights, respectively, will be suspended in order to strengthen peacebuilding in the area and in the country.","[...] by Supreme Decree No. 121-2013-PCM, issued on 26 November 2013, the state of emergency in the Echarate district of the province of La Convención, department of Cusco, has been extended for 60 days, with effect from"
Perú,Peru,2013-12-05,2013,extensión,estado de emergencia,directo,,,ONU_PIDCP_art4,"[...] by Supreme Decree No. 122-2013-PCM, issued on 26 November 2013, the state of emergency in the provinces of Huanta and La Mar, department of Ayacucho; the province of Tayacaja, department of Huancavelica; the Kimbiri, Pichari and Vilcabamba districts of the province of La Convención, department of Cusco; the province of Satipo; the Andamarca and Comas districts of the province of Concepción; and the Santo Domingo de Acobamba and Pariahuanca districts of the province of Huancayo, department of Junín, has been extended for 60 days, with effect from 26 November 2013. The Permanent Mission has duly reported to the Secretariat previous extensions of the state of emergency in the aforementioned places, the most recent communication being Note 7-1-SG/44 dated 10 October 2013. During the state of emergency, the right to liberty and security of person, inviolability of the home, freedom of assembly and freedom of movement within the national territory, recognized in article 2, paragraphs 9, 11, 12 and 24 (f) of the Political Constitution of Peru and in articles 17, 12, 21 and 9 of the International Covenant on Civil and Political Rights, respectively, are suspended in order to strengthen peacebuilding in the area and in the country.","[...] by Supreme Decree No. 122-2013-PCM, issued on 26 November 2013, the state of emergency in the provinces of Huanta and La Mar, department of Ayacucho; the province of Tayacaja, department of Huancavelica; the Kimbir"
Perú,Peru,2014-01-28,2014,extensión,estado de emergencia,directo,,,ONU_PIDCP_art4,"[...] by Supreme Decree No. 007-2014-PCM, issued on 23 January 2014, the state of emergency in the Echarate district of the province of La Convención, department of Cusco, has been extended for 60 days, with effect from 31 January 2014. The Permanent Mission has duly reported to the Secretariat previous extensions of the state of emergency in the aforementioned place, the most recent communication being Note 7-1-SG/57 dated 5 December 2013. During the state of emergency, the rights relating to liberty and security of person, inviolability of the home, freedom of assembly and freedom of movement within the territory, recognized in article 2, paragraphs 9, 11, 12 and 24 (f), of the Political Constitution of Peru and in articles 17, 12, 21 and 9 of the International Covenant on Civil and Political Rights, resprespectively, will be suspended in order to strengthen peacebuilding in the area and in the country.","[...] by Supreme Decree No. 007-2014-PCM, issued on 23 January 2014, the state of emergency in the Echarate district of the province of La Convención, department of Cusco, has been extended for 60 days, with effect from "
Perú,Peru,2014-01-28,2014,extensión,estado de emergencia,directo,,,ONU_PIDCP_art4,"[...] by Supreme Decree No. 008-2014-PCM, issued on 23 January 2014, the state of emergency in the provinces of Huanta and La Mar, department of Ayacucho; the province of Tayacaja,department of Huancavelica; the Kimbiri, Pichari and Vilcabamba districts of the province of La Convención, department of Cusco; the province of Satipo; the Andamarca and Comas districts of the province of Concepción; and the Santo Domingo de Acobamba and Pariahuanca districts of the province of Huancayo, department of Junín, has been extended for 60 days, with effect from 25 January 2014. The Permanent Mission has duly reported to the Secretariat previous extensions of the state of emergency in the aforementioned places, the most recent communication being Note 7-1-SG/56 dated 5 December 2013. During the state of emergency, the rights relating to liberty and security of person, inviolability of the home, freedom of assembly and freedom of movement within the territory, recognized in article 2, paragraphs 9, 11, 12 and 24 (f) of the Political Constitution of Peru and in articles 17, 12, 21 and 9 of the International Covenant on Civil and Political Rights, respectively, will be suspended in order to strengthen peacebuilding in the area and in the country.","[...] by Supreme Decree No. 008-2014-PCM, issued on 23 January 2014, the state of emergency in the provinces of Huanta and La Mar, department of Ayacucho; the province of Tayacaja,department of Huancavelica; the Kimbiri,"
Perú,Peru,2014-04-02,2014,extensión,estado de emergencia,directo,,,ONU_PIDCP_art4,"[...] by Supreme Decrees Nos. 134-2013-PCM and 017-2014-PCM, issued on 28 December 2013 and 27 February 2014 respectively, the state of emergency in the district of Cholón of the province of Marañón, in the district of Monzón of the province of Huamalíes and in the province of Leoncio Prado, all in the department of Huánuco; in the province of Tocache, department of San Martín; and in the province of Padre Abad, department of Ucayali, was successively extended for 60 days, with effect from 30 December 2013 and 27 February 2014. The Permanent Mission has duly reported to the Secretariat previous extensions of the state of emergency in the aforementioned places, the most recent communication being Note 7-1-SG/46 dated 10 October 2013. During the state of emergency, the right to liberty and security of person, inviolability of the home, freedom of assembly and freedom of movement within the national territory, recognized in article 2, paragraphs 9, 11, 12 and 24 (f) of the Political Constitution of Peru and in articles 17, 12, 21 and 9 of the International Covenant on Civil and Political Rights, respectively, shall be suspended in order to strengthen peacebuilding in the area and in the country.","[...] by Supreme Decrees Nos. 134-2013-PCM and 017-2014-PCM, issued on 28 December 2013 and 27 February 2014 respectively, the state of emergency in the district of Cholón of the province of Marañón, in the district of M"
Perú,Peru,2014-04-02,2014,extensión,estado de emergencia,directo,,,ONU_PIDCP_art4,"[...] by Supreme Decree No. 021-2014-PCM, issued on 26 March 2014, the state of emergency in the Echarate district of the province of La Convención, department of Cusco, has been extended for 60 days, with effect from 1 April 2014. The Permanent Mission has duly reported to the Secretariat previous extensions of the state of emergency in the aforementioned place, the most recent communication being Note 7-1-SG/7 dated 28 January 2013. During the state of emergency, the rights relating to liberty and security of person, inviolability of the home, freedom of assembly and freedom of movement within the territory, recognized in article 2, paragraphs 9, 11, 12 and 24 (f), of the Political Constitution of Peru and in articles 17, 12, 21 and 9 of the International Covenant on Civil and Political Rights, respectively, will be suspended in order to strengthen peacebuilding in the area and in the country.","[...] by Supreme Decree No. 021-2014-PCM, issued on 26 March 2014, the state of emergency in the Echarate district of the province of La Convención, department of Cusco, has been extended for 60 days, with effect from 1 "
Perú,Peru,2014-04-02,2014,extensión,estado de emergencia,directo,,,ONU_PIDCP_art4,"[...] by Supreme Decree No. 020-2014-PCM, issued on 25 March 2014, the state of emergency in the provinces of Huanta and La Mar, department of Ayacucho; in the province of Tayacaja, department of Huancavelica; in the Kimbiri, Pichari and Vilcabamba districts of the province of La Convención, department of Cusco; in the province of Satipo; in the Andamarca and Comas districts of the province of Concepción; and in the Santo Domingo de Acobamba and Pariahuanca districts of the province of Huancayo, department of Junín, has been extended for 60 days, with effect from 26 March 2014. The Permanent Mission has duly reported to the Secretariat previous extensions of the state of emergency in the aforementioned places, the most recent communication being Note 7-1-SG/6 dated 28 January 2014. During the state of emergency, the rights relating to liberty and security of person, inviolability of the home, freedom of assembly and freedom of movement within the territory, recognized in article 2, paragraphs 9, 11, 12 and 24 (f) of the Political Constitution of Peru and in articles 17, 12, 21 and 9 of the International Covenant on Civil and Political Rights, respectively, will be suspended in order to strengthen peacebuilding in the area and in the country.","[...] by Supreme Decree No. 020-2014-PCM, issued on 25 March 2014, the state of emergency in the provinces of Huanta and La Mar, department of Ayacucho; in the province of Tayacaja, department of Huancavelica; in the Kim"
Perú,Peru,2014-06-27,2014,extensión,estado de emergencia,directo,,,ONU_PIDCP_art4,"[...] by Supreme Decree No. 030-2014-PCM, issued on 28 April 2014, the state of emergency in the District of Cholón in the Province of Marañón, the District of Monzón in the Province of Huamalíes, and the Province of Leoncio Prado, Department of Huánuco; in the Province of Tocache, Department of San Martín; and in the Province of Padre Abad, Department of Ucayali, has been extended for 60 days, with effect from 29 April 2014. The Permanent Mission has duly reported to the Secretariat previous extensions of the state of emergency in the aforementioned places, the most recent communication being note No. 7-1-SG/15 of 2 April 2014. During the state of emergency, the rights relating to liberty and security of person, inviolability of the home, freedom of assembly and freedom of movement within the territory, recognized in article 2, paragraphs 9, 11, 12 and 24 (f), of the Political Constitution of Peru and in articles 17, 12, 21 and 9 of the International Covenant on Civil and Political Rights, respectively, will be suspended in order to consolidate peace in the area and in the country as a whole.","[...] by Supreme Decree No. 030-2014-PCM, issued on 28 April 2014, the state of emergency in the District of Cholón in the Province of Marañón, the District of Monzón in the Province of Huamalíes, and the Province of Leo"
Perú,Peru,2014-06-27,2014,extensión,estado de emergencia,directo,,,ONU_PIDCP_art4,"[...] by Supreme Decree No. 035-2014-PCM, issued on 15 May 2014, the state of emergency in the Provinces of Huanta and La Mar, Department of Ayacucho; in the Province of Tayacaja, Department of Huancavelica; in the Districts of Kimbiri, Pichari and Vilcabamba in the Province of La Convención, Department of Cusco; and in the Province of Satipo, the Districts of Andamarca and Comas in the Province of Concepción, and the Districts of Santo Domingo de Acobamba and Pariahuanca in the Province of Huancayo, Department of Junín, has been extended for 60 days, with effect from 25 May 2014. The Permanent Mission has duly reported to the Secretariat previous extensions of the state of emergency in the aforementioned places, the most recent communication being note No. 7-1-SG/13 of 2 April 2014. During the state of emergency, the rights relating to liberty and security of person, inviolability of the home, freedom of assembly and freedom of movement within the territory, recognized in article 2, paragraphs 9, 11, 12 and 24 (f), of the Political Constitution of Peru and in articles 17, 12, 21 and 9 of the International Covenant on Civil and Political Rights, respectively, will be suspended in order to consolidate peace in the area and in the country as a whole.","[...] by Supreme Decree No. 035-2014-PCM, issued on 15 May 2014, the state of emergency in the Provinces of Huanta and La Mar, Department of Ayacucho; in the Province of Tayacaja, Department of Huancavelica; in the Distr"
Perú,Peru,2014-06-27,2014,extensión,estado de emergencia,directo,,,ONU_PIDCP_art4,"[...] by Supreme Decree No. 036-2014-PCM, issued on 15 May 2014, the state of emergency in the District of Echarate in the Province of La Convención, Department of Cusco, has been extended for 60 days, with effect from 31 May 2014. The Permanent Mission has duly reported to the Secretariat previous extensions of the state of emergency in the aforementioned place, the most recent communication being note No. 7-1-SG/14 of 2 April 2014. During the state of emergency, the rights relating to liberty and security of person, inviolability of the home, freedom of assembly and freedom of movement within the territory, recognized in article 2, paragraphs 9, 11, 12 and 24 (f), of the Political Constitution of Peru and in articles 17, 12, 21 and 9 of the International Covenant on Civil and Political Rights, respectively, will be suspended in order to consolidate peace in the area and in the country as a whole.","[...] by Supreme Decree No. 036-2014-PCM, issued on 15 May 2014, the state of emergency in the District of Echarate in the Province of La Convención, Department of Cusco, has been extended for 60 days, with effect from 3"
Perú,Peru,2014-08-11,2014,extensión,estado de emergencia,directo,,,ONU_PIDCP_art4,"[...] by Supreme Decree No. 045-2014-PCM, issued on 26 June 2014, the state of emergency in the District of Cholón in the Province of Marañón, the District of Monzón in the Province of Huamalíes, and the Province of Leoncio Prado, Department of Huánuco; in the Province of Tocache, Department of San Martín; and in the Province of Padre Abad, Department of Ucayali, has been extended for 60 days, with effect from 28 June 2014. The Permanent Mission has duly reported to the Secretariat previous extensions of the state of emergency in the aforementioned places, the most recent communication being note No. 7-1-SG/26 of 23 June 2014. During the state of emergency, the rights relating to liberty and security of person, inviolability of the home, freedom of assembly and freedom of movement within the territory, recognized in article 2, paragraphs 9, 11, 12 and 24 (f), of the Political Constitution of Peru and in articles 17, 12, 21 and 9 of the International Covenant on Civil and Political Rights, respectively, will be suspended in order to consolidate peace in the area and in the country as a whole.","[...] by Supreme Decree No. 045-2014-PCM, issued on 26 June 2014, the state of emergency in the District of Cholón in the Province of Marañón, the District of Monzón in the Province of Huamalíes, and the Province of Leon"
Perú,Peru,2014-08-11,2014,extensión,estado de emergencia,directo,,,ONU_PIDCP_art4,"[...] by Supreme Decree No. 048-2014-PCM, issued on 23 July 2014, the state of emergency in the Provinces of Huanta and La Mar, Department of Ayacucho; in the Province of Tayacaja, Department of Huancavelica; in the Districts of Kimbiri, Pichari and Vilcabamba in the Province of La Convención, Department of Cusco; and in the Province of Satipo, the Districts of Andamarca and Comas in the Province of Concepción, and in the Districts of Santo Domingo de Acobamba and Pariahuanca in the province of Huancayo, Department of Junín, has been extended for 60 days, with effect from 24 July 2014. The Permanent Mission has duly reported to the Secretariat previous extensions of the state of emergency in the aforementioned places, the most recent communication being note No. 7-1-SG/27 of 23 June 2014. During the state of emergency, the rights relating to liberty and security of person, inviolability of the home, freedom of assembly and freedom of movement within the territory, recognized in article 2, paragraphs 9, 11, 12 and 24 (f), of the Political Constitution of Peru and in articles 17, 12, 21 and 9 of the International Covenant on Civil and Political Rights, respectively, will be suspended in order to consolidate peace in the area and in the country as a whole.","[...] by Supreme Decree No. 048-2014-PCM, issued on 23 July 2014, the state of emergency in the Provinces of Huanta and La Mar, Department of Ayacucho; in the Province of Tayacaja, Department of Huancavelica; in the Dist"
Perú,Peru,2014-08-11,2014,extensión,estado de emergencia,directo,,,ONU_PIDCP_art4,"[...] by Supreme Decree No. 049-2014-PCM, issued on 24 July 2014, the state of emergency in the District of Echarate in the province of La Convención, Department of Cusco, has been extended for 60 days, with effect from 30 July 2014. The Permanent Mission has duly reported to the Secretariat previous extensions of the state of emergency in the aforementioned place, the most recent communication being Note 7-1-SG/25 dated 23 June 2014. During the state of emergency, the rights relating to liberty and security of person, inviolability of the home, freedom of assembly and freedom of movement within the territory, recognized in article 2, paragraphs 9, 11, 12 and 24 (f), of the Political Constitution of Peru and in articles 17, 12, 21 and 9 of the International Covenant on Civil and Political Rights, respectively, will be suspended in order to consolidate peace in the area and in the country as a whole.","[...] by Supreme Decree No. 049-2014-PCM, issued on 24 July 2014, the state of emergency in the District of Echarate in the province of La Convención, Department of Cusco, has been extended for 60 days, with effect from "
Guatemala,Guatemala,2014-09-24,2014,declaración,estado de emergencia,heredado,,,ONU_PIDCP_art4,"... On 21 September 2014, the President of the Republic of Guatemala, in the Council of Ministers, declared a state of alert in the municipality of San Juan Sacatepéquez in the Department of Guatemala through Government Decree No. 6-2014. The measures have been decreed for a period of fifteen (15) days and restrict the implementation of articles 12 and 21 of the aforementioned Covenant.","... On 21 September 2014, the President of the Republic of Guatemala, in the Council of Ministers, declared a state of alert in the municipality of San Juan Sacatepéquez in the Department of Guatemala through Government "
Guatemala,Guatemala,2014-10-14,2014,extensión,estado de emergencia,heredado,,,ONU_PIDCP_art4,"... on 21 September 2014, the President of the Republic of Guatemala, in the Council of Ministers, declared a state of alert in the municipality of San Juan Sacatepéquez, Department of Guatemala, by Government Decree No. 6-2014. As the conditions that gave rise to the declaration of this state of alert still prevail, the President of the Republic of Guatemala, by Government Decree No. 8-2014 of 2 October 2014, has extended the state of alert in the municipality of San Juan Sacatepéquez, Department of Guatemala, for an additional 15 days.","... on 21 September 2014, the President of the Republic of Guatemala, in the Council of Ministers, declared a state of alert in the municipality of San Juan Sacatepéquez, Department of Guatemala, by Government Decree No."
Guatemala,Guatemala,2014-11-10,2014,fin/levantamiento,estado de emergencia,heredado,,,ONU_PIDCP_art4,"... on 21 September 2014, the President of the Republic of Guatemala, in the Council of Ministers, declared a state of alert in the municipality of San Juan Sacatepéquez, Department of Guatemala, by Government Decree No. 6-2014. As the conditions that gave rise to the declaration of the state of alert still prevailed, the President of the Republic of Guatemala, by Government Decrees Nos. 8-2014 of 2 October 2014 and 9-2014 of 16 October 2014, twice extended the state of alert in the municipality of San Juan Sacatepéquez, Department of Guatemala, for an additional 15 days. I wish to inform you that the state of alert that was implemented in the territory of the municipality of San Juan Sacatepéquez, Department of Guatemala, was lifted by Government Decree No. 11-2014 of 31 October 2014.","... on 21 September 2014, the President of the Republic of Guatemala, in the Council of Ministers, declared a state of alert in the municipality of San Juan Sacatepéquez, Department of Guatemala, by Government Decree No."
Perú,Peru,2014-12-01,2014,extensión,estado de emergencia,directo,,,ONU_PIDCP_art4,"[...] by Supreme Decree No. 060-2014-PCM, issued on 19 September 2014, the state of emergency declared in the District of Echarate in the Province of La Convención, Department of Cusco, has been extended for 60 days, with effect from 28 September 2014. The Permanent Mission has duly reported to the Secretariat previous extensions of the state of emergency in the aforementioned place, the most recent communication being Note 7-1-SG/37 of 11 August 2014. During the state of emergency, the rights relating to liberty and security of person, inviolability of the home, freedom of assembly and freedom of movement within the territory, recognized in article 2, paragraphs 9, 11, 12 and 24 (f), of the Political Constitution of Peru and in articles 17, 12, 21 and 9 of the International Covenant on Civil and Political Rights, respectively, will be suspended in order to consolidate peace in the area and in the country as a whole.","[...] by Supreme Decree No. 060-2014-PCM, issued on 19 September 2014, the state of emergency declared in the District of Echarate in the Province of La Convención, Department of Cusco, has been extended for 60 days, wit"
Perú,Peru,2014-12-01,2014,extensión,estado de emergencia,directo,,,ONU_PIDCP_art4,"[...] by Supreme Decree No. 059-2014-PCM, issued on 19 September 2014, the state of emergency declared in the Provinces of Huanta and La Mar, Department of Ayacucho; the Province of Tayacaja, Department of Huancavelica; in the Districts of Kimbiri, Pichari and Vilcabamba in the Province of La Convención, Department of Cusco; in the Province of Satipo, the Districts of Andamarca and Comas in the Province of Concepción, and in the Districts of Santo Domingo de Acobamba and Pariahuanca in the Province of Huancayo, Department of Junín, has been extended for 60 days, with effect from 22 September 2014. The Permanent Mission has duly reported to the Secretariat previous extensions of the state of emergency in the aforementioned places, the most recent communication being note No. 7-1-SG/36 of 11 August 2014. During the state of emergency, the rights relating to liberty and security of person, inviolability of the home, freedom of assembly and freedom of movement within the territory, recognized in article 2, paragraphs 9, 11, 12 and 24 (f), of the Political Constitution of Peru and in articles 17, 12, 21 and 9 of the International Covenant on Civil and Political Rights, respectively, will be suspended in order to consolidate peace in the area and in the country as a whole.","[...] by Supreme Decree No. 059-2014-PCM, issued on 19 September 2014, the state of emergency declared in the Provinces of Huanta and La Mar, Department of Ayacucho; the Province of Tayacaja, Department of Huancavelica; "
Perú,Peru,2014-12-01,2014,extensión,estado de emergencia,directo,,,ONU_PIDCP_art4,"[...] by Supreme Decree No. 065-2014-PCM, issued on 24 October 2014, the state of emergency declared in the District of Cholón in the Province of Marañón, the District of Monzón in the Province of Huamalíes, and the Province of Leoncio Prado, Department of Huánuco; in the Province of Tocache, Department of San Martín; and in the Province of Padre Abad, Department of Ucayali, has been extended for 60 days, with effect from 26 October 2014. The Permanent Mission has duly reported to the Secretariat previous extensions of the state of emergency in the forementioned places, the most recent communication being note No. 7-1-SG/38 of 11 August 2014. During the state of emergency, the rights relating to liberty and security of person, inviolability of the home, freedom of assembly and freedom of movement within the territory, recognized in article 2, paragraphs 9, 11, 12 and 24 (f), of the Political Constitution of Peru and in articles 17, 12, 21 and 9 of the International Covenant on Civil and Political Rights, respectively, will be suspended in order to consolidate peace in the area and in the country as a whole.","[...] by Supreme Decree No. 065-2014-PCM, issued on 24 October 2014, the state of emergency declared in the District of Cholón in the Province of Marañón, the District of Monzón in the Province of Huamalíes, and the Prov"
Perú,Peru,2015-02-18,2015,extensión,estado de emergencia,directo,,,ONU_PIDCP_art4,"[...] by Supreme Decree No. 004-2015-PCM, issued on 22 January 2015, the state of emergency declared in the District of Echarate in the Province of La Convención, Department of Cusco, has been extended for 60 days, with effect from 26 January 2015. The Permanent Mission has duly reported to the Secretariat previous extensions of the state of emergency in the aforementioned place, the most recent communication being Note 7-1-SG/010 of 13 February 2015. During the state of emergency, the rights relating to liberty and security of person, inviolability of the home, freedom of assembly and freedom of movement within the territory, recognized in article 2, paragraphs 9, 11, 12 and 24 (f), of the Political Constitution of Peru and in articles 17, 12, 21 and 9 of the International Covenant on Civil and Political Rights, respectively, will be suspended in order to consolidate peace in the area and in the country as a whole.","[...] by Supreme Decree No. 004-2015-PCM, issued on 22 January 2015, the state of emergency declared in the District of Echarate in the Province of La Convención, Department of Cusco, has been extended for 60 days, with "
Perú,Peru,2015-02-18,2015,extensión,estado de emergencia,directo,,,ONU_PIDCP_art4,"[...] by Supreme Decree No. 075-2014-PCM, issued on 24 December 2014, the state of emergency declared in the District of Cholón in the Province of Marañón, the District of Monzón in the Province of Huamalíes, and the Province of Leoncio Prado, Department of Huánuco; in the Province of Tocache, Department of San Martín; and in the Province of Padre Abad, Department of Ucayali, has been extended for 60 days, with effect from 25 December 2014. The Permanent Mission has duly reported to the Secretariat previous extensions of the state of emergency in the aforementioned places, the most recent communication being note No. 7-1-SG/50 of 27 November 2014. During the state of emergency, the rights relating to liberty and security of person, inviolability of the home, freedom of assembly and freedom of movement within the territory, recognized in article 2, paragraphs 9, 11, 12 and 24 (f), of the Political Constitution of Peru and in articles 17, 12, 21 and 9 of the International Covenant on Civil and Political Rights, respectively, will be suspended in order to consolidate peace in the area and in the country as a whole.","[...] by Supreme Decree No. 075-2014-PCM, issued on 24 December 2014, the state of emergency declared in the District of Cholón in the Province of Marañón, the District of Monzón in the Province of Huamalíes, and the Pro"
Perú,Peru,2015-02-18,2015,extensión,estado de emergencia,directo,,,ONU_PIDCP_art4,"[...] by Supreme Decree No. 068-2014-PCM, issued on 20 November 2014, the state of emergency declared in the District of Echarate in the Province of La Convención, Department of Cusco, has been extended for 60 days, with effect from 27 November 2014. The Permanent Mission has duly reported to the Secretariat previous extensions of the state of emergency in the aforementioned place, the most recent communication being Note 7-1-SG/49 of 27 November 2014. During the state of emergency, the rights relating to liberty and security of person, inviolability of the home, freedom of assembly and freedom of movement within the territory, recognized in article 2, paragraphs 9, 11, 12 and 24 (f), of the Political Constitution of Peru and in articles 17, 12, 21 and 9 of the International Covenant on Civil and Political Rights, respectively, will be suspended in order to consolidate peace in the area and in the country as a whole.","[...] by Supreme Decree No. 068-2014-PCM, issued on 20 November 2014, the state of emergency declared in the District of Echarate in the Province of La Convención, Department of Cusco, has been extended for 60 days, with"
Perú,Peru,2015-02-18,2015,extensión,estado de emergencia,directo,,,ONU_PIDCP_art4,"[...] by Supreme Decree No. 067-2014-PCM, issued on 20 November 2014, the state of emergency declared in the Provinces of Huanta and La Mar, Department of Ayacucho; the Province of Tayacaja, Department of Huancavelica; in the Districts of Kimbiri, Pichari and Vilcabamba in the Province of La Convención, Department of Cusco; in the Province of Satipo, the Districts of Andamarca and Comas in the Province of Concepción, and in the Districts of Santo Domingo de Acobamba and Pariahuanca in the Province of Huancayo, Department of Junín, has been extended for 60 days, with effect from 21 November 2014. The Permanent Mission has duly reported to the Secretariat previous extensions of the state of emergency in the aforementioned places, the most recent communication being note No. 7-1-SG/48 of 28 November 2014. During the state of emergency, the rights relating to liberty and security of person, inviolability of the home, freedom of assembly and freedom of movement within the territory, recognized in article 2, paragraphs 9, 11, 12 and 24 (f), of the Political Constitution of Peru and in articles 17, 12, 21 and 9 of the International Covenant on Civil and Political Rights, respectively, will be suspended in order to consolidate peace in the area and in the country as a whole.","[...] by Supreme Decree No. 067-2014-PCM, issued on 20 November 2014, the state of emergency declared in the Provinces of Huanta and La Mar, Department of Ayacucho; the Province of Tayacaja, Department of Huancavelica; i"
Perú,Peru,2015-02-18,2015,extensión,estado de emergencia,directo,,,ONU_PIDCP_art4,"[...] by Supreme Decree No. 002-2015-PCM, issued on 16 January 2015, the state of emergency declared in the Districts of Ramón Castilla and Yavarí in the Province of Mariscal Ramón Castilla, Department of Loreto, has been extended for 60 days, with effect from 19 January 2015. During the state of emergency, the rights relating to liberty and security of person, inviolability of the home, freedom of assembly and freedom of movement within the territory, recognized in article 2, paragraphs 9, 11, 12 and 24 (f) of the Political Constitution of Peru and in articles 17, 12, 21 and 9 of the International Covenant on Civil and Political Rights, respectively, will be suspended in order to consolidate peace in the area and in the country as a whole.","[...] by Supreme Decree No. 002-2015-PCM, issued on 16 January 2015, the state of emergency declared in the Districts of Ramón Castilla and Yavarí in the Province of Mariscal Ramón Castilla, Department of Loreto, has bee"
Perú,Peru,2015-02-18,2015,declaración,estado de emergencia,directo,,,ONU_PIDCP_art4,"[...] by Supreme Decree No. 069-2014-PCM, issued on 20 November 2014, a state of emergency was declared in the Districts of Ramón Castilla and Yavarí in the Province of Mariscal Ramón Castilla, Department of Loreto, for 60 days as from that date. During the state of emergency, the rights relating to liberty and security of person, inviolability of the home, freedom of assembly and freedom of movement within the territory, recognized in article 2, paragraphs 9, 11, 12 and 24 (f) of the Political Constitution of Peru and in articles 17, 12, 21 and 9 of the International Covenant on Civil and Political Rights, respectively, will be suspended in order to consolidate peace in the area and in the country as a whole.","[...] by Supreme Decree No. 069-2014-PCM, issued on 20 November 2014, a state of emergency was declared in the Districts of Ramón Castilla and Yavarí in the Province of Mariscal Ramón Castilla, Department of Loreto, for "
Perú,Peru,2015-02-18,2015,declaración,estado de emergencia,directo,,,ONU_PIDCP_art4,"[...] by Supreme Decree No. 057-2014-PCM, issued on 11 September 2014, a state of emergency was declared in the Districts of Ramón Castilla and Yavarí in the Province of Mariscal Ramón Castilla, Department of Loreto, for 60 days as from that date. During the state of emergency, the rights relating to liberty and security of person, inviolability of the home, freedom of assembly and freedom of movement within the territory, recognized in article 2, paragraphs 9, 11, 12 and 24 (f), of the Political Constitution of Peru and in articles 17, 12, 21 and 9 of the International Covenant on Civil and Political Rights, respectively, will be suspended in order to consolidate peace in the area and in the country as a whole.","[...] by Supreme Decree No. 057-2014-PCM, issued on 11 September 2014, a state of emergency was declared in the Districts of Ramón Castilla and Yavarí in the Province of Mariscal Ramón Castilla, Department of Loreto, for"
Perú,Peru,2015-07-07,2015,declaración,estado de emergencia,directo,,,ONU_PIDCP_art4,"[...] by Supreme Decree No. 015-2015-PCM, issued on 20 March 2015, a state of emergency was declared in the Districts of Ramón Castilla and Yavarí in the Province of Mariscal Ramón Castilla, Department of Loreto, for 60 days, with effect from 20 March 2015. During the state of emergency, the rights relating to liberty and security of person, inviolability of the home, freedom of assembly and freedom of movement within the territory, recognized in article 2, paragraphs 9, 11, 12 and 24 (f) of the Political Constitution of Peru and in articles 17, 12, 21 and 9 of the International Covenant on Civil and Political Rights, respectively, will be suspended in order to consolidate peace in the area and in the country as a whole.","[...] by Supreme Decree No. 015-2015-PCM, issued on 20 March 2015, a state of emergency was declared in the Districts of Ramón Castilla and Yavarí in the Province of Mariscal Ramón Castilla, Department of Loreto, for 60 "
Perú,Peru,2015-07-07,2015,declaración,estado de emergencia,directo,,,ONU_PIDCP_art4,"[...] by Supreme Decree No. 040-2015-PCM, issued on 22 May 2015, a state of emergency was declared in the Districts of Matarani, Mollendo, Mejía, Punta de Bombón, Dean Valdivia, La Curva, El Arenal, Cocachacra and Valle del Tambo in the Province of Islay, Department of Arequipa, for 60 days, with effect from 22 May 2015. During the state of emergency, the rights relating to liberty and security of person, inviolability of the home, freedom of assembly and freedom of movement within the territory, recognized in article 2, paragraphs 9, 11, 12 and 24 (f) of the Political Constitution of Peru and in articles 17, 12, 21 and 9 of the International Covenant on Civil and Political Rights, respectively, will be suspended in order to consolidate peace in the area and in the country as a whole.","[...] by Supreme Decree No. 040-2015-PCM, issued on 22 May 2015, a state of emergency was declared in the Districts of Matarani, Mollendo, Mejía, Punta de Bombón, Dean Valdivia, La Curva, El Arenal, Cocachacra and Valle "
Perú,Peru,2015-07-07,2015,extensión,estado de emergencia,directo,,,ONU_PIDCP_art4,"[..] by Supreme Decree No. 031-2015-PCM, issued on 23 April 2015, the state of emergency in the District of Cholón in the Province of Marañón, the District of Monzón in the Province of Huamalíes, and the Province of Leoncio Prado, Department of Huánuco; in the Province of Tocache, Department of San Martín; and in the Province of Padre Abad, Department of Ucayali, was extended for 60 days, with effect from 24 April 2015. The Permanent Mission has duly reported to the Secretariat previous extensions of the state of emergency in the forementioned places, the most recent communication being note No. 7-1-SG/030 of 6 July 2015. During the state of emergency, the rights relating to liberty and security of person, inviolability of the home, freedom of assembly and freedom of movement within the territory, recognized in article 2, paragraphs 9, 11, 12 and 24 (f), of the Political Constitution of Peru and in articles 17, 12, 21 and 9 of the International Covenant on Civil and Political Rights, respectively, will be suspended in order to consolidate peace in the area and in the country as a whole.","[..] by Supreme Decree No. 031-2015-PCM, issued on 23 April 2015, the state of emergency in the District of Cholón in the Province of Marañón, the District of Monzón in the Province of Huamalíes, and the Province of Leon"
Perú,Peru,2015-07-07,2015,declaración,estado de emergencia,directo,,,ONU_PIDCP_art4,"[...] by Supreme Decree No. 016-2015-PCM, issued on 20 March 2015, a state of emergency was declared in the Provinces of Huanta and La Mar, Department of Ayacucho; in the Province of Tayacaja, Department of Huancavelica; in the Districts of Kimbiri, Pichari, Vilcabamba, Inkawasi and Villa Virgen in the Province of La Convención, Department of Cusco; in the Province of Satipo, the Districts of Andamarca and Comas in the Province of Concepción, and in the Districts of Santo Domingo de Acobamba and Pariahuanca, in the Province of Huancayo, Department of Junín for 60 days, with effect from 21 March 2015. During the state of emergency, the rights relating to liberty and security of person, inviolability of the home, freedom of assembly and freedom of movement within the territory, recognized in article 2, paragraphs 9, 11, 12 and 24 (f), of the Political Constitution of Peru and in articles 17, 12, 21 and 9 of the International Covenant on Civil and Political Rights, respectively, will be suspended in order to consolidate peace in the area and in the country as a whole.","[...] by Supreme Decree No. 016-2015-PCM, issued on 20 March 2015, a state of emergency was declared in the Provinces of Huanta and La Mar, Department of Ayacucho; in the Province of Tayacaja, Department of Huancavelica;"
Perú,Peru,2015-07-07,2015,extensión,estado de emergencia,directo,,,ONU_PIDCP_art4,"[..] by Supreme Decree No. 009-2015-PCM, issued on 20 February 2015, the state of emergency in the District of Cholón in the Province of Marañón, the District of Monzón in the Province of Huamalíes, and the Province of Leoncio Prado, Department of Huánuco; in the Province of Tocache, Department of San Martín; and in the Province of Padre Abad, Department of Ucayali, was extended for 60 days, with effect from 23 February 2015. The Permanent Mission has duly reported to the Secretariat previous extensions of the state of emergency in the aforementioned places, the most recent communication being note No. 7-1-SG/09 of 13 February 2015. During the state of emergency, the rights relating to liberty and security of person, inviolability of the home, freedom of assembly and freedom of movement within the territory, recognized in article 2, paragraphs 9, 11, 12 and 24 (f), of the Political Constitution of Peru and in articles 17, 12, 21 and 9 of the International Covenant on Civil and Political Rights, respectively, will be suspended in order to consolidate peace in the area and in the country as a whole.","[..] by Supreme Decree No. 009-2015-PCM, issued on 20 February 2015, the state of emergency in the District of Cholón in the Province of Marañón, the District of Monzón in the Province of Huamalíes, and the Province of L"
Perú,Peru,2015-07-07,2015,extensión,estado de emergencia,directo,,,ONU_PIDCP_art4,"[..] by Supreme Decree No. 041-2015-PCM, issued on 26 May 2015, the state of emergency declared in the District of Echarate in the Province of La Convención, Department of Cusco, has been extended for 60 days, with effect from 26 May 2015. The Permanent Mission has duly reported to the Secretariat previous extensions of the state of emergency in the aforementioned places, the most recent communication being note No. 7-1-SG/032 of 6 July 2015. During the state of emergency, the rights relating to liberty and security of person, inviolability of the home, freedom of assembly and freedom of movement within the territory, recognized in article 2, paragraphs 9, 11, 12 and 24 (f), of the Political Constitution of Peru and in articles 17, 12, 21 and 9 of the International Covenant on Civil and Political Rights, respectively, will be suspended in order to consolidate peace in the area and in the country as a whole.","[..] by Supreme Decree No. 041-2015-PCM, issued on 26 May 2015, the state of emergency declared in the District of Echarate in the Province of La Convención, Department of Cusco, has been extended for 60 days, with effec"
Perú,Peru,2015-07-07,2015,extensión,estado de emergencia,directo,,,ONU_PIDCP_art4,"[..] by Supreme Decree No. 018-2015-PCM, issued on 25 March, the state of emergency declared in the District of Echarate in the Province of La Convención, Department of Cusco, was extended for sixty (60) days, with effect from 27 March 2015. The Permanent Mission has duly reported to the Secretariat previous extensions of the state of emergency in the aforementioned place, the most recent communication being note No. 7-1-SG/014 of 18 February 2015. During the state of emergency, the rights relating to liberty and security of person, inviolability of the home, freedom of assembly and freedom of movement within the territory, recognized in article 2, paragraphs 9, 11, 12 and 24 (f) of the Political Constitution of Peru and in articles 17, 12, 21 and 9 of the International Covenant on Civil and Political Rights, respectively, will be suspended in order to consolidate peace in the area and in the country as a whole.","[..] by Supreme Decree No. 018-2015-PCM, issued on 25 March, the state of emergency declared in the District of Echarate in the Province of La Convención, Department of Cusco, was extended for sixty (60) days, with effec"
Perú,Peru,2015-07-07,2015,extensión,estado de emergencia,directo,,,ONU_PIDCP_art4,"[...] by Supreme Decree No. 035-2015-PCM, issued on 15 May 2015, the state of emergency declared in the Provinces of Huanta and La Mar, Department of Ayacucho; in the Province of Tayacaja, Department of Huancavelica; in the Districts of Kimbiri, Pichari, Vilcabamba, Inkawasi and Villa Virgen in the Province of La Convención, Department of Cusco; in the Province of Satipo, the Districts of Andamarca and Comas in the Province of Concepción, and in the Districts of Santo Domingo de Acobamba and Pariahuanca in the Province of Huancayo, Department of Junín, has been extended for 60 days, with effect from 20 May 2015. The Permanent Mission has duly reported to the Secretariat previous declarations of the state of emergency in the aforementioned places, the most recent communication being note No. 7-1-SG/041 of 4 August 2015. During the state of emergency, the rights relating to liberty and security of person, inviolability of the home, freedom of assembly and freedom of movement within the territory, recognized in article 2, paragraphs 9, 11, 12 and 24 (f), of the Political Constitution of Peru and in articles 17, 12, 21 and 9 of the International Covenant on Civil and Political Rights, respectively, will be suspended in order to consolidate peace in the area and in the country as a whole.","[...] by Supreme Decree No. 035-2015-PCM, issued on 15 May 2015, the state of emergency declared in the Provinces of Huanta and La Mar, Department of Ayacucho; in the Province of Tayacaja, Department of Huancavelica; in "
Perú,Peru,2015-07-07,2015,extensión,estado de emergencia,directo,,,ONU_PIDCP_art4,"[...] by Supreme Decree No. 036-2015-PCM, issued on 16 May 2015, the state of emergency declared in the Districts of Ramón Castilla and Yavarí in the Province of Mariscal Ramón Castilla, Department of Loreto, has been extended for 60 days, with effect from 20 May 2015. The Permanent Mission has duly reported to the Secretariat previous declarations of the state of emergency in the aforementioned places, the most recent communication being note No. 7-1-SG/040 of 4 August 2015. During the state of emergency, the rights relating to liberty and security of person, inviolability of the home, freedom of assembly and freedom of movement within the territory, recognized in article 2, paragraphs 9, 11, 12 and 24 (f), of the Political Constitution of Peru and in articles 17, 12, 21 and 9 of the International Covenant on Civil and Political Rights, respectively, will be suspended in order to consolidate peace in the area and in the country as a whole.","[...] by Supreme Decree No. 036-2015-PCM, issued on 16 May 2015, the state of emergency declared in the Districts of Ramón Castilla and Yavarí in the Province of Mariscal Ramón Castilla, Department of Loreto, has been ex"
Perú,Peru,2015-12-11,2015,extensión,estado de emergencia,directo,,,ONU_PIDCP_art4,"[...] by Supreme Decree No. 062-2015-PCM, issued on 12 September 2015, the state of emergency declared in the Provinces of Huanta and La Mar, Department of Ayacucho; in the Province of Tayacaja, Department of Huancavelica; in the Districts of Kimbiri, Pichari, Vilcabamba, Inkawasi and Villa Virgen in the Province of La Convención, Department of Cusco; and in the Province of Satipo, the Districts of Andamarca and Comas in the Province of Concepción, and the Districts of Santo Domingo de Acobamba and Pariahuanca in the Province of Huancayo, Department of Junín, has been extended for 60 days, with effect from 17 September 2015. The Permanent Mission has duly reported to the Secretariat previous extensions of the state of emergency in the aforementioned places, the most recent communication being note No. 7-1-SG/54 of 5 November 2015. During the state of emergency, the rights relating to liberty and security of person, inviolability of the home, freedom of assembly and freedom of movement within the territory, recognized in article 2, paragraphs 9, 11, 12 and 24 (f), of the Political Constitution of Peru and in articles 17, 12, 21 and 9 of the International Covenant on Civil and Political Rights, are suspended.","[...] by Supreme Decree No. 062-2015-PCM, issued on 12 September 2015, the state of emergency declared in the Provinces of Huanta and La Mar, Department of Ayacucho; in the Province of Tayacaja, Department of Huancavelic"
Perú,Peru,2015-12-11,2015,extensión,estado de emergencia,directo,,,ONU_PIDCP_art4,"[...] by Supreme Decree No. 063-2015-PCM, issued on 12 September 2015, the state of emergency declared in the District of Echarate in the Province of La Convención, Department of Cusco, has been extended for 60 days, with effect from 23 September 2015. The Permanent Mission has duly reported to the Secretariat previous extensions of the state of emergency in the aforementioned places, the most recent communication being note No. 7-1-SG/56 of 6 November 2015. During the state of emergency, the rights relating to liberty and security of person, inviolability of the home, freedom of assembly and freedom of movement within the territory, recognized in article 2, paragraphs 9, 11, 12 and 24 (f), of the Political Constitution of Peru and in articles 17, 12, 21 and 9 of the International Covenant on Civil and Political Rights, are suspended.","[...] by Supreme Decree No. 063-2015-PCM, issued on 12 September 2015, the state of emergency declared in the District of Echarate in the Province of La Convención, Department of Cusco, has been extended for 60 days, wit"
Perú,Peru,2015-12-11,2015,extensión,estado de emergencia,directo,,,ONU_PIDCP_art4,"{...} by Supreme Decree No. 077-2015-PCM, issued on 12 November 2015, the state of emergency declared in the Districts of Ramón Castilla and Yavarí in the Province of Mariscal Ramón Castilla, Department of Loreto, has been extended for 60 days, with effect from 16 November 2015. The Permanent Mission has duly reported to the Secretariat previous extensions of the state of emergency in the aforementioned places, the most recent communication being note No. 7-1-SG/62 of 11 December 2015. During the state of emergency, the rights relating to liberty and security of person, inviolability of the home, freedom of assembly and freedom of movement within the territory, recognized in article 2, paragraphs 9, 11, 12 and 24 (f), of the Political Constitution of Peru and in articles 17, 12, 21 and 9 of the International Covenant on Civil and Political Rights, are suspended.","{...} by Supreme Decree No. 077-2015-PCM, issued on 12 November 2015, the state of emergency declared in the Districts of Ramón Castilla and Yavarí in the Province of Mariscal Ramón Castilla, Department of Loreto, has be"
Perú,Peru,2015-12-11,2015,extensión,estado de emergencia,directo,,,ONU_PIDCP_art4,"[...] by Supreme Decree No. 078-2015-PCM, issued on 12 November 2015, the state of emergency declared in the Provinces of Huanta and La Mar, Department of Ayacucho; in the Province of Tayacaja, Department of Huancavelica; in the Districts of Kimbiri, Pichari, Vilcabamba, Inkawasi and Villa Virgen in the Province of La Convención, Department of Cusco; and in the Province of Satipo, the Districts of Andamarca and Comas in the Province of Concepción, and the Districts of Santo Domingo de Acobamba and Pariahuanca in the Province of Huancayo, Department of Junín, has been extended for 60 days, with effect from 16 November 2015. The Permanent Mission has duly reported to the Secretariat previous extensions of the state of emergency in the aforementioned places, the most recent communication being note No. 7-1-SG/63 of 11 December 2015. During the state of emergency, the rights relating to liberty and security of person, inviolability of the home, freedom of assembly and freedom of movement within the territory, recognized in article 2, paragraphs 9, 11, 12 and 24 (f), of the Political Constitution of Peru and in articles 17, 12, 21 and 9 of the International Covenant on Civil and Political Rights, are suspended.","[...] by Supreme Decree No. 078-2015-PCM, issued on 12 November 2015, the state of emergency declared in the Provinces of Huanta and La Mar, Department of Ayacucho; in the Province of Tayacaja, Department of Huancavelica"
Perú,Peru,2015-12-11,2015,extensión,estado de emergencia,directo,,,ONU_PIDCP_art4,"[...] by Supreme Decree No. 079-2015-PCM, issued on 12 November 2015, the state of emergency declared in the District of Echarate in the Province of La Convención, Department of Cusco, has been extended for 60 days, with effect from 22 November 2015. The Permanent Mission has duly reported to the Secretariat previous extensions of the state of emergency in the aforementioned places, the most recent communication being note No. 7-1-SG/61 of 11 December 2015. During the state of emergency, the rights relating to liberty and security of person, inviolability of the home, freedom of assembly and freedom of movement within the territory, recognized in article 2, paragraphs 9, 11, 12 and 24 (f), of the Political Constitution of Peru and in articles 17, 12, 21 and 9 of the International Covenant on Civil and Political Rights, are suspended.","[...] by Supreme Decree No. 079-2015-PCM, issued on 12 November 2015, the state of emergency declared in the District of Echarate in the Province of La Convención, Department of Cusco, has been extended for 60 days, with"
Perú,Peru,2015-12-11,2015,declaración,estado de emergencia,directo,,,ONU_PIDCP_art4,"[...] by Supreme Decree No. 083-2015-PCM, issued on 4 December 2015, a state of emergency has been declared for 45 days in the Constitutional Province of Callao, with effect from 4 December 2015. During the state of emergency, the rights relating to liberty and security of person and inviolability of the home, recognized in article 2, paragraphs 9 and 24 (f), of the Political Constitution of Peru and in articles 17 and 9 of the International Covenant on Civil and Political Rights, are suspended.","[...] by Supreme Decree No. 083-2015-PCM, issued on 4 December 2015, a state of emergency has been declared for 45 days in the Constitutional Province of Callao, with effect from 4 December 2015. During the state of emer"
Perú,Peru,2015-12-11,2015,extensión,estado de emergencia,directo,,,ONU_PIDCP_art4,"[...] by Supreme Decree No. 061-2015-PCM, issued on 12 September 2015, the state of emergency declared in the Districts of Ramón Castilla and Yavarí in the Province of Mariscal Ramón Castilla, Department of Loreto, has been extended for 60 days, with effect from 17 September 2015. The Permanent Mission has duly reported to the Secretariat previous extensions of the state of emergency in the aforementioned places, the most recent communication being note No. 7-1-SG/55 of 6 November 2015. During the state of emergency, the rights relating to liberty and security of person, inviolability of the home, freedom of assembly and freedom of movement within the territory, recognized in article 2, paragraphs 9, 11, 12 and 24 (f), of the Political Constitution of Peru and in articles 17, 12, 21 and 9 of the International Covenant on Civil and Political Rights, are suspended.","[...] by Supreme Decree No. 061-2015-PCM, issued on 12 September 2015, the state of emergency declared in the Districts of Ramón Castilla and Yavarí in the Province of Mariscal Ramón Castilla, Department of Loreto, has b"
Perú,Peru,2016-03-17,2016,extensión,estado de emergencia,directo,C.N.116.2016,https://treaties.un.org/doc/Publication/CN/2016/CN.116.2016-Eng.pdf,ONU_PIDCP_art4,"[...] by Supreme Decree No. 004-2016-PCM issued on 16 January 2016, the state of emergency declared in the Constitutional Province of Callao has been extended for 45 days, with effect from 18 January 2016. It should be recalled that the Permanent Mission has duly reported to the Secretariat the declaration of a state of emergency in the aforementioned locality though note No. 7-1-SG/67 dated 11 December 2015. During the state of emergency, the rights relating to liberty and security of person and the inviolability of the home, recognized in article 2, paragraphs 9 and 24 (f), of the Political Constitution of Peru and in articles 17 and 9 of the International Covenant on Civil and Political Rights, respectively, are suspended in order to consolidate peace in the area and in the country. (See C.N.116.2016 .TREATIES-IV.4 of 7 April 2016 for the text of the above-mentioned notification.)","[...] by Supreme Decree No. 004-2016-PCM issued on 16 January 2016, the state of emergency declared in the Constitutional Province of Callao has been extended for 45 days, with effect from 18 January 2016. It should be r"
Perú,Peru,2016-03-17,2016,extensión,estado de emergencia,directo,C.N.117.2016,https://treaties.un.org/doc/Publication/CN/2016/CN.117.2016-Eng.pdf,ONU_PIDCP_art4,"[...] by Supreme Decree No. 003-2016-PCM, issued on 15 January 2016, the state of emergency declared in the District of Echarate in the Province of La Convención, Department of Cusco, has been extended for 60 days, with effect from 21 January 2016. It should be recalled that the Permanent Mission has duly reported to the Secretariat previous extensions of the state of emergency in the aforementioned place, the most recent communication being note No. 7-1-SG/64 of 11 December 2015. During the state of emergency, the rights relating to liberty and security of person, inviolability of the home, freedom of assembly and freedom of movement within the territory, recognized in article 2, paragraphs 9, 11, 12 and 24 (f), of the Political Constitution of Peru and in articles 17, 12, 21 and 9 of the International Covenant on Civil and Political Rights, respectively, are suspended in order to consolidate peace in the area and in the country. (See C.N.117.2016 .TREATIES-IV.4 of 7 April 2016 for the text of the above-mentioned notification.)","[...] by Supreme Decree No. 003-2016-PCM, issued on 15 January 2016, the state of emergency declared in the District of Echarate in the Province of La Convención, Department of Cusco, has been extended for 60 days, with "
Perú,Peru,2016-03-21,2016,extensión,estado de emergencia,directo,C.N.118.2016,https://treaties.un.org/doc/Publication/CN/2016/CN.118.2016-Eng.pdf,ONU_PIDCP_art4,"[...] by Supreme Decree No. 013-2016-PCM issued on 2 March 2016, the state of emergency declared in the Constitutional Province of Callao has been extended for 45 days, with effect from 3 March 2016. It should be recalled that the Permanent Mission has duly reported to the Secretariat the extension of the state of emergency in the aforementioned locality though note No. 7-1-SG/15 dated 16 March 2016. During the state of emergency, the rights relating to liberty and security of person and the inviolability of the home, recognized in article 2, paragraphs 9 and 24 (f), of the Political Constitution of Peru and in articles 17 and 9 of the International Covenant on Civil and Political Rights, respectively, are suspended in order to consolidate peace in the area and in the country. (See C.N.118.2016 .TREATIES-IV.4 of 7 April 2016 for the text of the above-mentioned notification.)","[...] by Supreme Decree No. 013-2016-PCM issued on 2 March 2016, the state of emergency declared in the Constitutional Province of Callao has been extended for 45 days, with effect from 3 March 2016. It should be recalle"
Ecuador,Ecuador,2016-06-06,2016,declaración,estado de emergencia,directo,C.N.455.2016,https://treaties.un.org/doc/Publication/CN/2016/CN.455.2016-Eng.pdf,ONU_PIDCP_art4,"The Secretary-General received from the Government of Ecuador a notification dated 3 June 2016, made under article 4 (3) of the above Covenant, regarding the declaration of a state of emergency in the provinces of Esmeraldas, Manabí, Santa Elena, Santo Domingo de los Tsáchilas, Los Ríos and Guayas for a period of 60 days from 17 April 2016 by Executive Decree no. 1001. (See C.N.455.2016 .TREATIES-IV.4 of 11 January 2017 for the text of the notification.)","The Secretary-General received from the Government of Ecuador a notification dated 3 June 2016, made under article 4 (3) of the above Covenant, regarding the declaration of a state of emergency in the provinces of Esmera"
Perú,Peru,2016-06-28,2016,extensión,estado de emergencia,directo,C.N.539.2016,https://treaties.un.org/doc/Publication/CN/2016/CN.539.2016-Eng.pdf,ONU_PIDCP_art4,"[...] by Supreme Decree No. 024-2016-PCM issued on 15 April 2016, the state of emergency declared in the Constitutional Province of Callao has been extended for 45 days, with effect from 17 April 2016. It should be recalled that the Permanent Mission has duly reported to the Secretariat the extensions of the state of emergency in the aforementioned locality, the most recent communication being note No. 7-1-SG/17 of 21 March 2016. During the state of emergency, the rights relating to liberty and security of person and the inviolability of the home, recognized in article 2, paragraphs 9 and 24 (f), of the Political Constitution of Peru and in articles 17 and 9 of the International Covenant on Civil and Political Rights, respectively, are suspended in order to consolidate peace in the area and in the country. (See C.N.539.2016 .TREATIES-IV.4 of 2 August 2016 for the text of the above-mentioned notification.)","[...] by Supreme Decree No. 024-2016-PCM issued on 15 April 2016, the state of emergency declared in the Constitutional Province of Callao has been extended for 45 days, with effect from 17 April 2016. It should be recal"
Perú,Peru,2016-06-28,2016,declaración,estado de emergencia,directo,C.N.554.2016,https://treaties.un.org/doc/Publication/CN/2016/CN.554.2016-Eng.pdf,ONU_PIDCP_art4,"[...] by Supreme Decree No. 093-2015-PCM issued on 24 December 2015, a state of emergency has been declared for 45 days in the Provinces of Santa and Casma, Department of Áncash. During the state of emergency, the rights relating to liberty and security of person and the inviolability of the home, recognized in article 2, paragraphs 9 and 24 (f), of the Political Constitution of Peru and in articles 17 and 9 of the International Covenant on Civil and Political Rights, respectively, are suspended, in order to consolidate peace in the area and in the country. (See C.N.554.2016 .TREATIES-IV.4 of 5 August 2016 for the text of the above-mentioned notification.)","[...] by Supreme Decree No. 093-2015-PCM issued on 24 December 2015, a state of emergency has been declared for 45 days in the Provinces of Santa and Casma, Department of Áncash. During the state of emergency, the rights"
Perú,Peru,2016-06-28,2016,extensión,estado de emergencia,directo,C.N.540.2016,https://treaties.un.org/doc/Publication/CN/2016/CN.540.2016-Eng.pdf,ONU_PIDCP_art4,"[...] by Supreme Decree No. 018-2016-PCM, issued on 17 March 2016, the state of emergency declared in the District of Echarate in the Province of La Convención, Department of Cusco, has been extended for 60 days, with effect from 21 March 2016. It should be recalled that the Permanent Mission has duly reported to the Secretariat previous extensions of the state of emergency in the aforementioned place, the most recent communication being note No. 7-1-SG/14 of 16 March 2016. During the state of emergency, the rights relating to liberty and security of person, inviolability of the home, freedom of assembly and freedom of movement within the territory, recognized in article 2, paragraphs 9, 11, 12 and 24 (f), of the Political Constitution of Peru and in articles 17, 12, 21 and 9 of the International Covenant on Civil and Political Rights, are suspended. (See C.N.540.2016 .TREATIES-IV.4 of 2 August 2016 for the text of the above-mention.)","[...] by Supreme Decree No. 018-2016-PCM, issued on 17 March 2016, the state of emergency declared in the District of Echarate in the Province of La Convención, Department of Cusco, has been extended for 60 days, with ef"
Perú,Peru,2016-06-28,2016,extensión,estado de emergencia,directo,C.N.542.2016,https://treaties.un.org/doc/Publication/CN/2016/CN.542.2016-Eng.pdf,ONU_PIDCP_art4,"[...] by Supreme Decree No. 002-2016-PCM, issued on 14 January 2016, the state of emergency declared in the Districts of Huanta, Ayahuanco, Santillana, Chaca, Sivia, Llochegua, Canayre, Uchuraccay and Pucacolpa in the Province of Huanta, the Districts of San Miguel, Anco, Ayna, Chungui, Santa Rosa, Tambo, Samugari, Anchihuay in the Province of La Mar, Department of Ayacucho; in the Districts of Pampas, Huachocolpa, Quishuar, Salcabamba, Salcahuasi, Surcubamba, Tintay Puncu, Roble and Andaymarca in the Province of Tayacaja, Department of Huancavelica; in the Districts of Kimbiri, Pichari, Vilcabamba, Inkawasi, Villa Kintiarina, Villa Virgen in the Province of La Convención, Department of Cusco; in the Districts of Llaylla, Mazamari, Pampa Hermosa, Pangoa, Vizcatán del Ene and Río Tambo in the Province of Satipo, the Districts of Andamarca and Comas in the Province of Concepción, and the Districts of Santo Domingo de Acobamba and Pariahuanca in the Province of Huancayo, Department of Junín, has been extended for 60 days, with effect from 15 January 2016. It should be recalled that the Permanent Mission has duly reported to the Secretariat previous extensions of the state of emergency in the aforementioned places, the most recent communication being note No. 7-1-SG/66 of 11 December 2015. During the state of emergency, the rights relating to liberty and security of person, inviolability of the home, freedom of assembly and freedom of movement within the territory, recognized in ","[...] by Supreme Decree No. 002-2016-PCM, issued on 14 January 2016, the state of emergency declared in the Districts of Huanta, Ayahuanco, Santillana, Chaca, Sivia, Llochegua, Canayre, Uchuraccay and Pucacolpa in the Pr"
Perú,Peru,2016-06-30,2016,declaración,estado de emergencia,directo,C.N.558.2016,https://treaties.un.org/doc/Publication/CN/2016/CN.558.2016-Eng.pdf,ONU_PIDCP_art4,"[...] by Supreme Decree No. 009-2016-PCM issued on 10 February 2016, a state of emergency has been declared for 45 days in the Provinces of Santa and Casma, Department of Áncash. During the state of emergency, the rights relating to liberty and security of person and the inviolability of the home, recognized in article 2, paragraphs 9 and 24 (f), of the Political Constitution of Peru and in articles 17 and 9 of the International Covenant on Civil and Political Rights, respectively, are suspended, in order to consolidate peace in the area and in the country. (See C.N.558.2016 .TREATIES-IV.4 of 5 August 2016 for the text of the above-mentioned notification.)","[...] by Supreme Decree No. 009-2016-PCM issued on 10 February 2016, a state of emergency has been declared for 45 days in the Provinces of Santa and Casma, Department of Áncash. During the state of emergency, the rights"
Perú,Peru,2016-06-30,2016,extensión,estado de emergencia,directo,C.N.557.2016,https://treaties.un.org/doc/Publication/CN/2016/CN.557.2016-Eng.pdf,ONU_PIDCP_art4,"[...] by Supreme Decree No. 017-2016-PCM, issued on 15 March 2016, the state of emergency declared in the Districts of Huanta, Ayahuanco, Santillana, Chaca, Sivia, Llochegua, Canayre, Uchuraccay and Pucacolpa in the Province of Huanta, the Districts of San Miguel, Anco, Ayna, Chungui, Santa Rosa, Tambo, Samugari and Anchihuay in the Province of La Mar, Department of Ayacucho; in the Districts of Pampas, Huachocolpa, Quishuar, Salcabamba, Salcahuasi, Surcubamba, Tintay Puncu, Roble and Andaymarca in the Province of Tayacaja, Department of Huancavelica; in the Districts of Kimbiri, Pichari, Vilcabamba, Inkawasi, Villa Kintiarina and Villa Virgen in the Province of La Convención, Department of Cusco; in the Districts of Llaylla, Mazamari, Pampa Hermosa, Pangoa, Vizcatán del Ene and Río Tambo in the Province of Satipo, the Districts of Andamarca and Comas in the Province of Concepción, and the Districts of Santo Domingo de Acobamba and Pariahuanca in the Province of Huancayo, Department of Junín, has been extended for 60 days, with effect from 15 March 2016. It should be recalled that the Permanent Mission has duly reported to the Secretariat previous extensions of the state of emergency in the aforementioned places, the most recent communication being note No. 7-1-SG/45 of 24 June 2016. During the state of emergency, the rights relating to liberty and security of person, inviolability of the home, freedom of assembly and freedom of movement within the territory, recognized in ar","[...] by Supreme Decree No. 017-2016-PCM, issued on 15 March 2016, the state of emergency declared in the Districts of Huanta, Ayahuanco, Santillana, Chaca, Sivia, Llochegua, Canayre, Uchuraccay and Pucacolpa in the Prov"
Perú,Peru,2016-06-30,2016,extensión,estado de emergencia,directo,C.N.556.2016,https://treaties.un.org/doc/Publication/CN/2016/CN.556.2016-Eng.pdf,ONU_PIDCP_art4,"[...] by Supreme Decree No. 032-2016-PCM issued on 12 May 2016, the state of emergency declared in the District of Echarate in the Province of La Convención, Department of Cusco, has been extended for 60 days, with effect from 20 May 2016. It should be recalled that the Permanent Mission has duly reported to the Secretariat previous extensions of the state of emergency in the aforementioned place, the most recent communication being note No. 7-1-SG/44 of 24 June 2016. During the state of emergency, the rights relating to liberty and security of person, inviolability of the home, freedom of assembly and freedom of movement within the territory, recognized in article 2, paragraphs 9, 11, 12 and 24 (f), of the Political Constitution of Peru and in articles 17, 12, 21 and 9 of the International Covenant on Civil and Political Rights, are suspended. (See C.N.556.2016 .TREATIES-IV.4 of 5 August 2016 for the text of the above-mentioned notification.)","[...] by Supreme Decree No. 032-2016-PCM issued on 12 May 2016, the state of emergency declared in the District of Echarate in the Province of La Convención, Department of Cusco, has been extended for 60 days, with effec"
Perú,Peru,2016-06-30,2016,extensión,estado de emergencia,directo,C.N.555.2016,https://treaties.un.org/doc/Publication/CN/2016/CN.555.2016-Eng.pdf,ONU_PIDCP_art4,"[...] by Supreme Decree No. 036-2016-PCM issued on 31 May 2016, the state of emergency declared in the Constitutional Province of Callao has been extended for 60 days, with effect from 1 June 2016. It should be recalled that the Permanent Mission has duly reported to the Secretariat previous extensions of the state of emergency in the aforementioned place, the most recent communication being note No. 7-1-SG/43 dated 24 June 2016. During the state of emergency, the rights relating to liberty and security of person and the inviolability of the home, recognized in article 2, paragraphs 9 and 24 (f), of the Political Constitution of Peru and in articles 17 and 9 of the International Covenant on Civil and Political Rights, respectively, are suspended in order to consolidate peace in the area and in the country. (See C.N.555.2016 .TREATIES-IV.4 of 5 August 2016 for the text of the above-mentioned notification.)","[...] by Supreme Decree No. 036-2016-PCM issued on 31 May 2016, the state of emergency declared in the Constitutional Province of Callao has been extended for 60 days, with effect from 1 June 2016. It should be recalled "
Ecuador,Ecuador,2016-07-18,2016,extensión,estado de emergencia,directo,C.N.981.2016,https://treaties.un.org/doc/Publication/CN/2016/CN.981.2016-Eng.pdf,ONU_PIDCP_art4,"The Secretary-General received from the Government of Ecuador a notification dated 11 July 2016 (and subsequently a notification dated 5 December 2016), made under article 4 (3) of the above Covenant, regarding the extension of the state of emergency in the provinces of Esmeraldas, Manabí, Santa Elena, Santo Domingo de los Tsáchilas, Los Ríos and Guayas for a period of 30 days from 16 June 2016 by Executive Decree no. 1101. (See C.N.981.2016 .TREATIES-IV.4 of 11 January 2017 for the text of the notification.)","The Secretary-General received from the Government of Ecuador a notification dated 11 July 2016 (and subsequently a notification dated 5 December 2016), made under article 4 (3) of the above Covenant, regarding the exten"
Ecuador,Ecuador,2016-07-25,2016,declaración,estado de emergencia,directo,C.N.982.2016,https://treaties.un.org/doc/Publication/CN/2016/CN.982.2016-Eng.pdf,ONU_PIDCP_art4,"The Secretary-General received from the Government of Ecuador a notification dated 25 July 2016 (and subsequently a notification dated 26 August 2016), made under article 4 (3) of the above Covenant, regarding the declaration of the state of emergency in the provinces of Esmeraldas and Manabí for a period of 60 days from 15 July 2016 by Executive Decree no. 1116. (See C.N.982.2016 .TREATIES-IV.4 of 16 January 2017 for the text of the notification.)","The Secretary-General received from the Government of Ecuador a notification dated 25 July 2016 (and subsequently a notification dated 26 August 2016), made under article 4 (3) of the above Covenant, regarding the declar"
Perú,Peru,2016-07-27,2016,extensión,estado de emergencia,directo,C.N.581.2016,https://treaties.un.org/doc/Publication/CN/2016/CN.581.2016-Eng.pdf,ONU_PIDCP_art4,"[...] by Supreme Decree No. 031-2016-PCM, issued on 12 May 2016, the state of emergency declared in the Districts of Huanta, Ayahuanco, Santillana, Chaca, Sivia, Llochegua, Canayre, Uchuraccay and Pucacolpa in the Province of Huanta, in the Districts of San Miguel, Anco, Ayna, Chungui, Santa Rosa, Tambo, Samugari and Anchihuay in the Province of La Mar, Department of Ayacucho; in the Districts of Pampas, Huachocolpa, Quishuar, Salcabamba, Salcahuasi, Surcubamba, Tintay Puncu, Roble and Andaymarca in the Province of Tayacaja, Department of Huancavelica; in the Districts of Kimbiri, Pichari, Vilcabamba, Inkawasi, Villa Kintiarina and Villa Virgen in the Province of La Convención, Department of Cusco; in the Districts of Llaylla, Mazamari, Pampa Hermosa, Pangoa, Vizcatán del Ene and Río Tambo in the Province of Satipo, in the Districts of Andamarca and Comas in the Province of Concepción, and in the Districts of Santo Domingo de Acobamba and Pariahuanca in the Province of Huancayo, Department of Junín, has been extended for 60 days, with effect from 14 May 2016. It should be recalled that the Permanent Mission has duly reported to the Secretariat previous extensions of the state of emergency in the aforementioned places, the most recent communication being note No. 7-1-SG/49 of 29 June 2016. During the state of emergency, the rights relating to liberty and security of person, inviolability of the home, freedom of assembly and freedom of movement within the territory, recognized ","[...] by Supreme Decree No. 031-2016-PCM, issued on 12 May 2016, the state of emergency declared in the Districts of Huanta, Ayahuanco, Santillana, Chaca, Sivia, Llochegua, Canayre, Uchuraccay and Pucacolpa in the Provin"
Perú,Peru,2016-07-27,2016,extensión,estado de emergencia,directo,C.N.582.2016,https://treaties.un.org/doc/Publication/CN/2016/CN.582.2016-Eng.pdf,ONU_PIDCP_art4,"[...] by Supreme Decree No. 020-2016-PCM issued on 24 March 2016, a state of emergency has been declared for 45 days in the Provinces of Santa and Casma, Department of Áncash. It should be recalled that the Permanent Mission has duly reported to the Secretariat previous extensions of the state of emergency in the aforementioned places, the most recent communication being note No. 7-1-SG/50 of 29 June 2016. During the state of emergency, the rights relating to liberty and security of person and the inviolability of the home, recognized in article 2, paragraphs 9 and 24 (f), of the Political Constitution of Peru and in articles 17 and 9 of the International Covenant on Civil and Political Rights, respectively, are suspended, with the aim of consolidating peace in the area and in the country. (See C.N.582.2016 .TREATIES-IV.4 of 17 August 2016 for the text of the above-mentioned notification.)","[...] by Supreme Decree No. 020-2016-PCM issued on 24 March 2016, a state of emergency has been declared for 45 days in the Provinces of Santa and Casma, Department of Áncash. It should be recalled that the Permanent Mis"
Guatemala,Guatemala,2016-08-02,2016,extensión,estado de emergencia,directo,C.N.601.2016,https://treaties.un.org/doc/Publication/CN/2016/CN.601.2016-Eng.pdf,ONU_PIDCP_art4,"... pursuant to article 4(3) of the International Covenant on Civil and Political Rights. On 21 June 2016, as a result of landslides caused by heavy rainfall that damaged roads, housing, schools, health facilities and other infrastructure, Mr. Jimmy Morales Cabrera, President of the Republic of Guatemala, in concert with the Cabinet, issued Government Decree No. 2-2016 declaring a state of emergency in the municipality of Jerez, department of Jutiapa, for 30 days beginning from the date of entry into force of the decree. On 18 July 2016, the President of the Republic, in concert with the Cabinet, issued Government Decree No. 3-2016 extending the state of emergency for another 30 days, since the circumstances that gave rise to Government Decree No. 2-2016 continued to exist... See C.N.601.2016 .TREATIES-IV.4 of 6 September 2016.","... pursuant to article 4(3) of the International Covenant on Civil and Political Rights. On 21 June 2016, as a result of landslides caused by heavy rainfall that damaged roads, housing, schools, health facilities and ot"
Guatemala,Guatemala,2016-08-02,2016,declaración,estado de emergencia,directo,C.N.600.2016,https://treaties.un.org/doc/Publication/CN/2016/CN.600.2016-Eng.pdf,ONU_PIDCP_art4,"... pursuant to article 4 (3) of the International Covenant on Civil and Political Rights, that on 21 June 2016, in concert with the Cabinet, Mr. Jimmy Morales Cabrera, President of the Republic of Guatemala, issued Government Decree No. 2-2016 declaring a state of emergency in the municipality of Jerez, Department of Jutiapa, for 30 days beginning from the date of entry into force of the decree. The state of emergency was declared as a result of landslides caused by heavy rainfall in the municipality of Jerez, Department of Jutiapa, which damaged roads, housing, schools, health facilities and other infrastructure and impaired the provision of essential services, as well as affecting production activities and human development. Accordingly, the measure is aimed at mitigating the damage, repairing roads and buildings, restoring essential services and minimizing the impact, as well as enabling the necessary measures to be taken, in places where the circumstances so warrant, to avoid or reduce the impact of the disaster and, above all, to protect the life, physical integrity and safety of the affected or at-risk population and to safeguard their property. In this connection, measures have been taken to restrict the application of article 12 of the International Covenant on Civil and Political Rights with respect to liberty of movement... See C.N.600.2016 .TREATIES-IV.4 of 6 September 2016.","... pursuant to article 4 (3) of the International Covenant on Civil and Political Rights, that on 21 June 2016, in concert with the Cabinet, Mr. Jimmy Morales Cabrera, President of the Republic of Guatemala, issued Gove"
Perú,Peru,2016-08-03,2016,extensión,estado de emergencia,directo,C.N.584.2016,https://treaties.un.org/doc/Publication/CN/2016/CN.584.2016-Eng.pdf,ONU_PIDCP_art4,"[...] by Supreme Decree No. 056-2016-PCM issued on 30 July 2016, a state of emergency in the Constitutional Province of Callao has been declared for 30 days, with effect from 31 July 2016. It should be recalled that the Permanent Mission has duly reported to the Secretariat previous extensions of the state of emergency in the aforementioned place, the most recent communication being note No. 7-1-SG/47 dated 29 June 2016. During the state of emergency, the rights relating to liberty and security of person and the inviolability of the home, recognized in article 2, paragraphs 9 and 24 (f), of the Political Constitution of Peru and in articles 17 and 9 of the International Covenant on Civil and Political Rights, respectively, are suspended. (See C.N.584.2016 .TREATIES-IV.4 of 17 August 2016 for the text of the above-mentioned notification.)","[...] by Supreme Decree No. 056-2016-PCM issued on 30 July 2016, a state of emergency in the Constitutional Province of Callao has been declared for 30 days, with effect from 31 July 2016. It should be recalled that the "
Perú,Peru,2016-08-03,2016,extensión,estado de emergencia,directo,C.N.585.2016,https://treaties.un.org/doc/Publication/CN/2016/CN.585.2016-Eng.pdf,ONU_PIDCP_art4,"[...] by Supreme Decree No. 029-2016-PCM issued on 5 May 2016, a state of emergency has been declared for 45 days in the Provinces of Santa and Casma, Department of Áncash, with effect from 10 May 2016. It should be recalled that the Permanent Mission has duly reported to the Secretariat previous extensions of the state of emergency in the aforementioned places, the most recent communication being note No. 7-1-SG/61 of 26 July 2016. During the state of emergency, the rights relating to liberty and security of person and the inviolability of the home, recognized in article 2, paragraphs 9 and 24 (f), of the Political Constitution of Peru and in articles 17 and 9 of the International Covenant on Civil and Political Rights, respectively, are suspended, in order to consolidate peace in the area and in the country. (See C.N.585.2016 .TREATIES-IV.4 of 17 August 2016 for the text of the above-mentioned notification.)","[...] by Supreme Decree No. 029-2016-PCM issued on 5 May 2016, a state of emergency has been declared for 45 days in the Provinces of Santa and Casma, Department of Áncash, with effect from 10 May 2016. It should be reca"
Perú,Peru,2016-08-03,2016,extensión,estado de emergencia,directo,C.N.586.2016,https://treaties.un.org/doc/Publication/CN/2016/CN.586.2016-Eng.pdf,ONU_PIDCP_art4,"[...] by Supreme Decree No. 044-2016-PCM, issued on 12 July 2016, the state of emergency declared in the Districts of Huanta, Ayahuanco, Santillana, Chaca, Sivia, Llochegua, Canayre, Uchuraccay and Pucacolpa in the Province of Huanta, in the Districts of San Miguel, Anco, Ayna, Chungui, Santa Rosa, Tambo, Samugari and Anchihuay in the Province of La Mar, Department of Ayacucho; in the Districts of Pampas, Huachocolpa, Quishuar, Salcabamba, Salcahuasi, Surcubamba, Tintay Puncu, Roble and Andaymarca in the Province of Tayacaja, Department of Huancavelica; in the Districts of Kimbiri, Pichari, Vilcabamba, Inkawasi, Villa Kintiarina and Villa Virgen in the Province of La Convención, Department of Cusco; in the Districts of Llaylla, Mazamari, Pampa Hermosa, Pangoa, Vizcatán del Ene and Río Tambo in the Province of Satipo, in the Districts of Andamarca and Comas in the Province of Concepción, and in the Districts of Santo Domingo de Acobamba and Pariahuanca in the Province of Huancayo, Department of Junín, has been extended for 60 days, with effect from 13 July 2016. It should be recalled that the Permanent Mission has duly reported to the Secretariat previous extensions of the state of emergency in the aforementioned places, the most recent communication being note No. 7-1-SG/60 of 26 July 2016. During the state of emergency, the rights relating to liberty and security of person, inviolability of the home, freedom of assembly and freedom of movement within the territory, recognize","[...] by Supreme Decree No. 044-2016-PCM, issued on 12 July 2016, the state of emergency declared in the Districts of Huanta, Ayahuanco, Santillana, Chaca, Sivia, Llochegua, Canayre, Uchuraccay and Pucacolpa in the Provi"
Perú,Peru,2016-08-11,2016,extensión,estado de emergencia,directo,C.N.595.2016,https://treaties.un.org/doc/Publication/CN/2016/CN.595.2016-Eng.pdf,ONU_PIDCP_art4,"[...] by Supreme Decree No. 041-2016-PCM issued on 23 June 2016, a state of emergency has been declared for 45 days in the Provinces of Santa and Casma, Department of Áncash, with effect from 24 June 2016. It should be recalled that the Permanent Mission has duly reported to the Secretariat previous extensions of the state of emergency in the aforementioned places, the most recent communication being note No. 7-1-SG/65 of 2 August 2016. During the state of emergency, the rights relating to liberty and security of person and the inviolability of the home, recognized in article 2, paragraphs 9 and 24 (f), of the Political Constitution of Peru and in articles 17 and 9 of the International Covenant on Civil and Political Rights, respectively, are suspended, in order to consolidate peace in the area and in the country. (See C.N.595.2016 .TREATIES-IV.4 of 11 August 2016 for the text of the above-mentioned notification.)","[...] by Supreme Decree No. 041-2016-PCM issued on 23 June 2016, a state of emergency has been declared for 45 days in the Provinces of Santa and Casma, Department of Áncash, with effect from 24 June 2016. It should be r"
Perú,Peru,2016-09-14,2016,extensión,estado de emergencia,directo,C.N.845.2016,https://treaties.un.org/doc/Publication/CN/2016/CN.845.2016-Eng.pdf,ONU_PIDCP_art4,"[...] by Supreme Decree No. 066-2016-PCM issued on 27 August 2016, the state of emergency in the Constitutional Province of Callao has been extended for 45 days, with effect from 30 August 2016. During the state of emergency, the rights relating to liberty and security of person and the inviolability of the home, recognized in article 2, paragraphs 9 and 24 (f), of the Political Constitution of Peru and in articles 17 and 9 of the International Covenant on Civil and Political Rights, respectively, are suspended. (See C.N.845.2016 .TREATIES-IV.4 of 14 September 2016 for the text of the above-mentioned notification.)","[...] by Supreme Decree No. 066-2016-PCM issued on 27 August 2016, the state of emergency in the Constitutional Province of Callao has been extended for 45 days, with effect from 30 August 2016. During the state of emerg"
Perú,Peru,2016-09-14,2016,extensión,estado de emergencia,directo,C.N.846.2016,https://treaties.un.org/doc/Publication/CN/2016/CN.846.2016-Eng.pdf,ONU_PIDCP_art4,"[...] by Supreme Decree No. 070-2016-PCM, issued on 11 September 2016, the state of emergency declared in the Districts of Huanta, Ayahuanco, Santillana, Chaca, Sivia, Llochegua, Canayre, Uchuraccay and Pucacolpa in the Province of Huanta, in the Districts of San Miguel, Anco, Ayna, Chungui, Santa Rosa, Tambo, Samugari and Anchihuay in the Province of La Mar, Department of Ayacucho; in the Districts of Pampas, Huachocolpa, Quishuar, Salcabamba, Salcahuasi, Surcubamba, Tintay Puncu, Roble and Andaymarca in the Province of Tayacaja, Department of Huancavelica; in the Districts of Kimbiri, Pichari, Vilcabamba, Inkawasi, Villa Kintiarina and Villa Virgen in the Province of La Convención, Department of Cusco; in the Districts of Llaylla, Mazamari, Pampa Hermosa, Pangoa, Vizcatán del Ene and Río Tambo in the Province of Satipo, in the Districts of Andamarca and Comas in the Province of Concepción, and in the Districts of Santo Domingo de Acobamba and Pariahuanca in the Province of Huancayo, Department of Junín, has been extended for 30 days, with effect from 11 September 2016. During the state of emergency, the rights relating to liberty and security of person, inviolability of the home, freedom of assembly and freedom of movement within the territory, recognized in article 2, paragraphs 9, 11, 12 and 24 (f), of the Political Constitution of Peru and in articles 17, 12, 21 and 9 of the International Covenant on Civil and Political Rights, are suspended. (See C.N.846.2016 .TREATIES-","[...] by Supreme Decree No. 070-2016-PCM, issued on 11 September 2016, the state of emergency declared in the Districts of Huanta, Ayahuanco, Santillana, Chaca, Sivia, Llochegua, Canayre, Uchuraccay and Pucacolpa in the "
Guatemala,Guatemala,2016-09-28,2016,fin/levantamiento,estado de emergencia,directo,C.N.838.2016,https://treaties.un.org/doc/Publication/CN/2016/CN.838.2016-Eng.pdf,ONU_PIDCP_art4,"... on 19 September 2016, by Government Decree No. 5-2016, published on 20 September 2016 in the Official Gazette, the Government of Guatemala declared a state of emergency throughout Guatemala because of the heavy and constant rainfall affecting the country. Subsequently, by Government Decree No. 6-2016 of 21 September 2016, published on 22 September 2016, the Government of Guatemala repealed Government Decree No. 5-2016, because of the differing and widespread interpretations among the population about the purposes for which the Decree had been issued... ... further to Note No. J/1/1119 of 27 September 2016 concerning Decree No. 5-2016 published on 20 September 2016 and Decree No. 6-2016 published on 22 September 2016, whereby Guatemala declared and subsequently lifted the national state of emergency. In this regard and in accordance with article 4 of the International Covenant on Civil and Political Rights, I wish to inform you that the Government of Guatemala has decided to revoke the suspension of the following articles under Government Decree No. 6-2016: 1. Article 12: Movement 2. Article 19: Freedom of expression 3. Article 21: Peaceful assembly 4. Article 22: Association... (See C.N.838.2016 .TREATIES-IV.4 of 9 November 2016.)","... on 19 September 2016, by Government Decree No. 5-2016, published on 20 September 2016 in the Official Gazette, the Government of Guatemala declared a state of emergency throughout Guatemala because of the heavy and c"
Guatemala,Guatemala,2016-10-03,2016,declaración,estado de emergencia,directo,C.N.839.2016,https://treaties.un.org/doc/Publication/CN/2016/CN.839.2016-Eng.pdf,ONU_PIDCP_art4,"... on 22 September 2016, the Government of Guatemala, issued Government Decree No. 7-2016, published in the Official Gazette on 23 September 2016, declaring a state of emergency in the national territory for a period of thirty (30) days, beginning on the date of entry into force of the aforesaid Decree. The purpose of this Decree is to prevent the population from remaining in, or having access to, certain areas classified as vulnerable or at risk; to take all appropriate measures to mitigate the damage caused or which may be caused by the continuous heavy rainfall in order to prevent further consequences; and, in places where circumstances so warrant, to take the necessary action to alleviate or reduce its impact, thereby protecting the lives, safety and physical integrity of the Guatemalan population... ... further to Note No. J/1/1132 of 30 September 2016 concerning Decree No. 7-2016 published on 23 September 2016, whereby Guatemala declared a national state of emergency. In this regard and in accordance with article 4 of the International Covenant on Civil and Political Rights, I wish to inform you that the Government of Guatemala has decided to take measures with regard to the provisions of article 12 of the Covenant... (See C.N.839.2016 .TREATIES-IV.4 of 9 November 2016.)","... on 22 September 2016, the Government of Guatemala, issued Government Decree No. 7-2016, published in the Official Gazette on 23 September 2016, declaring a state of emergency in the national territory for a period of"
Perú,Peru,2016-10-31,2016,extensión,estado de emergencia,directo,C.N.848.2016,https://treaties.un.org/doc/Publication/CN/2016/CN.848.2016-Eng.pdf,ONU_PIDCP_art4,"By Supreme Decree No. 057-2016-PCM, published on 5 August 2016,the state of emergency in the Provinces of Santa and Casma, Department of Áncash, is extended for a period of forty-five (45) calendar days, with effect from 8 August 2016. During the extension of the state of emergency and in the locations referred to, the constitutional rights relating to liberty and security of person and the inviolability of the home, recognized in article 2, paragraphs 9 and 24 (f), of the Political Constitution of Peru, shall be suspended. (See C.N.848.2016 .TREATIES-IV.4 of 31 October 2016 for the text of the above-mentioned notification.)","By Supreme Decree No. 057-2016-PCM, published on 5 August 2016,the state of emergency in the Provinces of Santa and Casma, Department of Áncash, is extended for a period of forty-five (45) calendar days, with effect from"
Perú,Peru,2016-10-31,2016,extensión,estado de emergencia,directo,C.N.847.2016,https://treaties.un.org/doc/Publication/CN/2016/CN.847.2016-Eng.pdf,ONU_PIDCP_art4,"By Supreme Decree No. 045-2016-PCM, issued on 12 July 2016, the state of emergency in the District of Echarate in the Province of La Convención, Department of Cusco, was extended for a period of sixty (60) calendar days, with effect from 19 July 2016. During the state of emergency and in the location referred to, the constitutional rights relating to liberty and security of person, inviolability of the home and freedom of assembly and of movement within the territory, recognized in article 2, paragraphs 9, 11, 12 and 24 (f), of the Political Constitution of Peru, shall be suspended. (See C.N.847.2016 .TREATIES-IV.4 of 31 October 2016 for the text of the above-mentioned notification.)","By Supreme Decree No. 045-2016-PCM, issued on 12 July 2016, the state of emergency in the District of Echarate in the Province of La Convención, Department of Cusco, was extended for a period of sixty (60) calendar days,"
Perú,Peru,2016-10-31,2016,extensión,estado de emergencia,directo,C.N.849.2016,https://treaties.un.org/doc/Publication/CN/2016/CN.849.2016-Eng.pdf,ONU_PIDCP_art4,"[...] by Supreme Decree No. 071-2016-PCM issued on 15 September 2016, the state of emergency declared in the District of Echarate in the Province of La Convención, Department of Cusco, has been extended for 25 days, with effect from 17 September 2016. During the state of emergency, the rights relating to liberty and security of person, inviolability of the home, freedom of assembly and freedom of movement within the territory, recognized in article 2, paragraphs 9, 11, 12 and 24 (f), of the Political Constitution of Peru and in articles 17, 12, 21 and 9 of the International Covenant on Civil and Political Rights, respectively, are suspended. (See C.N.849.2016 .TREATIES-IV.4 of 31 October 2016 for the text of the above-mentioned notification.)","[...] by Supreme Decree No. 071-2016-PCM issued on 15 September 2016, the state of emergency declared in the District of Echarate in the Province of La Convención, Department of Cusco, has been extended for 25 days, with"
Perú,Peru,2016-10-31,2016,extensión,estado de emergencia,directo,C.N.850.2016,https://treaties.un.org/doc/Publication/CN/2016/CN.850.2016-Eng.pdf,ONU_PIDCP_art4,"[...] by Supreme Decree No. 072-2016-PCM issued on 15 September 2016, the state of emergency in the Provinces of Santa and Casma, Department of Áncash, has been extended for 30 days, with effect from 22 September 2016. During the state of emergency, the rights relating to liberty and security of person and the inviolability of the home, recognized in article 2, paragraphs 9 and 24 (f), of the Political Constitution of Peru and in articles 17 and 9 of the International Covenant on Civil and Political Rights, respectively, are suspended. (See C.N.850.2016 .TREATIES-IV.4 of 31 October 2016 for the text of the above-mentioned notification.)","[...] by Supreme Decree No. 072-2016-PCM issued on 15 September 2016, the state of emergency in the Provinces of Santa and Casma, Department of Áncash, has been extended for 30 days, with effect from 22 September 2016. D"
Perú,Peru,2016-11-14,2016,declaración,estado de emergencia,directo,C.N.969.2016,https://treaties.un.org/doc/Publication/CN/2016/CN.969.2016-Eng.pdf,ONU_PIDCP_art4,"[...] by Supreme Decree No. 076-2016-PCM, published on 6 October 2016, a state of emergency has been declared for 60 days, with effect from 11 October 2016, in the Districts of Huanta, Ayahuanco, Santillana, Chaca, Sivia, Llochegua, Canayre, Uchuraccay and Pucacolpa, in the Province of Huanta; in the Districts of San Miguel, Anco, Ayna, Chungui, Oronccoy, Santa Rosa, Tambo, Samugari and Anchihuay, in the Province of La Mar, in the Department of Ayacucho; in the Districts of Pampas, Huachocolpa, Quishuar, Salcabamba, Salcahuasi, Surcubamba, Tintaypuncu, Roble, Santiago de Tucuma and Andaymarca, in the Province of Tayacaja, in the Department of Huancavelica; in the Districts of Echarate, Megantoni, Kimbiri, Pichari, Vilcabamba, lnkawasi, Villa Kintiarina and Villa Virgen, in the Province of La Convención, in the Department of Cusco; in the Districts of Llaylla, Mazamari, Pampa Hermosa, Pangoa, Vizcatán del Ene and Río Tambo, in the Province of Satipo; in the Districts of Andamarca and Comas, in the Province of Concepción; and in the Districts of Santo Domingo de Acobamba and Pariahuanca, in the Province of Huancayo, in the Department of Junín. During the state of emergency, the rights relating to liberty and security of person, inviolability of the home, freedom of assembly and freedom of movement within the territory, recognized in article 2, paragraphs 9, 11, 12 and 24 (f), of the Political Constitution of Peru, and in articles 9, 12, 17 and 21 of the International Covenant o","[...] by Supreme Decree No. 076-2016-PCM, published on 6 October 2016, a state of emergency has been declared for 60 days, with effect from 11 October 2016, in the Districts of Huanta, Ayahuanco, Santillana, Chaca, Sivia"
Ecuador,Ecuador,2016-12-07,2016,declaración,estado de emergencia,directo,C.N.983.2016,https://treaties.un.org/doc/Publication/CN/2016/CN.983.2016-Eng.pdf,ONU_PIDCP_art4,"The Secretary-General received from the Government of Ecuador a notification dated 5 December 2016, made under article 4 (3) of the above Covenant, regarding the declaration of a state of emergency in the provinces of Esmeraldas and Manabí for a period of 60 days from 14 October 2016 by Executive Decree no. 1215. (See C.N.983.2016 .TREATIES-IV.4 of 16 January 2017 for the text of the notification.)","The Secretary-General received from the Government of Ecuador a notification dated 5 December 2016, made under article 4 (3) of the above Covenant, regarding the declaration of a state of emergency in the provinces of Es"
Perú,Peru,2016-12-21,2016,declaración,estado de emergencia,directo,C.N.989.2016,https://treaties.un.org/doc/Publication/CN/2016/CN.989.2016-Eng.pdf,ONU_PIDCP_art4,"[...] by Supreme Decree No. 088-2016-PCM, issued on 29 November 2016 (copy attached), a state of emergency is declared for thirty (30) days, in the Province of San Román, Department of Puno, with effect from the aforementioned date. During the state of emergency, the constitutional rights to liberty and security of person, inviolability of the home, freedom of assembly and freedom of movement in the territory, recognized in article 2, paragraphs 9, 11, 12 and 24 (f), of the Political Constitution of Peru, and in articles 9, 12, 17 and 21 of the International Covenant on Civil and Political Rights, will be suspended in order to consolidate peace in the area and in the country as a whole. (See C.N.989.2016 .TREATIES-IV.4 of 21 February 2017 for the text of the above-mentionned notification.)","[...] by Supreme Decree No. 088-2016-PCM, issued on 29 November 2016 (copy attached), a state of emergency is declared for thirty (30) days, in the Province of San Román, Department of Puno, with effect from the aforemen"
Perú,Peru,2016-12-21,2016,declaración,estado de emergencia,directo,C.N.985.2016,https://treaties.un.org/doc/Publication/CN/2016/CN.985.2016-Eng.pdf,ONU_PIDCP_art4,"by Supreme Decree No. 093-2016-PCM, issued on 20 December 2016 (copy attached), a state of emergency is declared for thirty (30) days in the Province of Chumbivilcas, Department of Cusco, with effect from the aforementioned date. During the state of emergency, the constitutional rights relating to liberty and security of person, inviolability of the home, freedom of assembly and freedom of movement within the territory, recognized in article 2, paragraphs 9, 11, 12 and 24 (f), of the Political Constitution of Peru, and in articles 9, 12, 17 and 21 of the International Covenant on Civil and Political Rights, will be suspended in order to consolidate peace in the area and in the country as a whole. (See C.N.985.2016 .TREATIES-IV.4 of 21 February 2017 for the text of the notification.)","by Supreme Decree No. 093-2016-PCM, issued on 20 December 2016 (copy attached), a state of emergency is declared for thirty (30) days in the Province of Chumbivilcas, Department of Cusco, with effect from the aforementio"
Perú,Peru,2016-12-27,2016,extensión,estado de emergencia,directo,C.N.986.2016,https://treaties.un.org/doc/Publication/CN/2016/CN.986.2016-Eng.pdf,ONU_PIDCP_art4,"[...] by Supreme Decree No. 091-2016-PCM, issued on 8 December 2016, the state of emergency declared in various districts of the Provinces of Huanta and La Mar, Department of Ayacucho; the Province of Tayacaja, Department of Huancavelica; in the Province of La Convención, Department of Cusco, and in the Provinces of Satipo, Concepción and Huancayo, Department of Junín, has been extended for sixty (60) days, with effect from 10 December 2016. During the state of emergency, the constitutional rights relating to liberty and security of person, the inviolability of the home and freedom of assembly and movement within the territory recognized in article 2, paragraphs 9, 11, 12 and 24 (f) of the Political Constitution of Peru are suspended. (See C.N.986.2016 .TREATIES-IV.4 of 13 January 2017 for the text of the above-mentioned notification.)","[...] by Supreme Decree No. 091-2016-PCM, issued on 8 December 2016, the state of emergency declared in various districts of the Provinces of Huanta and La Mar, Department of Ayacucho; the Province of Tayacaja, Departmen"
Ecuador,Ecuador,2017-02-03,2017,extensión,estado de emergencia,directo,C.N.63.2017,https://treaties.un.org/doc/Publication/CN/2017/CN.63.2017-Eng.pdf,ONU_PIDCP_art4,"The Secretary-General received from the Government of Ecuador a notification dated 17 January 2017 and subsequently a notification dated 3 February 2017, made under article 4 (3) of the above Covenant, regarding the renewal of the state of emergency in the province of Morona Santiago for a period of thirty days, beginning 12 January 2017, by Executive Decree no. 1294. (See C.N.63.2017 .TREATIES-IV.4 of 2 March 2017 for the text of the notification.)","The Secretary-General received from the Government of Ecuador a notification dated 17 January 2017 and subsequently a notification dated 3 February 2017, made under article 4 (3) of the above Covenant, regarding the rene"
Ecuador,Ecuador,2017-02-03,2017,declaración,estado de emergencia,directo,C.N.988.2016,https://treaties.un.org/doc/Publication/CN/2016/CN.988.2016-Eng.pdf,ONU_PIDCP_art4,"The Secretary-General received from the Government of Ecuador a notification dated 21 December 2016 and subsequently a notification dated 3 February 2017, made under article 4 (3) of the above Covenant, regarding the declaration of a state of emergency in the province of Morona Santiago for a period of thirty days, beginning 14 December 2016, by Executive Decree no. 1276. (See C.N.988.2016 .TREATIES-IV.4 of 2 March 2017 for the text of the notification.)","The Secretary-General received from the Government of Ecuador a notification dated 21 December 2016 and subsequently a notification dated 3 February 2017, made under article 4 (3) of the above Covenant, regarding the dec"
Perú,Peru,2017-02-22,2017,extensión,estado de emergencia,directo,C.N.117.2017,https://treaties.un.org/doc/Publication/CN/2017/CN.117.2017-Eng.pdf,ONU_PIDCP_art4,"[...] by Supreme Decree No. 010-2017-PCM, issued on 7 February 2017, the state of emergency declared in the districts of Huanta, Ayahuanco, Santillana, Chaca, Sivia, Llochegua, Canayre, Uchuraccay and Pucacolpa in the Province of Huanta, in the districts of San Miguel, Anco, Ayna, Chungui, Oronccoy, Santa Rosa, Tambo, Samugari and Anchihuay in the Province of La Mar, Department of Ayacucho; in the districts of Pampas, Huachocolpa, Quishuar, Salcabamba, Salcahuasi, Surcubamba, Tintay Puncu, Roble, Santiago de Tucuma and Andaymarca in the Province of Tayacaja, Department of Huancavelica; in the districts of Echarate, Megantoni, Kimbiri, Pichari, Vilcabamba, Inkawasi , Villa Kintiarina and Villa Virgen in the Province of La Convención, Department of Cusco; in the districts of Llaylla, Mazamari, Pampa Hermosa, Pangoa, Vizcatán del Ene and Rio Tambo in the Province of Satipo, in the districts of Andamarca and Comas in the Province of Concepción, and in the districts of Santo Domingo de Acobamba and Pariahuanca in the Province of Huancayo, Department of Junín, has been extended for sixty (60) days, with effect from 8 February 2017. (See C.N.117.2017 .TREATIES-IV.4 of 2 March 2017 for the text of the notification.)","[...] by Supreme Decree No. 010-2017-PCM, issued on 7 February 2017, the state of emergency declared in the districts of Huanta, Ayahuanco, Santillana, Chaca, Sivia, Llochegua, Canayre, Uchuraccay and Pucacolpa in the Pr"
Ecuador,Ecuador,2017-03-15,2017,declaración,estado de emergencia,directo,C.N.163.2017,https://treaties.un.org/doc/Publication/CN/2017/CN.163.2017-Eng.pdf,ONU_PIDCP_art4,"The Secretary-General received from the Government of Ecuador a notification dated 20 January 2017 and subsequently a notification dated 15 March 2017, made under article 4 (3) of the above Covenant, regarding the declaration of a state of emergency in the provinces of Manabí and Esmeraldas for a period of sixty days, beginning 12 January 2017, by Executive Decree no. 1295. (See C.N.163.2017 .TREATIES-IV.4 of 31 March 2017 for the text of the notification.)","The Secretary-General received from the Government of Ecuador a notification dated 20 January 2017 and subsequently a notification dated 15 March 2017, made under article 4 (3) of the above Covenant, regarding the declar"
Perú,Peru,2017-04-26,2017,declaración,estado de emergencia,directo,C.N.259.2017,https://treaties.un.org/doc/Publication/CN/2017/CN.259.2017-Eng.pdf,ONU_PIDCP_art4,"The Secretary-General received from the Government of Peru a notification dated 26 April 2017, made under article 4 (3) of the above Covenant, regarding the declaration of a state of emergency in the Province of Cotabambas, Department of Apurimac, for a period of thirty days from 10 February 2017 by Supreme Decree No. 015-2017-PCM. (See C.N.259.2017 .TREATIES-IV.4 of 4 May 2017 for the text of the notification.)","The Secretary-General received from the Government of Peru a notification dated 26 April 2017, made under article 4 (3) of the above Covenant, regarding the declaration of a state of emergency in the Province of Cotabamb"
Perú,Peru,2017-04-26,2017,declaración,estado de emergencia,directo,C.N.260.2017,https://treaties.un.org/doc/Publication/CN/2017/CN.260.2017-Eng.pdf,ONU_PIDCP_art4,"The Secretary-General received from the Government of Peru a notification dated 26 April 2017, made under article 4 (3) of the above Covenant, regarding the declaration of a state of emergency in the District of Coporaque, Province of Espinar, Department of Cusco, for a period of thirty days from 21 February 2017 by Supreme Decree No. 020-2017-PCM. (See C.N.260.2017 .TREATIES-IV.4 of 4 May 2017 for the text of the notification.)","The Secretary-General received from the Government of Peru a notification dated 26 April 2017, made under article 4 (3) of the above Covenant, regarding the declaration of a state of emergency in the District of Coporaqu"
Guatemala,Guatemala,2017-05-19,2017,extensión,estado de emergencia,directo,C.N.290.2017,https://treaties.un.org/doc/Publication/CN/2017/CN.290.2017-Eng.pdf,ONU_PIDCP_art4,"J/1/563 New York, 18 May 2017 Sir, I have the honour to inform you that on 10 May 2017, the Government of Guatemala, through Government Decree No. 2-2017, published on 12 May 2017 in the Official Gazette, declared a state of emergency in the municipalities of Ixchiguán and Tajumulco in the department of San Marcos, for a period of thirty days from the publication of the Decree in the Official Journal. The state of emergency was decreed because in recent days a number of serious events have occurred in those municipalities that jeopardize the constitutional order, governance and security of the State, affecting individuals and families and endangering the lives, liberty, security, peace and full development of the people. As a result of the above declaration and for as long as it remains in effect, full exercise of the constitutional rights of freedom of action, lawful arrest, interrogation of detainees or prisoners, freedom of movement, rights of assembly and demonstration and carrying of weapons, contained in articles 5, 6, 9, 26, 33 and paragraph two of article 38 of the Political Constitution of the Republic of Guatemala, as well as articles 12, 21 and 22 of the International Covenant on Civil and Political Rights, shall be suspended. In this regard, and based on the provisions of article 4, paragraph 3, of the International Covenant on Civil and Political Rights, I request your good offices to convey to States parties the notification and attached Government decree for th","J/1/563 New York, 18 May 2017 Sir, I have the honour to inform you that on 10 May 2017, the Government of Guatemala, through Government Decree No. 2-2017, published on 12 May 2017 in the Official Gazette, declared a stat"
Ecuador,Ecuador,2017-06-01,2017,declaración,estado de emergencia,directo,C.N.315.2017,https://treaties.un.org/doc/Publication/CN/2017/CN.315.2017-Eng.pdf,ONU_PIDCP_art4,"The Secretary-General received from the Government of Ecuador a notification dated 19 August 2015 and subsequently a notification dated 1 June 2017, made under article 4 (3) of the above Covenant, regarding the declaration of a state of emergency throughout the national territory for as long as necessary to respond to the eruption of Mount Cotopaxi, but not longer than sixty days, beginning 15 August 2015, by Executive Decree no. 755. (See C.N.315.2017 .TREATIES-IV.4 of 15 June 2017 for the text of the notification.)","The Secretary-General received from the Government of Ecuador a notification dated 19 August 2015 and subsequently a notification dated 1 June 2017, made under article 4 (3) of the above Covenant, regarding the declarati"
Ecuador,Ecuador,2017-06-01,2017,extensión,estado de emergencia,directo,C.N.310.2017,https://treaties.un.org/doc/Publication/CN/2017/CN.310.2017-Eng.pdf,ONU_PIDCP_art4,"The Secretary-General received from the Government of Ecuador a notification dated 15 March 2017 and subsequently a notification dated 1 June 2017, made under article 4 (3) of the above Covenant, regarding the extension of a state of emergency in the provinces of Manabí and Esmeraldas for a period of thirty days, beginning 13 March 2017, by Executive Decree no. 1338. (See C.N.310.2017 .TREATIES-IV.4 of 13 June 2017 for the text of the notification.)","The Secretary-General received from the Government of Ecuador a notification dated 15 March 2017 and subsequently a notification dated 1 June 2017, made under article 4 (3) of the above Covenant, regarding the extension "
Ecuador,Ecuador,2017-06-01,2017,declaración,estado de emergencia,directo,C.N.313.2017,https://treaties.un.org/doc/Publication/CN/2017/CN.313.2017-Eng.pdf,ONU_PIDCP_art4,"The Secretary-General received from the Government of Ecuador a notification dated 2 May 2017 and subsequently a notification dated 1 June 2017, made under article 4 (3) of the above Covenant, regarding the declaration of a state of emergency in the provinces of Manabí and Esmeraldas for a period of sixty days, beginning 13 April 2017, by Executive Decree no. 1364. (See C.N.313.2017 .TREATIES-IV.4 of 13 June 2017 for the text of the notification.)","The Secretary-General received from the Government of Ecuador a notification dated 2 May 2017 and subsequently a notification dated 1 June 2017, made under article 4 (3) of the above Covenant, regarding the declaration o"
Guatemala,Guatemala,2017-06-12,2017,extensión,estado de emergencia,directo,C.N.402.2017,https://treaties.un.org/doc/Publication/CN/2017/CN.402.2017-Eng.pdf,ONU_PIDCP_art4,"The Secretary-General received from the Government of Guatemala a notification dated 12 June 2017, made under article 4 (3) of the above Covenant, regarding the extension of the state of emergency in the municipalities of Ixchiguán and Tajumulco in the Department of San Marcos, for a further thirty days by Government Decree No. 3-2017. (See C.N.402.2017 .TREATIES-IV.4 of 17 July 2017 for the text of the notification.)","The Secretary-General received from the Government of Guatemala a notification dated 12 June 2017, made under article 4 (3) of the above Covenant, regarding the extension of the state of emergency in the municipalities o"
Perú,Peru,2017-06-30,2017,declaración,estado de emergencia,directo,C.N.397.2017,https://treaties.un.org/doc/Publication/CN/2017/CN.397.2017-Eng.pdf,ONU_PIDCP_art4,"The Secretary-General received from the Government of Peru a notification dated 29 June 2017, made under article 4 (3) of the above Covenant, regarding the declaration of a state of emergency in the District of Tumán, Province of Chiclayo, Department of Lambayeque, for a period of thirty calendar days from 12 June 2017 by Supreme Decree No. 064-2017-PCM. (See C.N.397.2017 .TREATIES-IV.4 of 12 July 2017 for the text of the notification.)","The Secretary-General received from the Government of Peru a notification dated 29 June 2017, made under article 4 (3) of the above Covenant, regarding the declaration of a state of emergency in the District of Tumán, Pr"
Perú,Peru,2017-06-30,2017,extensión,estado de emergencia,directo,C.N.396.2017,https://treaties.un.org/doc/Publication/CN/2017/CN.396.2017-Eng.pdf,ONU_PIDCP_art4,"The Secretary-General received from the Government of Peru a notification dated 29 June 2017, made under article 4 (3) of the above Covenant, regarding the extension of the state of emergency in the in the districts of Huanta, Ayahuanco, Santillana, Chaca, Sivia, Llochegua, Canayre, Uchuraccay and Pucacolpa in the Province of Huanta, in the districts of San Miguel, Anco, Ayna, Chungui, Oronccoy, Santa Rosa, Tambo, Samugari and Anchihuay in the Province of La Mar, Department of Ayacucho; in the districts of Pampas, Huachocolpa, Quishuar, Salcabamba, Salcahuasi, Surcubamba, Tintaypuncu, Roble, Santiago de Tucuma and Andaymarca in the Province of Tayacaja, Department of Huancavelica; in the districts of Echarate, Megantoni, Kimbiri, Pichari, Vilcabamba, Inkawasi , Villa Kintiarina and Villa Virgen in the Province of La Convención, Department of Cusco; in the districts of Llaylla, Mazamari, Pampa Hermosa, Pangoa, Vizcatán del Ene and Rio Tambo in the Province of Satipo, in the districts of Andamarca and Comas in the Province of Concepción, and in the districts of Santo Domingo de Acobamba and Pariahuanca in the Province of Huancayo, Department of Junín, for a period of sixty calendar days from 8 June 2017 by Supreme Decree No. 063-2017-PCM. (See C.N.396.2017 .TREATIES-IV.4 of 12 July 2017 for the text of the notification.)","The Secretary-General received from the Government of Peru a notification dated 29 June 2017, made under article 4 (3) of the above Covenant, regarding the extension of the state of emergency in the in the districts of H"
Perú,Peru,2017-06-30,2017,extensión,estado de emergencia,directo,C.N.395.2017,https://treaties.un.org/doc/Publication/CN/2017/CN.395.2017-Eng.pdf,ONU_PIDCP_art4,"The Secretary-General received from the Government of Peru a notification dated 27 June 2017, made under article 4 (3) of the above Covenant, regarding the extension of the state of emergency in the in the districts of Huanta, Ayahuanco, Santillana, Chaca, Sivia, Llochegua, Canayre, Uchuraccay and Pucacolpa in the Province of Huanta, in the districts of San Miguel, Anco, Ayna, Chungui, Oronccoy, Santa Rosa, Tambo, Samugari and Anchihuay in the Province of La Mar, Department of Ayacucho; in the districts of Pampas, Huachocolpa, Quishuar, Salcabamba, Salcahuasi, Surcubamba, Tintaypuncu, Roble, Santiago de Tucuma and Andaymarca in the Province of Tayacaja, Department of Huancavelica; in the districts of Echarate, Megantoni, Kimbiri, Pichari, Vilcabamba, Inkawasi , Villa Kintiarina and Villa Virgen in the Province of La Convención, Department of Cusco; in the districts of Llaylla, Mazamari, Pampa Hermosa, Pangoa, Vizcatán del Ene and Rio Tambo in the Province of Satipo, in the districts of Andamarca and Comas in the Province of Concepción, and in the districts of Santo Domingo de Acobamba and Pariahuanca in the Province of Huancayo, Department of Junín, for a period of sixty calendar days from 9 April 2017 by Supreme Decree No. 042-2017-PCM. (See C.N.395.2017 .TREATIES-IV.4 of 12 July 2017 for the text of the notification.)","The Secretary-General received from the Government of Peru a notification dated 27 June 2017, made under article 4 (3) of the above Covenant, regarding the extension of the state of emergency in the in the districts of H"
Perú,Peru,2017-09-05,2017,extensión,estado de emergencia,directo,C.N.504.2017,https://treaties.un.org/doc/Publication/CN/2017/CN.504.2017-Eng.pdf,ONU_PIDCP_art4,"The Secretary-General received from the Government of Peru a notification dated 7 August 2017, made under article 4 (3) of the above Covenant, regarding the extension of a state of emergency in the District of Tumán, Province of Chiclayo, Department of Lambayeque, for a period of thirty calendar days from 13 July 2017 by Supreme Decree No. 074-2017-PCM. (See C.N.504.2017 .TREATIES-IV.4 of 8 September 2017 for the text of the notification.)","The Secretary-General received from the Government of Peru a notification dated 7 August 2017, made under article 4 (3) of the above Covenant, regarding the extension of a state of emergency in the District of Tumán, Pro"
Perú,Peru,2017-09-05,2017,declaración,estado de emergencia,directo,C.N.505.2017,https://treaties.un.org/doc/Publication/CN/2017/CN.505.2017-Eng.pdf,ONU_PIDCP_art4,"The Secretary-General received from the Government of Peru a notification dated 7 August 2017, made under article 4 (3) of the above Covenant, regarding the declaration of a state of emergency in the in the districts of Juliaca, Province of San Román, Department of Puno, in the districts of Wanchaq, San Sebastián and Cusco, Province of Cusco, and in the districts of Machupicchu and Ollantaytambo, Province of Urubamba, Department of Cusco, for a period of thirty calendar days from 19 July 2017 by Supreme Decree No. 078-2017-PCM. (See C.N.505.2017 .TREATIES-IV.4 of 8 September 2017 for the text of the notification.)","The Secretary-General received from the Government of Peru a notification dated 7 August 2017, made under article 4 (3) of the above Covenant, regarding the declaration of a state of emergency in the in the districts of "
Ecuador,Ecuador,2018-01-03,2018,declaración,estado de emergencia,directo,C.N.1.2018,https://treaties.un.org/doc/Publication/CN/2018/CN.1.2018-Eng.pdf,ONU_PIDCP_art4,"The Secretary-General received from the Government of Ecuador a notification dated 29 December 2017 and subsequently a notification dated 3 January 2018, made under article 4 (3) of the above Covenant, regarding the declaration of a state of emergency in Zaruma Canton, El Oro Province for a period of sixty days, beginning 15 September 2017, by Executive Decree no. 158. (See C.N.1.2018 .TREATIES-IV.4 of 3 January 2018 for the text of the notification.)","The Secretary-General received from the Government of Ecuador a notification dated 29 December 2017 and subsequently a notification dated 3 January 2018, made under article 4 (3) of the above Covenant, regarding the decl"
Perú,Peru,2018-01-11,2018,declaración,estado de emergencia,directo,C.N.13.2018,https://treaties.un.org/doc/Publication/CN/2018/CN.13.2018-Eng.pdf,ONU_PIDCP_art4,"The Secretary-General received from the Government of Peru a notification dated 4 January 2018, made under article 4 (3) of the above Covenant, regarding the declaration of a state of emergency in the Districts of Chalhuahuacho, Haquira and Mara in the Province of Cotabambas, Department of Apurímac, for a period of thirty (30) calendar days by Supreme Decree No. 085-2017-PCM issued on 16 August 2017. (See C.N.13.2018 .TREATIES-IV.4 of 23 January 2018 for the text of the notification.)","The Secretary-General received from the Government of Peru a notification dated 4 January 2018, made under article 4 (3) of the above Covenant, regarding the declaration of a state of emergency in the Districts of Chalhu"
Perú,Peru,2018-01-11,2018,extensión,estado de emergencia,directo,C.N.14.2018,https://treaties.un.org/doc/Publication/CN/2018/CN.14.2018-Eng.pdf,ONU_PIDCP_art4,"The Secretary-General received from the Government of Peru a notification dated 5 January 2018, made under article 4 (3) of the above Covenant, regarding the extension of the state of emergency in the Districts of Chalhuahuacho, Haquira and Mara in the Province of Cotabambas, Department of Apurímac, for a period of thirty (30) calendar days from 16 September 2017, and the declaration of a state of emergency for a period of thirty (30) calendar days in the District of Capacmarca in the Province of Chumbivilcas, Department of Cusco by Supreme Decree No. 093-2017-PCM issued on 15 September 2017. (See C.N.14.2018 .TREATIES-IV.4 of 23 January 2018 for the text of the notification.)","The Secretary-General received from the Government of Peru a notification dated 5 January 2018, made under article 4 (3) of the above Covenant, regarding the extension of the state of emergency in the Districts of Chalhu"
Perú,Peru,2018-01-16,2018,extensión,estado de emergencia,directo,C.N.35.2018,https://treaties.un.org/doc/Publication/CN/2018/CN.35.2018-Eng.pdf,ONU_PIDCP_art4,"The Secretary-General received from the Government of Peru a notification dated 9 January 2018, made under article 4 (3) of the above Covenant, regarding the extension of a state of emergency in the Districts of Huanta, Ayahuanco, Santillana, Chaca, Sivia, Llochegua, Canayre, Uchuraccay, Pucacolpa and Luricocha in the Province of Huanta, in the Districts of San Miguel, Anco, Ayna, Chungui, Oronccoy, Santa Rosa, Tambo, Samugari, Anchihuay in the Province of La Mar, Department of Ayacucho; in the Districts of Pampas, Huachocolpa, Quishuar, Salcabamba, Salcahuasi, Surcubamba, Tintaypuncu, Roble, Santiago de Tucuma, Andaymarca, San Marcos de Rocchac, Huaribamba, Pazos, Acraquia, Ahuaycha, Daniel Hernández and Colcabamba in the Province of Tayacaja, and in the Districts of Anco, Chinchihuasi, Churcampa, Cosme, El Carmen, La Merced, Locroja, Pachamarca, Paucarbamba, San Miguel de Mayocc, San Pedro de Coris in the Province of Churcampa, Department of Huancavelica; in the Districts of Echarate, Megantoni, Kimbiri, Pichari, Vilcabamba, lnkawasi, Villa Kintiarina and Villa Virgen in the Province of La Convención, Department of Cusco; and in the Districts of Llaylla, Mazamari, Pampa Hermosa, Pangoa, Vizcatán del Ene and Río Tambo in the Province of Satipo, in the Districts of Andamarca and Comas in the Province of Concepción, and in the Districts of Santo Domingo de Acobamba and Pariahuanca in the Province of Huancayo, Department of Junín for a period of sixty calendar days from 5 Decem","The Secretary-General received from the Government of Peru a notification dated 9 January 2018, made under article 4 (3) of the above Covenant, regarding the extension of a state of emergency in the Districts of Huanta, "
Perú,Peru,2018-01-16,2018,extensión,estado de emergencia,directo,C.N.36.2018,https://treaties.un.org/doc/Publication/CN/2018/CN.36.2018-Eng.pdf,ONU_PIDCP_art4,"The Secretary-General received from the Government of Peru a notification dated 9 January 2018, made under article 4 (3) of the above Covenant, regarding the extension of a state of emergency in the Districts of Chalhuahuacho and Mara, in the Province of Cotabambas, Department of Apurímac, and in the District of Capacmarca, in the Province of Chumbivilcas, Department of Cusco for a period of thirty calendar days from 15 November 2017 by Supreme Decree No. 107-2017-PCM. (See C.N.36.2018 .TREATIES-IV.4 of 23 January 2018 for the text of the notification.)","The Secretary-General received from the Government of Peru a notification dated 9 January 2018, made under article 4 (3) of the above Covenant, regarding the extension of a state of emergency in the Districts of Chalhuah"
Perú,Peru,2018-01-16,2018,extensión,estado de emergencia,directo,C.N.28.2018,https://treaties.un.org/doc/Publication/CN/2018/CN.28.2018-Eng.pdf,ONU_PIDCP_art4,"The Secretary-General received from the Government of Peru a notification dated 8 January 2018, made under article 4 (3) of the above Covenant, regarding the extension of a state of emergency in the District of Tumán, Province of Chiclayo, Department of Lambayeque for a period of thirty calendar days from 11 September 2017 by Supreme Decree No. 090-2017-PCM. (See C.N.28.2018 .TREATIES-IV.4 of 23 January 2018 for the text of the notification.)","The Secretary-General received from the Government of Peru a notification dated 8 January 2018, made under article 4 (3) of the above Covenant, regarding the extension of a state of emergency in the District of Tumán, Pr"
Perú,Peru,2018-01-16,2018,declaración,estado de emergencia,directo,C.N.27.2018,https://treaties.un.org/doc/Publication/CN/2018/CN.27.2018-Eng.pdf,ONU_PIDCP_art4,"The Secretary-General received from the Government of Peru a notification dated 8 January 2017, made under article 4 (3) of the above Covenant, regarding the declaration of a state of emergency in the District of Luricocha in the Province of Huanta, Department of Ayacucho; in the Districts of San Marcos de Rocchac, Huaribamba, Pazos, Acraquia, Ahuaycha, Daniel Hernández and Colcabamba in the Province of Tayacaja, and in the Province of Churcampa, Department of Huancavelica for a period of twenty calendar days by Supreme Decree No. 094-2017-PCM. (See C.N.27.2018 .TREATIES-IV.4 of 23 January 2018 for the text of the notification.)","The Secretary-General received from the Government of Peru a notification dated 8 January 2017, made under article 4 (3) of the above Covenant, regarding the declaration of a state of emergency in the District of Luricoc"
Perú,Peru,2018-01-16,2018,extensión,estado de emergencia,directo,C.N.17.2018,https://treaties.un.org/doc/Publication/CN/2018/CN.17.2018-Eng.pdf,ONU_PIDCP_art4,"The Secretary-General received from the Government of Peru a notification dated 4 January 2018, made under article 4 (3) of the above Covenant, regarding the extension of the state of emergency in the Districts of Huanta, Ayahuanco, Santillana, Chaca, Sivia, Llochegua, Canayre, Uchuraccay, Pucacolpa in the Province of Huanta, in the Districts of San Miguel, Anco, Ayna, Chungui, Oronccoy, Santa Rosa, Tambo, Samugari, Anchihuay in the Province of La Mar, Department of Ayacucho; in the Districts of Pampas, Huachocolpa, Quishuar, Salcabamba, Salcahuasi, Surcubamba, Tintaypuncu, Roble, Santiago de Tucuma and Andaymarca in the Province of Tayacaja, Department of Huancavelica; in the Districts of Echarate, Megantoni, Kimbiri, Pichari, Vilcabamba, lnkawasi, Villa Kintiarina and Villa Virgen in the Province of La Convención, Department of Cusco; and in the Districts of Llaylla, Mazamari, Pampa Hermosa, Pangoa, Vizcatán del Ene and Rio Tambo in the Province of Satipo, in the Districts of Andamarca and Comas in the Province of Concepción, and in the Districts of Santo Domingo de Acobamba and Pariahuanca in the Province of Huancayo, Department of Junín, for a period of sixty calendar days from 7 August 2017 by Supreme Decree No. 079-2017-PCM. (See C.N.17.2018 .TREATIES-IV.4 of 23 January 2018 for the text of the notification.)","The Secretary-General received from the Government of Peru a notification dated 4 January 2018, made under article 4 (3) of the above Covenant, regarding the extension of the state of emergency in the Districts of Huanta"
Perú,Peru,2018-01-16,2018,extensión,estado de emergencia,directo,C.N.29.2018,https://treaties.un.org/doc/Publication/CN/2018/CN.29.2018-Eng.pdf,ONU_PIDCP_art4,"The Secretary-General received from the Government of Peru a notification dated 9 January 2018, made under article 4 (3) of the above Covenant, regarding the extension of the state of emergency in the District of Tumán, Province of Chiclayo, Department of Lambayeque, for a period of thirty calendar days from 11 October 2017 by Supreme Decree No. 100-2017-PCM. (See C.N.29.2018 .TREATIES-IV.4 of 23 January 2018 for the text of the notification.)","The Secretary-General received from the Government of Peru a notification dated 9 January 2018, made under article 4 (3) of the above Covenant, regarding the extension of the state of emergency in the District of Tumán, "
Perú,Peru,2018-01-16,2018,extensión,estado de emergencia,directo,C.N.33.2018,https://treaties.un.org/doc/Publication/CN/2018/CN.33.2018-Eng.pdf,ONU_PIDCP_art4,"The Secretary-General received from the Government of Peru a notification dated 8 January 2018, made under article 4 (3) of the above Covenant, regarding the extension of the state of emergency in the Districts of Chalhuahuacho and Mara in the Province of Cotabambas, Department of Apurímac, and in the District of Capacmarca in the Province of Chumbivilcas, Department of Cusco, for a period of thirty calendar days from 16 October 2017 by Supreme Decree No. 101-2017-PCM . (See C.N.33.2018 .TREATIES-IV.4 of 23 January 2018 for the text of the notification.)","The Secretary-General received from the Government of Peru a notification dated 8 January 2018, made under article 4 (3) of the above Covenant, regarding the extension of the state of emergency in the Districts of Chalhu"
Perú,Peru,2018-01-16,2018,extensión,estado de emergencia,directo,C.N.18.2018,https://treaties.un.org/doc/Publication/CN/2018/CN.18.2018-Eng.pdf,ONU_PIDCP_art4,"The Secretary-General received from the Government of Peru a notification dated 5 January 2018, made under article 4 (3) of the above Covenant, regarding the extension of the state of emergency in the District of Tumán, Province of Chiclayo, Department of Lambayeque, for a period of thirty calendar days from 12 August 2017 by Supreme Decree No. 083-2017-PCM. (See C.N.18.2018 .TREATIES-IV.4 of 23 January 2018 for the text of the notification.)","The Secretary-General received from the Government of Peru a notification dated 5 January 2018, made under article 4 (3) of the above Covenant, regarding the extension of the state of emergency in the District of Tumán, "
Perú,Peru,2018-01-16,2018,extensión,estado de emergencia,directo,C.N.30.2018,https://treaties.un.org/doc/Publication/CN/2018/CN.30.2018-Eng.pdf,ONU_PIDCP_art4,"The Secretary-General received from the Government of Peru a notification dated 10 January 2018, made under article 4 (3) of the above Covenant, regarding the extension of a state of emergency in the District of Tumán, Province of Chiclayo, Department of Lambayeque for a period of thirty calendar days from 10 November 2017 by Supreme Decree No. 104-2017-PCM. (See C.N.30.2018 .TREATIES-IV.4 of 23 January 2018 for the text of the notification.)","The Secretary-General received from the Government of Peru a notification dated 10 January 2018, made under article 4 (3) of the above Covenant, regarding the extension of a state of emergency in the District of Tumán, P"
Perú,Peru,2018-01-16,2018,extensión,estado de emergencia,directo,C.N.31.2018,https://treaties.un.org/doc/Publication/CN/2018/CN.31.2018-Eng.pdf,ONU_PIDCP_art4,"The Secretary-General received from the Government of Peru a notification dated 11 January 2018, made under article 4 (3) of the above Covenant, regarding the extension of a state of emergency in the District of Tumán, Province of Chiclayo, Department of Lambayeque for a period of thirty calendar days from 10 December 2017 by Supreme Decree No. 119-2017-PCM. (See C.N.31.2018 .TREATIES-IV.4 of 23 January 2018 for the text of the notification.)","The Secretary-General received from the Government of Peru a notification dated 11 January 2018, made under article 4 (3) of the above Covenant, regarding the extension of a state of emergency in the District of Tumán, P"
Perú,Peru,2018-01-16,2018,extensión,estado de emergencia,directo,C.N.32.2018,https://treaties.un.org/doc/Publication/CN/2018/CN.32.2018-Eng.pdf,ONU_PIDCP_art4,"The Secretary-General received from the Government of Peru a notification dated 12 January 2018, made under article 4 (3) of the above Covenant, regarding the extension of the state of emergency in the District of Tumán, Province of Chiclayo, Department of Lambayeque, for a period of sixty calendar days from 9 January 2018 by Supreme Decree No. 001-2018-PCM. (See C.N.32.2018 .TREATIES-IV.4 of 23 January 2018 for the text of the notification.)","The Secretary-General received from the Government of Peru a notification dated 12 January 2018, made under article 4 (3) of the above Covenant, regarding the extension of the state of emergency in the District of Tumán,"
Perú,Peru,2018-01-16,2018,extensión,estado de emergencia,directo,C.N.34.2018,https://treaties.un.org/doc/Publication/CN/2018/CN.34.2018-Eng.pdf,ONU_PIDCP_art4,"The Secretary-General received from the Government of Peru a notification dated 8 January 2018, made under article 4 (3) of the above Covenant, regarding the extension of a state of emergency in the Districts of Huanta, Ayahuanco, Santillana, Chaca, Sivia, Llochegua, Canayre, Uchuraccay, Pucacolpa and Luricocha in the Province of Huanta, in the Districts of San Miguel, Anco, Ayna, Chungui, Oronccoy, Santa Rosa, Tambo, Samugari, Anchihuay in the Province of La Mar, Department of Ayacucho; in the Districts of Pampas, Huachocolpa, Quishuar, Salcabamba, Salcahuasi, Surcubamba, Tintaypuncu, Roble, Santiago de Tucuma, Andaymarca, San Marcos de Rocchac, Huaribamba, Pazos, Acraquia, Ahuaycha, Daniel Hernández and Colcabamba in the Province of Tayacaja, and in the Districts of Anco, Chinchihuasi, Churcampa, Cosme, El Carmen, La Merced, Locroja, Pachamarca, Paucarbamba, San Miguel de Mayocc, San Pedro de Coris in the Province of Churcampa, Department of Huancavelica; in the Districts of Echarate, Megantoni, Kimbiri, Pichari, Vilcabamba, lnkawasi, Villa Kintiarina and Villa Virgen in the Province of La Convención, Department of Cusco; and in the Districts of Llaylla, Mazamari, Pampa Hermosa, Pangoa, Vizcatán del Ene and Río Tambo in the Province of Satipo, in the Districts of Andamarca and Comas in the Province of Concepción, and in the Districts of Santo Domingo de Acobamba and Pariahuanca in the Province of Huancayo, Department of Junín for a period of sixty calendar days from 6 Octob","The Secretary-General received from the Government of Peru a notification dated 8 January 2018, made under article 4 (3) of the above Covenant, regarding the extension of a state of emergency in the Districts of Huanta, "
Perú,Peru,2018-01-16,2018,extensión,estado de emergencia,directo,C.N.39.2018,https://treaties.un.org/doc/Publication/CN/2018/CN.39.2018-Eng.pdf,ONU_PIDCP_art4,"The Secretary-General received from the Government of Peru a notification dated 10 January 2018, made under article 4 (3) of the above Covenant, regarding the extension of a state of emergency in the Districts of Chalhuahuacho and Mara, in the Province of Cotabambas, Department of Apurímac, and in the District of Capacmarca, in the Province of Chumbivilcas, Department of Cusco for a period of thirty calendar days from 15 December 2017 by Supreme Decree No. 120-2017-PCM. (See C.N.39.2018 .TREATIES-IV.4 of 23 January 2018 for the text of the notification.)","The Secretary-General received from the Government of Peru a notification dated 10 January 2018, made under article 4 (3) of the above Covenant, regarding the extension of a state of emergency in the Districts of Chalhua"
Jamaica,Jamaica,2018-01-23,2018,declaración,estado de emergencia,directo,C.N.51.2018,https://treaties.un.org/doc/Publication/CN/2018/CN.51.2018-Eng.pdf,ONU_PIDCP_art4,"The Secretary-General received from the Government of Jamaica a notification dated 22 January 2018, made under article 4 (3) of the Covenant , regarding the declaration of a state of emergency in the Parish of St. James for a period of 14 Days. (See C.N.51.2018 .TREATIES-IV-4 of 24 January 2018 for the text of the notification.)","The Secretary-General received from the Government of Jamaica a notification dated 22 January 2018, made under article 4 (3) of the Covenant , regarding the declaration of a state of emergency in the Parish of St. James "
Ecuador,Ecuador,2018-02-05,2018,declaración,estado de emergencia,directo,C.N.74.2018,https://treaties.un.org/doc/Publication/CN/2018/CN.74.2018-Eng.pdf,ONU_PIDCP_art4,"The Secretary-General received from the Government of Ecuador a notification dated 7 February 2018, made under article 4 (3) of the Covenant, regarding the declaration of a state of emergency in the cantons of San Lorenzo and Eloy Alfaro in the province of Esmeraldas by Executive Decree No. 296 of 27 January 2018 for a period of 60 days. (See C.N.74.2018 .TREATIES-IV-4 of 13 February 2018 for the text of the notification.)","The Secretary-General received from the Government of Ecuador a notification dated 7 February 2018, made under article 4 (3) of the Covenant, regarding the declaration of a state of emergency in the cantons of San Lorenz"
Ecuador,Ecuador,2018-04-03,2018,declaración,estado de emergencia,directo,C.N.200.2018,https://treaties.un.org/doc/Publication/CN/2018/CN.200.2018-Eng.pdf,ONU_PIDCP_art4,"The Secretary-General received from the Government of Ecuador a notification dated 3 April 2018, made under article 4 (3) of the Covenant, regarding the declaration of a state of emergency in the cantons of San Lorenzo and Eloy Alfaro in the province of Esmeraldas by Executive Decree No. 349 of 29 March 2018 for a period of 30 days. (See C.N.200.2018 .TREATIES-IV-4 of 6 April 2018 for the text of the notification.)","The Secretary-General received from the Government of Ecuador a notification dated 3 April 2018, made under article 4 (3) of the Covenant, regarding the declaration of a state of emergency in the cantons of San Lorenzo a"
Ecuador,Ecuador,2018-04-30,2018,declaración,estado de emergencia,directo,C.N.224.2018,https://treaties.un.org/doc/Publication/CN/2018/CN.224.2018-Eng.pdf,ONU_PIDCP_art4,"The Secretary-General received from the Government of Ecuador a notification dated 30 April 2018, made under article 4 (3) of the Covenant, regarding the declaration of a state of emergency in the canton of San Lorenzo, particularly in the localities of Mataje, El Pan and La Cadena, and in the canton of Eloy Alfaro in the province of Esmeraldas by Executive Decree No. 381 of 27 April 2018 for a period of 60 days. (See C.N.224.2018 .TREATIES-IV-4 of 30 April 2018 for the text of the notification.)","The Secretary-General received from the Government of Ecuador a notification dated 30 April 2018, made under article 4 (3) of the Covenant, regarding the declaration of a state of emergency in the canton of San Lorenzo, "
Perú,Peru,2018-06-20,2018,extensión,estado de emergencia,directo,C.N.303.2018,https://treaties.un.org/doc/Publication/CN/2018/CN.303.2018-Eng.pdf,ONU_PIDCP_art4,"The Secretary-General received from the Government of Peru a notification dated 12 June 2018, made under article 4 (3) of the above Covenant, regarding the extension of the state of emergency in the District of Tumán, Province of Chiclayo, Department of Lambayeque, for a period of sixty (60) calendar days from 9 May 2018 by Supreme Decree No. 048-2018-PCM. (See C.N.303.2018 .TREATIES-IV.4 of 22 June 2018 for the text of the notification.)","The Secretary-General received from the Government of Peru a notification dated 12 June 2018, made under article 4 (3) of the above Covenant, regarding the extension of the state of emergency in the District of Tumán, Pr"
Perú,Peru,2018-06-20,2018,extensión,estado de emergencia,directo,C.N.300.2018,https://treaties.un.org/doc/Publication/CN/2018/CN.300.2018-Eng.pdf,ONU_PIDCP_art4,"The Secretary-General received from the Government of Peru a notification dated 12 June 2018, made under article 4 (3) of the above Covenant, regarding the extension of the state of emergency in the districts of the provinces of Huanta and La Mar (Ayacucho), of the provinces of Tayacaja and Churcampa (Huancavelica), of the province of La Convención (Cusco) and of the provinces of Satipo, Concepción and Huancayo (Junín) for a period of sixty (60) calendar days from 4 April 2018 by Supreme Decree No. 035-2018-PCM. (See C.N.300.2018 .TREATIES-IV.4 of 22 June 2018 for the text of the notification.)","The Secretary-General received from the Government of Peru a notification dated 12 June 2018, made under article 4 (3) of the above Covenant, regarding the extension of the state of emergency in the districts of the prov"
Perú,Peru,2018-06-20,2018,extensión,estado de emergencia,directo,C.N.302.2018,https://treaties.un.org/doc/Publication/CN/2018/CN.302.2018-Eng.pdf,ONU_PIDCP_art4,"The Secretary-General received from the Government of Peru a notification dated 12 June 2018, made under article 4 (3) of the above Covenant, regarding the extension of the state of emergency in the District of Tumán, Province of Chiclayo, Department of Lambayeque, for a period of sixty (60) calendar days from 10 March 2018 by Supreme Decree No. 024-2018-PCM. (See C.N.302.2018 .TREATIES-IV.4 of 22 June 2018 for the text of the notification.)","The Secretary-General received from the Government of Peru a notification dated 12 June 2018, made under article 4 (3) of the above Covenant, regarding the extension of the state of emergency in the District of Tumán, Pr"
Perú,Peru,2018-06-20,2018,extensión,estado de emergencia,directo,C.N.299.2018,https://treaties.un.org/doc/Publication/CN/2018/CN.299.2018-Eng.pdf,ONU_PIDCP_art4,"The Secretary-General received from the Government of Peru a notification dated 12 June 2018, made under article 4 (3) of the above Covenant, regarding the extension of the state of emergency in the districts of the provinces of Huanta and La Mar (Ayacucho), of the provinces of Tayacaja and Churcampa (Huancavelica), of the province of La Convención (Cusco) and of the provinces of Satipo, Concepción and Huancayo (Junín) for a period of sixty (60) calendar days from 3 February 2018 by Supreme Decree No. 011-2018-PCM. (See C.N.299.2018 .TREATIES-IV.4 of 22 June 2018 for the text of the notification.)","The Secretary-General received from the Government of Peru a notification dated 12 June 2018, made under article 4 (3) of the above Covenant, regarding the extension of the state of emergency in the districts of the prov"
Perú,Peru,2018-06-20,2018,declaración,estado de emergencia,directo,C.N.301.2018,https://treaties.un.org/doc/Publication/CN/2018/CN.301.2018-Eng.pdf,ONU_PIDCP_art4,"The Secretary-General received from the Government of Peru a notification dated 12 June 2018, made under article 4 (3) of the above Covenant, regarding the declaration of a state of emergency in the districts of Quichuas and Pichos in the province of Tayacaja, Department of Huancavelica, for a period of thirty (30) calendar days from 31 January 2018 by Supreme Decree No. 013-2018-PCM. (See C.N.301.2018 .TREATIES-IV.4 of 22 June 2018 for the text of the notification.)","The Secretary-General received from the Government of Peru a notification dated 12 June 2018, made under article 4 (3) of the above Covenant, regarding the declaration of a state of emergency in the districts of Quichuas"
Perú,Peru,2018-07-05,2018,extensión,estado de emergencia,directo,C.N.324.2018,https://treaties.un.org/doc/Publication/CN/2018/CN.324.2018-Eng.pdf,ONU_PIDCP_art4,"The Secretary-General received from the Government of Peru a notification dated 12 June 2018, made under article 4 (3) of the above Covenant, regarding the extension of the state of emergency declared in the districts of Quichuas and Pichos in the province of Tayacaja, Department of Huancavelica, for a period of sixty (60) calendar days from 2 May 2018 by Supreme Decree No. 045-2018-PCM. (See C.N.324.2018 .TREATIES-IV.4 of 6 July 2018 for the text of the notification.)","The Secretary-General received from the Government of Peru a notification dated 12 June 2018, made under article 4 (3) of the above Covenant, regarding the extension of the state of emergency declared in the districts of"
Perú,Peru,2018-07-05,2018,extensión,estado de emergencia,directo,C.N.325.2018,https://treaties.un.org/doc/Publication/CN/2018/CN.325.2018-Eng.pdf,ONU_PIDCP_art4,"The Secretary-General received from the Government of Peru a notification dated 2 July 2018, made under article 4 (3) of the above Covenant, regarding the extension of the state of emergency in the Districts of Huanta, Ayahuanco, Santillana, Chaca, Sivia, Llochegua, Canayre, Uchuraccay, Pucacolpa and Luricocha in the Province of Huanta and in the Districts of San Miguel, Anco, Ayna, Chungui, Oronccoy, Santa Rosa, Tambo, Samugari, Anchihuay in the Province of La Mar, Department of Ayacucho; in the Districts of Pampas, Huachocolpa, Quishuar, Salcabamba, Salcahuasi, Surcubamba, Tintaypuncu, Roble, Andaymarca, Daniel Hernández and Colcabamba in the Province of Tayacaja and in the Districts of Chinchihuasi, Churcampa, La Merced, Pachamarca, Paucarbamba, San Pedro de Coris in the Province of Churcampa, Department of Huancavelica; in the Districts of Echarate, Megantoni, Kimbiri, Pichari, Vilcabamba, lnkawasi, Villa Kintiarina and Villa Virgen in the Province of La Convención, Department of Cusco; and in the Districts of Llaylla, Mazamari, Pampa Hermosa, Pangoa, Vizcatán del Ene and Rio Tambo in the Province of Satipo, in the Districts of Andamarca and Comas in the Province of Concepción and in the Districts of Santo Domingo de Acobamba and Pariahuanca in the Province of Huancayo, Department of Junín, for a period of sixty calendar days from 3 June 2018 by Supreme Decree No. 058-2018-PCM. (See C.N.325.2018 .TREATIES-IV.4 of 6 July 2018 for the text of the notification.)","The Secretary-General received from the Government of Peru a notification dated 2 July 2018, made under article 4 (3) of the above Covenant, regarding the extension of the state of emergency in the Districts of Huanta, A"
Perú,Peru,2018-07-05,2018,extensión,estado de emergencia,directo,C.N.323.2018,https://treaties.un.org/doc/Publication/CN/2018/CN.323.2018-Eng.pdf,ONU_PIDCP_art4,"The Secretary-General received from the Government of Peru a notification dated 3 July 2018, made under article 4 (3) of the above Covenant, regarding the extension of the state of emergency declared in the districts of Quichuas and Pichos in the province of Tayacaja, Department of Huancavelica, for a period of sixty (60) calendar days from 3 March 2018 by Supreme Decree No. 021-2018-PCM. (See C.N.323.2018 .TREATIES-IV.4 of 6 July 2018 for the text of the notification.)","The Secretary-General received from the Government of Peru a notification dated 3 July 2018, made under article 4 (3) of the above Covenant, regarding the extension of the state of emergency declared in the districts of "
Perú,Peru,2019-02-01,2019,extensión,estado de emergencia,directo,C.N.30.2019,https://treaties.un.org/doc/Publication/CN/2019/CN.30.2019-Eng.pdf,ONU_PIDCP_art4,"The Secretary-General received from the Government of Peru a notification dated 28 January 2019, made under article 4 (3) of the above Covenant, regarding the declaration of the state of emergency over the Apurímac-Cusco-Arequipa road corridor, of an approximate length of 482.2 kilometres, extending from national route PE-3S X, located in the district of Progreso, Province of Grau, Department of Apurímac, to national route PE-34 A, which ends in the small population centre of Pillones in the district of San Antonio de Chuca, Province of Caylloma, Department of Arequipa, including the five hundred (500) metres adjacent to either side of the road corridor, for a period of thirty (30) calendar days, with effect from 30 August 2018 by Supreme Decree No. 091-2018-PCM. (See C.N.30.2019 .TREATIES-IV.4 of 12 February 2019 for the text of the notification.)","The Secretary-General received from the Government of Peru a notification dated 28 January 2019, made under article 4 (3) of the above Covenant, regarding the declaration of the state of emergency over the Apurímac-Cusco"
Perú,Peru,2019-02-01,2019,extensión,estado de emergencia,directo,C.N.31.2019,https://treaties.un.org/doc/Publication/CN/2019/CN.31.2019-Eng.pdf,ONU_PIDCP_art4,"The Secretary-General received from the Government of Peru a notification dated 28 January 2019, made under article 4 (3) of the above Covenant, regarding the declaration of the state of emergency declared over the stretch of the Apurímac-Cusco-Arequipa road corridor that extends from kilometre 130 (Ref. Muyu Orcco sector) to kilometre 160 (Ref. Tiendayoc sector) of national route PE-3SY, which encompasses the district of Colquemarca, Province of Chumbivilcas, Department of Cusco, including the five hundred (500) metres adjacent to either side of the road corridor, for a period of thirty (30) calendar days, with effect from 30 September 2018 by Supreme Decree No. 100-2018-PCM. (See C.N.31.2019 .TREATIES-IV.4 of 12 February 2019 for the text of the notification.)","The Secretary-General received from the Government of Peru a notification dated 28 January 2019, made under article 4 (3) of the above Covenant, regarding the declaration of the state of emergency declared over the stret"
Perú,Peru,2019-02-01,2019,extensión,estado de emergencia,directo,C.N.32.2019,https://treaties.un.org/doc/Publication/CN/2019/CN.32.2019-Eng.pdf,ONU_PIDCP_art4,"The Secretary-General received from the Government of Peru a notification dated 28 January 2019, made under article 4 (3) of the above Covenant, regarding the extension of the state of emergency declared over the stretch of the Apurímac-Cusco-Arequipa road corridor that extends from kilometre 130 (Ref. Muyu Orcco sector) to kilometre 160 (Ref. Tiendayoc sector) of national route PE-3SY, which encompasses the district of Colquemarca, Province of Chumbivilcas, Department of Cusco, including the five hundred (500) metres adjacent to either side of the road corridor, for a period of thirty (30) calendar days, with effect from 30 October 2018 by Supreme Decree No. 105-2018-PCM. (See C.N.32.2019 .TREATIES-IV.4 of 12 February 2019 for the text of the notification.)","The Secretary-General received from the Government of Peru a notification dated 28 January 2019, made under article 4 (3) of the above Covenant, regarding the extension of the state of emergency declared over the stretch"
Perú,Peru,2019-02-01,2019,extensión,estado de emergencia,directo,C.N.33.2019,https://treaties.un.org/doc/Publication/CN/2019/CN.33.2019-Eng.pdf,ONU_PIDCP_art4,"The Secretary-General received from the Government of Peru a notification dated 28 January 2019, made under article 4 (3) of the above Covenant, regarding the extension of the state of emergency declared over the stretch of the Apurímac-Cusco-Arequipa road corridor that extends from kilometre 130 (Ref. Muyu Orcco sector) to kilometre 160 (Ref. Tiendayoc sector) of national route PE-3SY, which encompasses the district of Colquemarca, Province of Chumbivilcas, Department of Cusco, including the five hundred (500) metres adjacent to either side of the road corridor, for a period of thirty (30) calendar days, with effect from 29 November 2018 by Supreme Decree No. 115-2018-PCM. (See C.N.33.2019 .TREATIES-IV.4 of 12 February 2019 for the text of the notification.)","The Secretary-General received from the Government of Peru a notification dated 28 January 2019, made under article 4 (3) of the above Covenant, regarding the extension of the state of emergency declared over the stretch"
Perú,Peru,2019-02-01,2019,extensión,estado de emergencia,directo,C.N.34.2019,https://treaties.un.org/doc/Publication/CN/2019/CN.34.2019-Eng.pdf,ONU_PIDCP_art4,"The Secretary-General received from the Government of Peru a notification dated 28 January 2019, made under article 4 (3) of the above Covenant, regarding the extension of the state of emergency declared over the stretch of the Apurímac-Cusco-Arequipa road corridor that extends from kilometre 130 (Ref. Muyu Orcco sector) to kilometre 160 (Ref. Tiendayoc sector) of national route PE-3SY, which encompasses the district of Colquemarca, Province of Chumbivilcas, Department of Cusco, including the five hundred (500) metres adjacent to either side of the road corridor, for a period of thirty (30) calendar days, with effect from 29 December 2018 by Supreme Decree No. 128-2018-PCM. (See C.N.34.2019 .TREATIES-IV.4 of 12 February 2019 for the text of the notification.)","The Secretary-General received from the Government of Peru a notification dated 28 January 2019, made under article 4 (3) of the above Covenant, regarding the extension of the state of emergency declared over the stretch"
Perú,Peru,2019-02-01,2019,declaración,estado de emergencia,directo,C.N.24.2019,https://treaties.un.org/doc/Publication/CN/2019/CN.24.2019-Eng.pdf,ONU_PIDCP_art4,"The Secretary-General received from the Government of Peru a notification dated 28 January 2019, made under article 4 (3) of the above Covenant, regarding the declaration of a state of emergency in the in the Province of Putumayo, Department of Loreto, for a period of thirty (60) calendar days from 29 November 2018 by Supreme Decree No. 116-2018-PCM. (See C.N.24.2019 . TREATIES-IV.4 of 5 February 2019 for the text of the notification.)","The Secretary-General received from the Government of Peru a notification dated 28 January 2019, made under article 4 (3) of the above Covenant, regarding the declaration of a state of emergency in the in the Province of"
Perú,Peru,2019-02-01,2019,extensión,estado de emergencia,directo,C.N.22.2019,https://treaties.un.org/doc/Publication/CN/2019/CN.22.2019-Eng.pdf,ONU_PIDCP_art4,"The Secretary-General received from the Government of Peru a notification dated 28 January 2019, made under article 4 (3) of the above Covenant, regarding the extension of the state of emergency declared in the districts of Huanta, Ayahuanco, Santillana, Chaca, Sivia, Llochegua, Canayre, Uchuraccay, Pucacolpa and Luricocha in the Province of Huanta, and in the districts of San Miguel, Anco, Ayna, Chungui, Oronccoy, Santa Rosa, Tambo, Samugari, Anchihuay in the Province of La Mar, Department of Ayacucho; in the districts of Pampas, Huachocolpa, Quishuar, Salcabamba, Salcahuasi, Surcubamba, Tintaypuncu, Roble, Andaymarca, Daniel Hernández and Colcabamba in the Province of Tayacaja, and in the districts of Chinchihuasi, Churcampa, La Merced, Pachamarca, Paucarbamba, San Pedro de Coris in the Province of Churcampa, Department of Huancavelica; in the districts of Echarate, Megantoni, Kimbiri, Pichari, Vilcabamba, lnkawasi, Villa Kintiarina and Villa Virgen in the Province of La Convención, Department of Cusco; and in the districts of Llaylla, Mazamari, Pampa Hermosa, Pangoa, Vizcatán del Ene and Río Tambo in the Province of Satipo, in the districts of Andamarca and Comas in the Province of Concepción, and in the districts of Santo Domingo de Acobamba and Pariahuanca in the Province of Huancayo, Department of Junín, for a period of sixty (60) calendar days, with effect from 1st October 2018 by Supreme Decree No. 099-2018-PCM. (See C.N.22.2019 .TREATIES-IV.4 of 5 February 2019 for t","The Secretary-General received from the Government of Peru a notification dated 28 January 2019, made under article 4 (3) of the above Covenant, regarding the extension of the state of emergency declared in the districts"
Perú,Peru,2019-02-01,2019,extensión,estado de emergencia,directo,C.N.23.2019,https://treaties.un.org/doc/Publication/CN/2019/CN.23.2019-Eng.pdf,ONU_PIDCP_art4,"The Secretary-General received from the Government of Peru a notification dated 28 January 2019, made under article 4 (3) of the above Covenant, regarding the extension of the state of emergency declared in the districts of Huanta, Ayahuanco, Santillana, Chaca, Sivia, Llochegua, Canayre, Uchuraccay, Pucacolpa and Luricocha in the Province of Huanta, and in the districts of San Miguel, Anco, Ayna, Chungui, Oronccoy, Santa Rosa, Tambo, Samugari, Anchihuay in the Province of La Mar, Department of Ayacucho; in the districts of Pampas, Huachocolpa, Quishuar, Salcabamba, Salcahuasi, Surcubamba, Tintaypuncu, Roble, Andaymarca, Daniel Hernández and Colcabamba in the Province of Tayacaja, and in the districts of Chinchihuasi, Churcampa, La Merced, Pachamarca, Paucarbamba, San Pedro de Coris in the Province of Churcampa, Department of Huancavelica; in the districts of Echarate, Megantoni, Kimbiri, Pichari, Vilcabamba, lnkawasi, Villa Kintiarina and Villa Virgen in the Province of La Convención, Department of Cusco; and in the districts of Llaylla, Mazamari, Pampa Hermosa, Pangoa, Vizcatán del Ene and Río Tambo in the Province of Satipo, in the districts of Andamarca and Comas in the Province of Concepción, and in the districts of Santo Domingo de Acobamba and Pariahuanca in the Province of Huancayo, Department of Junín, for a period of sixty (60) calendar days, with effect from 30 November 2018 by Supreme Decree No. 117-2018-PCM. (See C.N.23.2019 .TREATIES-IV.4 of 5 February 2019 for t","The Secretary-General received from the Government of Peru a notification dated 28 January 2019, made under article 4 (3) of the above Covenant, regarding the extension of the state of emergency declared in the districts"
Perú,Peru,2019-05-08,2019,declaración,estado de emergencia,directo,C.N.176.2019,https://treaties.un.org/doc/Publication/CN/2019/CN.176.2019-Eng.pdf,ONU_PIDCP_art4,"The Secretary-General received from the Government of Peru a notification dated 29 April 2019, made under article 4 (3) of the above Covenant, regarding the declaration of a state of emergency in the districts of Tambopata, Inambari, Las Piedras and Laberinto in the Province of Tambopata (Department of Madre de Dios), for a period of sixty (60) calendar days effective 18 February 2019, by Supreme Decree No. 028-2019-PCM. (See C.N.176.2019 . TREATIES-IV.4 of 14 May 2019 for the text of the notification.)","The Secretary-General received from the Government of Peru a notification dated 29 April 2019, made under article 4 (3) of the above Covenant, regarding the declaration of a state of emergency in the districts of Tambopa"
Perú,Peru,2019-05-08,2019,declaración,estado de emergencia,directo,C.N.178.2019,https://treaties.un.org/doc/Publication/CN/2019/CN.178.2019-Eng.pdf,ONU_PIDCP_art4,"The Secretary-General received from the Government of Peru a notification dated 29 April 2019, made under article 4 (3) of the above Covenant, regarding the declaration of a state of emergency in the Province of Putumayo (Department of Loreto), for a period of sixty (60) calendar days effective 28 February 2019, by Supreme Decree No. 041-2019-PCM. (See C.N.178.2019 . TREATIES-IV.4 of 14 May 2019 for the text of the notification.)","The Secretary-General received from the Government of Peru a notification dated 29 April 2019, made under article 4 (3) of the above Covenant, regarding the declaration of a state of emergency in the Province of Putumayo"
Perú,Peru,2019-05-08,2019,declaración,estado de emergencia,directo,C.N.180.2019,https://treaties.un.org/doc/Publication/CN/2019/CN.180.2019-Eng.pdf,ONU_PIDCP_art4,"The Secretary-General received from the Government of Peru a notification dated 29 April 2019, made under article 4 (3) of the above Covenant, regarding the declaration of a state of emergency in the districts of Puerto Inca, Tournavista, Yuyapichis, Codo del Pozuzo and Honoria in the Province of Puerto Inca (Department of Huánuco) and in the districts of Constitución, Palcazú and Puerto Bermúdez in the Province of Oxapampa (Department of Pasco), for a period of thirty (30) calendar days effective 28 March 2019, by Supreme Decree No. 050-2019-PCM. (See C.N.180.2019 . TREATIES-IV.4 of 14 May 2019 for the text of the notification.)","The Secretary-General received from the Government of Peru a notification dated 29 April 2019, made under article 4 (3) of the above Covenant, regarding the declaration of a state of emergency in the districts of Puerto "
Perú,Peru,2019-05-08,2019,extensión,estado de emergencia,directo,C.N.175.2019,https://treaties.un.org/doc/Publication/CN/2019/CN.175.2019-Eng.pdf,ONU_PIDCP_art4,"The Secretary-General received from the Government of Peru a notification dated 29 April 2019, made under article 4 (3) of the above Covenant, regarding the extension of the state of emergency declared over the stretch of the Apurímac-Cusco-Arequipa road corridor that extends from kilometre 130 (Ref. Muyu Orcco sector) to kilometre 160 (Ref. Tiendayoc sector) of national route PE-3SY, which encompasses the district of Colquemarca, Province of Chumbivilcas, Department of Cusco, including the five hundred (500) metres adjacent to either side of the road corridor, for a period of thirty (30) calendar days, with effect from 27 February 2019 by Supreme Decree No. 038-2019-PCM. (See C.N.175.2019 .TREATIES-IV.4 of 14 May 2019 for the text of the notification.)","The Secretary-General received from the Government of Peru a notification dated 29 April 2019, made under article 4 (3) of the above Covenant, regarding the extension of the state of emergency declared over the stretch o"
Perú,Peru,2019-05-08,2019,extensión,estado de emergencia,directo,C.N.177.2019,https://treaties.un.org/doc/Publication/CN/2019/CN.177.2019-Eng.pdf,ONU_PIDCP_art4,"The Secretary-General received from the Government of Peru a notification dated 29 April 2019, made under article 4 (3) of the above Covenant, regarding the extension of the state of emergency declared over the stretch of the Apurímac-Cusco-Arequipa road corridor that extends from kilometre 130 (Ref. Muyu Orcco sector) to kilometre 160 (Ref. Tiendayoc sector) of national route PE-3SY, which encompasses the district of Colquemarca, Province of Chumbivilcas, Department of Cusco, including the five hundred (500) metres adjacent to either side of the road corridor, for a period of fifteen (15) calendar days, with effect from 28 March 2019 by Supreme Decree No. 056-2019-PCM. (See C.N.177.2019 .TREATIES-IV.4 of 14 May 2019 for the text of the notification.)","The Secretary-General received from the Government of Peru a notification dated 29 April 2019, made under article 4 (3) of the above Covenant, regarding the extension of the state of emergency declared over the stretch o"
Perú,Peru,2019-05-08,2019,extensión,estado de emergencia,directo,C.N.174.2019,https://treaties.un.org/doc/Publication/CN/2019/CN.174.2019-Eng.pdf,ONU_PIDCP_art4,"The Secretary-General received from the Government of Peru a notification dated 29 April 2019, made under article 4 (3) of the above Covenant, regarding the extension of the state of emergency declared over the stretch of the Apurímac-Cusco-Arequipa road corridor that extends from kilometre 130 (Ref. Muyu Orcco sector) to kilometre 160 (Ref. Tiendayoc sector) of national route PE-3SY, which encompasses the district of Colquemarca, Province of Chumbivilcas, Department of Cusco, including the five hundred (500) metres adjacent to either side of the road corridor, for a period of thirty (30) calendar days, with effect from 25 January 2019 by Supreme Decree No. 008-2019-PCM. (See C.N.174.2019 .TREATIES-IV.4 of 14 May 2019 for the text of the notification.)","The Secretary-General received from the Government of Peru a notification dated 29 April 2019, made under article 4 (3) of the above Covenant, regarding the extension of the state of emergency declared over the stretch o"
Ecuador,Ecuador,2019-07-16,2019,declaración,estado de emergencia,directo,C.N.315.2019,https://treaties.un.org/doc/Publication/CN/2019/CN.315.2019-Eng.pdf,ONU_PIDCP_art4,"The Secretary-General received from the Government of Ecuador a notification dated 16 July 2019, made under article 4 (3) of the Covenant, regarding the declaration of a state of emergency in the parish of Merced de Buenos Aires, canton of Urcuquí, province of Imbabura by Executive Decree No. 812 of 1 July 2019 for a period of 60 days. (See C.N.315.2019 .TREATIES-IV-4 of 19 July 2019 for the text of the notification.)","The Secretary-General received from the Government of Ecuador a notification dated 16 July 2019, made under article 4 (3) of the Covenant, regarding the declaration of a state of emergency in the parish of Merced de Buen"
Ecuador,Ecuador,2019-07-26,2019,extensión,estado de emergencia,directo,C.N.404.2019,https://treaties.un.org/doc/Publication/CN/2019/CN.404.2019-Eng.pdf,ONU_PIDCP_art4,"The Secretary-General received from the Government of Ecuador a notification dated 18 July 2019, made under article 4 (3) of the Covenant, regarding the extension of a state of emergency throughout the national social rehabilitation system by Executive Decree No. 823 of 15 July 2019 for a period of 30 days. (See C.N.404.2019 .TREATIES-IV-4 of 30 August 2019 for the text of the notification.)","The Secretary-General received from the Government of Ecuador a notification dated 18 July 2019, made under article 4 (3) of the Covenant, regarding the extension of a state of emergency throughout the national social re"
Ecuador,Ecuador,2019-07-26,2019,declaración,estado de emergencia,directo,C.N.403.2019,https://treaties.un.org/doc/Publication/CN/2019/CN.403.2019-Eng.pdf,ONU_PIDCP_art4,"The Secretary-General received from the Government of Ecuador a notification dated 26 July 2019, made under article 4 (3) of the Covenant, regarding the declaration of a state of emergency throughout the national social rehabilitation system by Executive Decree No. 741 of 16 May 2019 for a period of 60 days. (See C.N.403.2019 .TREATIES-IV-4 of 30 August 2019 for the text of the notification.)","The Secretary-General received from the Government of Ecuador a notification dated 26 July 2019, made under article 4 (3) of the Covenant, regarding the declaration of a state of emergency throughout the national social "
Perú,Peru,2019-08-27,2019,declaración,estado de emergencia,directo,C.N.406.2019,https://treaties.un.org/doc/Publication/CN/2019/CN.406.2019-Eng.pdf,ONU_PIDCP_art4,"The Secretary-General received from the Government of Peru a notification dated 19 August 2019, made under article 4 (3) of the above Covenant, regarding the declaration of the state of emergency by Supreme Decree No. 009-2019-PCM for a period of sixty (60) days, with effect from 29 January 2019 until 29 March 2019, in districts of Ayahuanco, Santillana, Sivia, Llochegua, Canayre, Uchuraccay , and Pucacolpa of the province of Huanta and in the districts of Anco, Ayna, Chungui, Santa Rosa, Samugari, Anchihuay, of the province of La Mar of the department of Ayacucho; in the districts of, Huachocolpa, Surcubamba, Tintaypuncu, Roble, Andaymarca and Colcabamba of the province of Tayacaja and in the districts of Chinchihuasi, Pachamarca, San Pedro de Goris of the province of Churcampa of the department of Huancavelica; in the districts of Echarate, Kimbiri, Pichari, Villa Kintiarina and Villa Virgen in the province of La Convencion in the department of Cusco; and, in the districts of Mazamari, Pangoa, Vizcatan of the Eney Rio Tambe of the province of Satipo, in the district of Andamarca of the province of Concepción and in the districts of Santo Domingo de Acobamba and Pariahuanca of the province of Huancayo, of the department of Junin. (See C.N.406.2019 .TREATIES-IV.4 of 6 September 2019 for the text of the notification.)","The Secretary-General received from the Government of Peru a notification dated 19 August 2019, made under article 4 (3) of the above Covenant, regarding the declaration of the state of emergency by Supreme Decree No. 00"
Perú,Peru,2019-08-27,2019,extensión,estado de emergencia,directo,C.N.407.2019,https://treaties.un.org/doc/Publication/CN/2019/CN.407.2019-Eng.pdf,ONU_PIDCP_art4,"The Secretary-General received from the Government of Peru a notification dated 19 August 2019, made under article 4 (3) of the above Covenant, regarding the extension of the state of emergency declared in the districts of the provinces of Huanta and La Mar (Ayacucho); in the provinces of Tayacaja and Churcampa (Huancavelica); in the province of La Convención (Cusco); and, in the provinces of Satipo, Concepción and Huancayo (Junin), for a period of sixty (60) days, with effect from 30 March 2019 until 28 May 2019 by Supreme Decree No. 055-2019-PCM. (See C.N.407.2019 .TREATIES-IV.4 of 6 September 2019 for the text of the notification.)","The Secretary-General received from the Government of Peru a notification dated 19 August 2019, made under article 4 (3) of the above Covenant, regarding the extension of the state of emergency declared in the districts "
Perú,Peru,2019-08-27,2019,fin/levantamiento,estado de emergencia,directo,C.N.408.2019,https://treaties.un.org/doc/Publication/CN/2019/CN.408.2019-Eng.pdf,ONU_PIDCP_art4,"The Secretary-General received from the Government of Peru a notification dated 19 August 2019, made under article 4 (3) of the above Covenant, regarding the end of the state of emergency declared in the district of Challhuahuacho, Province of Cotabambas, Department of Apurimac, as well as the end of the extension of the state of emergency over the part of the Apurímac-Cusco-Arequipa road corridor, provided for in the Supreme Decree No. 067-2019-PCM. (See C.N.408.2019 .TREATIES-IV.4 of 6 September 2019 for the text of the notification.)","The Secretary-General received from the Government of Peru a notification dated 19 August 2019, made under article 4 (3) of the above Covenant, regarding the end of the state of emergency declared in the district of Chal"
Perú,Peru,2019-08-27,2019,extensión,estado de emergencia,directo,C.N.409.2019,https://treaties.un.org/doc/Publication/CN/2019/CN.409.2019-Eng.pdf,ONU_PIDCP_art4,"The Secretary-General received from the Government of Peru a notification dated 19 August 2019, made under article 4 (3) of the above Covenant, regarding the declaration of the state of emergency declared in the districts of Madre de Dios and Huepetuhe in the Province of Manu, Department of Madre de Dios, for a period of sixty (60) days, with effect from 20 April 2019 by Supreme Decree No. 079-2019-PCM. The Supreme Decree extends furthermore the state of emergency for a period of sixty (60) calendar days, with effect from 20 April 2019, in the districts of Tambopata, Inambari, Las Piedras and Laberinto in the Province of Tambopata, Department of Madre de Dios. (See C.N.409.2019 .TREATIES-IV.4 of 6 September 2019 for the text of the notification.)","The Secretary-General received from the Government of Peru a notification dated 19 August 2019, made under article 4 (3) of the above Covenant, regarding the declaration of the state of emergency declared in the district"
Perú,Peru,2019-08-27,2019,extensión,estado de emergencia,directo,C.N.410.2019,https://treaties.un.org/doc/Publication/CN/2019/CN.410.2019-Eng.pdf,ONU_PIDCP_art4,"The Secretary-General received from the Government of Peru a notification dated 19 August 2019, made under article 4 (3) of the above Covenant, regarding the extension of the state of emergency declared in the Province of Putumayo, Department of Loreto, for a period of sixty (60) days, with effect from 30 April 2019 by Supreme Decree No. 088-2019-PCM. (See C.N.410.2019 .TREATIES-IV.4 of 6 September 2019 for the text of the notification.)","The Secretary-General received from the Government of Peru a notification dated 19 August 2019, made under article 4 (3) of the above Covenant, regarding the extension of the state of emergency declared in the Province o"
Perú,Peru,2019-08-27,2019,extensión,estado de emergencia,directo,C.N.411.2019,https://treaties.un.org/doc/Publication/CN/2019/CN.411.2019-Eng.pdf,ONU_PIDCP_art4,"The Secretary-General received from the Government of Peru a notification dated 19 August 2019, made under article 4 (3) of the above Covenant, regarding the extension of the state of emergency declared in the districts of Puerto Inca, Tournavista, Yuyapichis, Codo del Pozuzo and Honoria in the Province of Puerto Inca (Department of Huánuco) and in the districts of Constitución, Palcazú and Puerto Bermúdez in the Province of Oxapampa (Department of Pasco), for a period of sixty (60) calendar days, with effect from 28 May 2019 by Supreme Decree No. 097-2019-PCM. (See C.N.411.2019 .TREATIES-IV.4 of 6 September 2019 for the text of the notification.)","The Secretary-General received from the Government of Peru a notification dated 19 August 2019, made under article 4 (3) of the above Covenant, regarding the extension of the state of emergency declared in the districts "
Perú,Peru,2019-08-27,2019,extensión,estado de emergencia,directo,C.N.413.2019,https://treaties.un.org/doc/Publication/CN/2019/CN.413.2019-Eng.pdf,ONU_PIDCP_art4,"The Secretary-General received from the Government of Peru a notification dated 19 August 2019, made under article 4 (3) of the above Covenant, regarding the extension of the state of emergency declared in the districts of Ayahuanco, Santillana, Sivia, Llochegua, Canayre, Uchuraccay , and Pucacolpa of the province of Huanta and in the districts of Anco, Ayna, Chungui, Santa Rosa, Samugari, Anchihuay, of the province of La Mar of the department of Ayacucho; in the districts of, Huachocolpa, Surcubamba, Tintaypuncu, Roble, Andaymarca and Colcabamba of the province of Tayacaja and in the districts of Chinchihuasi, Pachamarca, San Pedro de Goris of the province of Churcampa of the department of Huancavelica; in the districts of Echarate, Kimbiri, Pichari, Villa Kintiarina and Villa Virgen in the province of La Convencion in the department of Cusco; and, in the districts of Mazamari, Pangoa, Vizcatan of the Eney Rio Tambe of the province of Satipo, in the district of Andamarca of the province of Concepción and in the districts of Santo Domingo de Acobamba and Pariahuanca of the province of Huancayo, of the department of Junin, for a period of sixty (60) days, with effect from 29 May 2019 by Supreme Decree No. 102-2019-PCM. (See C.N.413.2019 .TREATIES-IV.4 of 6 September 2019 for the text of the notification.)","The Secretary-General received from the Government of Peru a notification dated 19 August 2019, made under article 4 (3) of the above Covenant, regarding the extension of the state of emergency declared in the districts "
Perú,Peru,2019-08-27,2019,extensión,estado de emergencia,directo,C.N.414.2019,https://treaties.un.org/doc/Publication/CN/2019/CN.414.2019-Eng.pdf,ONU_PIDCP_art4,"The Secretary-General received from the Government of Peru a notification dated 19 August 2019, made under article 4 (3) of the above Covenant, regarding the extension of the state of emergency declared in the districts of Madre de Dios and Huepetuhe in the Province of Manu, and in the districts of Tambopata, Inambari, Las Piedras and Laberinto in the Province of Tambopata, Department of Madre de Dios, for a period of sixty (60) days, with effect from 19 June 2019 by Supreme Decree No. 116-2019-PCM. (See C.N.414.2019 .TREATIES-IV.4 of 6 September 2019 for the text of the notification.)","The Secretary-General received from the Government of Peru a notification dated 19 August 2019, made under article 4 (3) of the above Covenant, regarding the extension of the state of emergency declared in the districts "
Perú,Peru,2019-08-27,2019,extensión,estado de emergencia,directo,C.N.415.2019,https://treaties.un.org/doc/Publication/CN/2019/CN.415.2019-Eng.pdf,ONU_PIDCP_art4,"The Secretary-General received from the Government of Peru a notification dated 19 August 2019, made under article 4 (3) of the above Covenant, regarding the extension of the state of emergency declared in the districts of Ayahuanco, Santillana, Sivia, Llochegua, Canayre, Uchuraccay , and Pucacolpa of the province of Huanta and in the districts of Anco, Ayna, Chungui, Santa Rosa, Samugari, Anchihuay, of the province of La Mar of the department of Ayacucho; in the districts of Huachocolpa, Surcubamba, Tintaypuncu, Roble, Andaymarca and Colcabamba of the province of Tayacaja and in the districts of Chinchihuasi, Pachamarca, San Pedro de Goris of the province of Churcampa of the department of Huancavelica; in the districts of Echarate, Kimbiri, Pichari, Villa Kintiarina and Villa Virgen in the province of La Convención in the department of Cusco; and, in the districts of Mazamari, Pangoa, Vizcátan del Eney, Río Tambe of the province of Satipo, in the district of Andamarca of the province of Concepción and in the districts of Santo Domingo de Acobamba and Pariahuanca of the province of Huancayo of the department of Junín, for a period of sixty (60) days, with effect from 28 July 2019 by Supreme Decree No. 135-2019-PCM. (See C.N.415.2019 .TREATIES-IV.4 of 6 September 2019 for the text of the notification.)","The Secretary-General received from the Government of Peru a notification dated 19 August 2019, made under article 4 (3) of the above Covenant, regarding the extension of the state of emergency declared in the districts "
Perú,Peru,2019-08-27,2019,extensión,estado de emergencia,directo,C.N.416.2019,https://treaties.un.org/doc/Publication/CN/2019/CN.416.2019-Eng.pdf,ONU_PIDCP_art4,"The Secretary-General received from the Government of Peru a notification dated 19 August 2019, made under article 4 (3) of the above Covenant, regarding the extension of the state of emergency declared in the districts of Puerto Inca, Tournavista, Yuyapichis, Codo del Pozuzo and Honoria in the Province of Puerto Inca (Department of Huánuco) and in the districts of Constitución, Palcazú and Puerto Bermúdez in the Province of Oxapampa (Department of Pasco), for a period of sixty (60) days, with effect from 27 July 2019, by Supreme Decree No. 137-2019-PCM. (See C.N.416.2019 .TREATIES-IV.4 of 6 September 2019 for the text of the notification.)","The Secretary-General received from the Government of Peru a notification dated 19 August 2019, made under article 4 (3) of the above Covenant, regarding the extension of the state of emergency declared in the districts "
Perú,Peru,2019-08-27,2019,extensión,estado de emergencia,directo,C.N.417.2019,https://treaties.un.org/doc/Publication/CN/2019/CN.417.2019-Eng.pdf,ONU_PIDCP_art4,"The Secretary-General received from the Government of Peru a notification dated 19 August 2019, made under article 4 (3) of the above Covenant, regarding the extension of the state of emergency declared in the districts of Madre de Dios and Huepetuhe in the Province of Manu, and in the districts of Tambopata, Inambari, Las Piedras and Laberinto in the Province of Tambopata, Department of Madre de Dios, for a period of sixty (60) calendar days, with effect from 18 August 2019 by Supreme Decree No. 147-2019-PCM. (See C.N.417.2019 .TREATIES-IV.4 of 6 September 2019 for the text of the notification.)","The Secretary-General received from the Government of Peru a notification dated 19 August 2019, made under article 4 (3) of the above Covenant, regarding the extension of the state of emergency declared in the districts "
Guatemala,Guatemala,2019-09-06,2019,declaración,estado de sitio,directo,C.N.422.2019,https://treaties.un.org/doc/Publication/CN/2019/CN.422.2019-Eng.pdf,ONU_PIDCP_art4,"The Secretary-General received from the Government of Guatemala a notification dated 5 September 2019, made under article 4 (3) of the above Covenant, regarding the declaration of a state of siege on 4 September 2019 by Government Decree No. 1/2019 in the department of Izabal; in the municipalities of Tactic, Senahú, Tamahú, Tucurú, Panzós, Santa María Cahabón, Santa Catalina la Tinta, Chahal and Fray Bartolomé de las Casas in the department of Alta Verapaz; in the municipalities of Gualán, Río Hondo, Teculután and Usumatlán in the department of Zacapa; in the municipalities of San Agustín Acasaguastlán and San Cristóbal Acasaguastlán in the department of El Progreso; in the municipality of Purulhá in the department of Baja Verapaz; and in the municipality of San Luis in the department of Petén, for a period of thirty (30) days. (See C.N.422.2019 .TREATIES-IV.4 of 12 September 2019 for the text of the notification.)","The Secretary-General received from the Government of Guatemala a notification dated 5 September 2019, made under article 4 (3) of the above Covenant, regarding the declaration of a state of siege on 4 September 2019 by "
Ecuador,Ecuador,2019-10-04,2019,declaración,estado de emergencia,directo,C.N.517.2019,https://treaties.un.org/doc/Publication/CN/2019/CN.517.2019-Eng.pdf,ONU_PIDCP_art4,"The Secretary-General received from the Government of Ecuador a notification dated 8 October 2019, made under article 4 (3) of the Covenant, regarding the declaration of a state of emergency throughout throughout the national territory “because of the circumstances of serious domestic unrest, since the blockades in various parts of the country have disturbed public order and are impeding normal vehicular traffic, leading to outbreaks of violence that jeopardize the security and safety of individuals; as well as the warning that those actions may spread throughout the national territory, since the various groups are continuing to call for citizens’ protests of indefinite duration. This situation requires urgent intervention in order to safeguard the security and rights of all individuals.” The state of emergency will remain in effect for 60 days following the signature of the Executive Decree No. 884, of 3 October 2019. The Executive Decree No. 884 has suspended the following rights set out in the International Covenant on Civil and Political Rights: article 12, paragraphs 1 and 3 (liberty of movement), article 21 (right of assembly); and article 22, paragraphs 1 and 2 (freedom of association). Subsequently, on 8 October 2019, the Permanent Mission of Ecuador notified the United Nations Secretariat, in its note verbale No. 4-2-182/2019, that [i]n this regard and to complement the above-mentioned note, [it] has the honour to transmit the opinion on the constitutionality of Exec","The Secretary-General received from the Government of Ecuador a notification dated 8 October 2019, made under article 4 (3) of the Covenant, regarding the declaration of a state of emergency throughout throughout the nat"
Ecuador,Ecuador,2019-10-10,2019,declaración,estado de emergencia,directo,C.N.523.2019,https://treaties.un.org/doc/Publication/CN/2019/CN.523.2019-Eng.pdf,ONU_PIDCP_art4,"The Secretary-General received from the Government of Ecuador a notification dated 10 October 2019, made under article 4 (3) of the Covenant, transmitting the Executive Decree No. 888, dated 8 October 2019, by which the President of the Republic, inter alia, decrees the transfer of the seat of Government to the city of Guayaquil for the duration of the state of emergency ordered by the Constitutional Court. Furthermore, it is stipulated that restrictions shall apply to “freedom of movement and mobility in the following terms: there shall be no movement from the hours of 8 p.m. to 5 a.m., from Monday to Sunday, in areas around buildings and strategic facilities such as the headquarters of the branches of Government and others defined by the Joint Command of the Armed Forces, for the duration of the state of emergency, based on the requirements established by the Ministry of the Interior and the National Police, in order to maintain internal public order; passes and similar documents may be issued, where appropriate.” (See C.N.523.2019 .TREATIES-IV-4 of 16 October 2019 for the text of the notification.)","The Secretary-General received from the Government of Ecuador a notification dated 10 October 2019, made under article 4 (3) of the Covenant, transmitting the Executive Decree No. 888, dated 8 October 2019, by which the "
Perú,Peru,2019-11-13,2019,declaración,estado de emergencia,directo,C.N.581.2019,https://treaties.un.org/doc/Publication/CN/2019/CN.581.2019-Eng.pdf,ONU_PIDCP_art4,"The Secretary-General received from the Government of Peru a notification dated 19 August 2019, made under article 4 (3) of the above Covenant, regarding the declaration of the state of emergency in the Provinces of Putumayo and Mariscal Ramón Castilla in the Department of Loreto, for a period of sixty (60) calendar days, with effect from 27 July 2019 by Supreme Decree No. 136-2019-PCM. (See C.N.581.2019 .TREATIES-IV.4 of 18 November 2019 for the text of the notification.)","The Secretary-General received from the Government of Peru a notification dated 19 August 2019, made under article 4 (3) of the above Covenant, regarding the declaration of the state of emergency in the Provinces of Putu"
Perú,Peru,2019-11-14,2019,declaración,estado de emergencia,directo,C.N.604.2019,https://treaties.un.org/doc/Publication/CN/2019/CN.604.2019-Eng.pdf,ONU_PIDCP_art4,"The Secretary-General received from the Government of Peru a notification dated 7 November 2019, made under article 4 (3) of the above Covenant, regarding the declaration of the state of emergency over the part of the road corridor Vial Apurímac – Cusco – Arequipa, including the five hundred meters adjacent to each side of the road, in the sections covered by the districts of Ccapacmarca, Colquemarca, Chamaca and Velille of the Province of Chumbivilvas of the Department of Cusco, for a period of thirty (30) calendar days, with effect from 16 October 2019, by Supreme Decree No. 169-2019-PCM. (See C.N.604.2019 .TREATIES-IV.4 of 3 December 2019 for the text of the notification.)","The Secretary-General received from the Government of Peru a notification dated 7 November 2019, made under article 4 (3) of the above Covenant, regarding the declaration of the state of emergency over the part of the ro"
Perú,Peru,2019-11-14,2019,extensión,estado de emergencia,directo,C.N.601.2019,https://treaties.un.org/doc/Publication/CN/2019/CN.601.2019-Eng.pdf,ONU_PIDCP_art4,"The Secretary-General received from the Government of Peru a notification dated 7 November 2019, made under article 4 (3) of the above Covenant, regarding the extension of the state of emergency in the districts of Tambopata, Inambari, Las Piedras and Laberinto in the Province of Tambopata and in the districts of Madre de Dios and Huepetuhe in the Province of Manu, Department of Madre de Dios, for a period of sixty (60) calendar days, with effect from 17 October 2019, by Supreme Decree No. 170-2019-PCM. (See C.N.601.2019 .TREATIES-IV.4 of 3 December 2019 for the text of the notification.)","The Secretary-General received from the Government of Peru a notification dated 7 November 2019, made under article 4 (3) of the above Covenant, regarding the extension of the state of emergency in the districts of Tambo"
Perú,Peru,2019-11-14,2019,extensión,estado de emergencia,directo,C.N.603.2019,https://treaties.un.org/doc/Publication/CN/2019/CN.603.2019-Eng.pdf,ONU_PIDCP_art4,"The Secretary-General received from the Government of Peru a notification dated 7 November 2019, made under article 4 (3) of the above Covenant, regarding the declaration of the state of emergency in the district of Campoverde in the Province of Coronel Portillo, and in the districts of Neshuya and Alexander Von Humboldt in the Province of Padre Abad, Department of Ucayali, for a period of sixty (60) calendar days, with effect from 25 September 2019, by Supreme Decree No. 164-2019-PCM. The Secretary-General received from the Government of Peru a notification dated 7 November 2019, made under article 4 (3) of the above Covenant, regarding the extension of the state of emergency in the districts of Puerto Inca, Tournavista, Yuyapichis, Codo del Pozuzo and Honoria in the Province of Puerto Inca, Department of Huánuco, and in the districts of Constitución, Palcazú and Puerto Bermúdez in the Province of Oxapampa, Department of Pasco, for a period of sixty (60) calendar days, with effect from 25 September 2019, by Supreme Decree No. 164-2019-PCM. (See C.N.603.2019.Reissued.14102021 .TREATIES-IV.4 of 3 December 2019 for the text of the notification.)","The Secretary-General received from the Government of Peru a notification dated 7 November 2019, made under article 4 (3) of the above Covenant, regarding the declaration of the state of emergency in the district of Camp"
Perú,Peru,2019-11-14,2019,extensión,estado de emergencia,directo,C.N.602.2019,https://treaties.un.org/doc/Publication/CN/2019/CN.602.2019-Eng.pdf,ONU_PIDCP_art4,"The Secretary-General received from the Government of Peru a notification dated 7 November 2019, made under article 4 (3) of the above Covenant, regarding the extension of the state of emergency in the districts of Ayahuanco, Santillana, Sivia, Llochegua, Canayre, Uchuraccay and Pucacolpa of the Province of Huanta and in the districts of Anco, Ayna, Chungui, Santa Rosa, Samugari, Anchihuay of the Province of La Mar of the department of Ayacucho; in the districts of Huachocolpa, Surcubamba, Tintaypuncu, Roble, Andaymarca and Colcabamba of the Province of Tayacaja and in the districts of Chinchihuasi, Pachamarca, San Pedro de Coris of the Province of Churcampa of the department of Huancavelica; in the districts of Echarate, Kimbiri, Pichari, Villa Kintiarina and Villa Virgen of the Province of La Convención in the Department of Cusco; and, in the districts of Mazamari, Pangoa, Vizcátan del Ene, Río Tambo of the Province of Satipo, in the district of Andamarca of the Province of Concepción and in the districts of Santo Domingo de Acobamba and Pariahuanca of the Province of Huancayo of the Department of Junín, for a period of sixty (60) calendar days, with effect from 26 September until 24 November 2019, by Supreme Decree No. 160-2019-PCM. (See C.N.602.2019 .TREATIES-IV.4 of 3 December 2019 for the text of the notification.)","The Secretary-General received from the Government of Peru a notification dated 7 November 2019, made under article 4 (3) of the above Covenant, regarding the extension of the state of emergency in the districts of Ayahu"
Perú,Peru,2019-11-14,2019,extensión,estado de emergencia,directo,C.N.600.2019,https://treaties.un.org/doc/Publication/CN/2019/CN.600.2019-Eng.pdf,ONU_PIDCP_art4,"The Secretary-General received from the Government of Peru a notification dated 7 November 2019, made under article 4 (3) of the above Covenant, regarding the extension of the state of emergency in the Provinces of Putumayo and Mariscal Ramón Castilla in the Department of Loreto, for a period of sixty (60) calendar days, with effect from 25 September 2019, by Supreme Decree No. 159-2019-PCM. (See C.N.600.2019 .TREATIES-IV.4 of 3 December 2019 for the text of the notification.)","The Secretary-General received from the Government of Peru a notification dated 7 November 2019, made under article 4 (3) of the above Covenant, regarding the extension of the state of emergency in the Provinces of Putum"
Perú,Peru,2019-12-20,2019,extensión,estado de emergencia,directo,C.N.622.2019,https://treaties.un.org/doc/Publication/CN/2019/CN.622.2019-Eng.pdf,ONU_PIDCP_art4,"The Secretary-General received from the Government of Peru a notification dated 17 December 2019, made under article 4 (3) of the above Covenant, regarding the extension of the state of emergency in the districts of Puerto Inca, Tournavista, Yuyapichis, Codo del Pozuzo and Honoria in the Province of Puerto Inca, Department of Huánuco, and in the districts of Constitución, Palcazú and Puerto Bermúdez in the Province of Oxapampa, Department of Pasco, for a period of sixty (60) calendar days, with effect from 24 November 2019, by Supreme Decree No. 182-2019-PCM. (See C.N.622.2019 .TREATIES-IV.4 of 24 December 2019 for the text of the notification.)","The Secretary-General received from the Government of Peru a notification dated 17 December 2019, made under article 4 (3) of the above Covenant, regarding the extension of the state of emergency in the districts of Puer"
Perú,Peru,2019-12-20,2019,extensión,estado de emergencia,directo,C.N.623.2019,https://treaties.un.org/doc/Publication/CN/2019/CN.623.2019-Eng.pdf,ONU_PIDCP_art4,"The Secretary-General received from the Government of Peru a notification dated 17 December 2019, made under article 4 (3) of the above Covenant, regarding the extension of the state of emergency in the districts of Ayahuanco, Santillana, Sivia, Llochegua, Canayre, Uchuraccay and Pucacolpa of the Province of Huanta and in the districts of Anco, Ayna, Chungui, Santa Rosa, Samugari, Anchihuay of the Province of La Mar of the department of Ayacucho; in the districts of Huachocolpa, Surcubamba, Tintaypuncu, Roble, Andaymarca and Colcabamba of the Province of Tayacaja and in the districts of Chinchihuasi, Pachamarca, San Pedro de Coris of the Province of Churcampa of the department of Huancavelica; in the districts of Echarate, Kimbiri, Pichari, Villa Kintiarina and Villa Virgen of the Province of La Convención in the Department of Cusco; and, in the districts of Mazamari, Pangoa, Vizcátan del Ene, Río Tambo of the Province of Satipo, in the district of Andamarca of the Province of Concepción and in the districts of Santo Domingo de Acobamba and Pariahuanca of the Province of Huancayo of the Department of Junín, for a period of thirty (30) calendar days, with effect from 25 November until 24 December 2019, by Supreme Decree No. 183-2019-PCM. (See C.N.623.2019 .TREATIES-IV.4 of 24 December 2019 for the text of the notification.)","The Secretary-General received from the Government of Peru a notification dated 17 December 2019, made under article 4 (3) of the above Covenant, regarding the extension of the state of emergency in the districts of Ayah"
Perú,Peru,2019-12-20,2019,extensión,estado de emergencia,directo,C.N.624.2019,https://treaties.un.org/doc/Publication/CN/2019/CN.624.2019-Eng.pdf,ONU_PIDCP_art4,"The Secretary-General received from the Government of Peru a notification dated 17 December 2019, made under article 4 (3) of the above Covenant, regarding the extension of the state of emergency in the Provinces of Putumayo and Mariscal Ramón Castilla in the Department of Loreto, for a period of sixty (60) calendar days, with effect from 24 November 2019, by Supreme Decree No. 184-2019-PCM. (See C.N.624.2019 .TREATIES-IV.4 of 24 December 2019 for the text of the notification.)","The Secretary-General received from the Government of Peru a notification dated 17 December 2019, made under article 4 (3) of the above Covenant, regarding the extension of the state of emergency in the Provinces of Putu"
Guatemala,Guatemala,2020-01-21,2020,declaración,estado de emergencia,directo,C.N.37.2020,https://treaties.un.org/doc/Publication/CN/2020/CN.37.2020-Eng.pdf,ONU_PIDCP_art4,"The Secretary-General received from the Government of Guatemala a notification dated 20 January 2020, made under article 4 (3) of the above Covenant, regarding the declaration of a state of emergency on 16 January 2020 by Government Decree No. 1/2020 in the department of Izabal; in the municipalities of San Juan Sacatépequez and Mixco, both in the Department of Guatemala of the Republic of Guatemala, for a period of six (6) days. (See C.N.37.2020 .TREATIES-IV.4 of 24 January 2020 for the text of the notification.)","The Secretary-General received from the Government of Guatemala a notification dated 20 January 2020, made under article 4 (3) of the above Covenant, regarding the declaration of a state of emergency on 16 January 2020 b"
Guatemala,Guatemala,2020-01-29,2020,declaración,estado de emergencia,directo,C.N.45.2020,https://treaties.un.org/doc/Publication/CN/2020/CN.45.2020-Eng.pdf,ONU_PIDCP_art4,"The Secretary-General received from the Government of Guatemala a notification dated 29 January 2020, made under article 4 (3) of the above Covenant, regarding the declaration of a state of emergency on 24 January 2020 by Government Decree No. 2/2020 in the municipality of Villa Nueva, in the Department of Guatemala of the Republic of Guatemala, for a period of six (6) days. (See C.N.45.2020 .TREATIES-IV.4 of 31 January 2020 for the text of the notification.)","The Secretary-General received from the Government of Guatemala a notification dated 29 January 2020, made under article 4 (3) of the above Covenant, regarding the declaration of a state of emergency on 24 January 2020 b"
Guatemala,Guatemala,2020-02-07,2020,declaración,estado de emergencia,directo,C.N.65.2020,https://treaties.un.org/doc/Publication/CN/2020/CN.65.2020-Eng.pdf,ONU_PIDCP_art4,"The Secretary-General received from the Government of Guatemala a notification dated 7 February 2020, made under article 4 (3) of the above Covenant, regarding the declaration of a state of emergency on 4 February 2020 by Government Decree No. 3/2020 in the municipalities of Chimaltenango, El Tejar and San Andrés Itzapa in the Department de Chimaltenango of the Republic of Guatemala, for a period of six (6) days. (See C.N.65.2020 .TREATIES-IV.4 of 19 February 2020 for the text of the notification.)","The Secretary-General received from the Government of Guatemala a notification dated 7 February 2020, made under article 4 (3) of the above Covenant, regarding the declaration of a state of emergency on 4 February 2020 b"
Guatemala,Guatemala,2020-02-17,2020,declaración,estado de emergencia,directo,C.N.66.2020,https://treaties.un.org/doc/Publication/CN/2020/CN.66.2020-Eng.pdf,ONU_PIDCP_art4,"The Secretary-General received from the Government of Guatemala a notification dated 17 February 2020, made under article 4 (3) of the above Covenant, regarding the declaration of a state of emergency on 11 February 2020 by Government Decree No. 4/2020 in the municipalities of Escuintla, Nueva Concepción, Santa Lucía Cotzumalguapa, Tiquisate, San José and Palín in the Department of Escuintla of the Republic of Guatemala, for a period of six (6) days. (See C.N.66.2020 .TREATIES-IV.4 of 19 February 2020 for the text of the notification.)","The Secretary-General received from the Government of Guatemala a notification dated 17 February 2020, made under article 4 (3) of the above Covenant, regarding the declaration of a state of emergency on 11 February 2020"
Guatemala,Guatemala,2020-03-09,2020,declaración,estado de emergencia,directo,C.N.91.2020,https://treaties.un.org/doc/Publication/CN/2020/CN.91.2020-Eng.pdf,ONU_PIDCP_art4,"The Secretary-General received from the Government of Guatemala a notification dated 9 March 2020, made under article 4 (3) of the above Covenant, regarding the declaration of a state of emergency throughout the national territory on 5 March 2020 by Government Decree No. 5/2020 for a period of thirty (30) days. (See C.N.91.2020 .TREATIES-IV.4 of 10 March 2020 for the text of the notification.)","The Secretary-General received from the Government of Guatemala a notification dated 9 March 2020, made under article 4 (3) of the above Covenant, regarding the declaration of a state of emergency throughout the national"
Perú,Peru,2020-03-20,2020,declaración,estado de emergencia,heredado,C.N.123.2020,https://treaties.un.org/doc/Publication/CN/2020/CN.123.2020-Eng.pdf,ONU_PIDCP_art4,"The Secretary-General received from the Government of Peru a notification dated 19 March 2020, made under article 4 (3) of the above Covenant, regarding the declaration of a state of national emergency for a period of fifteen (15) calendar days by Supreme Decrees No. 044-2020-PCM of 15 March 2020, No. 045-2020-PCM of 17 March 2020 and No. 046-2020-PCM of 18 March 2020. (See C.N.123.2020 .TREATIES-IV.4 of 3 April 2020 for the text of the notification.)","The Secretary-General received from the Government of Peru a notification dated 19 March 2020, made under article 4 (3) of the above Covenant, regarding the declaration of a state of national emergency for a period of fi"
Guatemala,Guatemala,2020-03-23,2020,declaración,estado de emergencia,directo,C.N.117.2020,https://treaties.un.org/doc/Publication/CN/2020/CN.117.2020-Eng.pdf,ONU_PIDCP_art4,"The Secretary-General received from the Government of Guatemala a notification dated 23 March 2020, made under article 4 (3) of the above Covenant, regarding the declaration of a state of emergency in the entire territory of Guatemala from 22 March 2020 to 29 March 2020 by Governement Order No. 6 dated 21 March 2020. (See C.N.117.2020 .TREATIES-IV.4 of 31 March 2020 for the text of the notification.)","The Secretary-General received from the Government of Guatemala a notification dated 23 March 2020, made under article 4 (3) of the above Covenant, regarding the declaration of a state of emergency in the entire territor"
Ecuador,Ecuador,2020-03-24,2020,declaración,estado de emergencia,directo,C.N.119.2020,https://treaties.un.org/doc/Publication/CN/2020/CN.119.2020-Eng.pdf,ONU_PIDCP_art4,"The Secretary-General received from the Government of Ecuador a notification dated 18 March 2020, made under article 4 (3) of the above Covenant, regarding the declaration of a state of emergency throughout the national territory for a period of 60 days by Executive Decree No. 1017 of 16 March 2020. (See C.N.119.2020 .TREATIES-IV.4 of 31 March 2020 for the text of the notification.)","The Secretary-General received from the Government of Ecuador a notification dated 18 March 2020, made under article 4 (3) of the above Covenant, regarding the declaration of a state of emergency throughout the national "
Chile,Chile,2020-03-25,2020,declaración,estado de emergencia,directo,C.N.128.2020,https://treaties.un.org/doc/Publication/CN/2020/CN.128.2020-Eng.pdf,ONU_PIDCP_art4,"The Secretary-General received from the Government of Chile a notification dated 25 March 2020, made under article 4 (3) of the above Covenant, regarding the declaration of a state of emergency in the entire territory of Chile for a period of 90 days starting on 19 March 2020, by Decree No. 104 dated 18 March 2020. (See C.N.128.2020 .TREATIES-IV.4 of 9 April 2020 for the text of the notification.)","The Secretary-General received from the Government of Chile a notification dated 25 March 2020, made under article 4 (3) of the above Covenant, regarding the declaration of a state of emergency in the entire territory of"
Colombia,Colombia,2020-03-25,2020,declaración,estado de emergencia,directo,C.N.131.2020,https://treaties.un.org/doc/Publication/CN/2020/CN.131.2020-Eng.pdf,ONU_PIDCP_art4,"The Secretary-General received from the Government of Colombia a notification dated 25 March 2020, made under article 4 (3) of the above Covenant, regarding the declaration of a state of emergency throughout the territory of Colombia for a period of 30 days starting on 17 March 2020, by Decree No. 417 of 2020. (See C.N.131.2020 .TREATIES-IV.4 of 20 April 2020 for the text of the notification.)","The Secretary-General received from the Government of Colombia a notification dated 25 March 2020, made under article 4 (3) of the above Covenant, regarding the declaration of a state of emergency throughout the territor"
Guatemala,Guatemala,2020-03-26,2020,extensión,estado de emergencia,directo,C.N.124.2020,https://treaties.un.org/doc/Publication/CN/2020/CN.124.2020-Eng.pdf,ONU_PIDCP_art4,"The Secretary-General received from the Government of Guatemala a notification dated 25 March 2020, made under article 4 (3) of the above Covenant, regarding the extension of a state of emergency in the entire territory of Guatemala for an additional period of thirty days by Governement Order No. 7 dated 24 March 2020. (See C.N.124.2020 .TREATIES-IV.4 of 6 April 2020 for the text of the notification.)","The Secretary-General received from the Government of Guatemala a notification dated 25 March 2020, made under article 4 (3) of the above Covenant, regarding the extension of a state of emergency in the entire territory "
Perú,Peru,2020-03-30,2020,extensión,estado de emergencia,heredado,C.N.126.2020,https://treaties.un.org/doc/Publication/CN/2020/CN.126.2020-Eng.pdf,ONU_PIDCP_art4,"The Secretary-General received from the Government of Peru a notification dated 27 March 2020, made under article 4 (3) of the above Covenant, regarding the extension of the state of national emergency for a period of thirteen (13) calendar days by Supreme Decree No. 051-2020-PCM of 27 March 2020. (See C.N.126.2020 .TREATIES-IV.4 of 7 April 2020 for the text of the notification.)","The Secretary-General received from the Government of Peru a notification dated 27 March 2020, made under article 4 (3) of the above Covenant, regarding the extension of the state of national emergency for a period of th"
Perú,Peru,2020-04-11,2020,extensión,estado de emergencia,heredado,C.N.133.2020,https://treaties.un.org/doc/Publication/CN/2020/CN.133.2020-Eng.pdf,ONU_PIDCP_art4,"The Secretary-General received from the Government of Peru a notification dated 10 April 2020, made under article 4 (3) of the above Covenant, regarding the extension of the state of national emergency for a period of fourteen (14) calendar days, from 13 April 2020 to 26 April 2020, by Supreme Decree No. 064-2020-PCM of 9 April 2020. (See C.N.133.2020 .TREATIES-IV.4 of 21 April 2020 for the text of the notification.)","The Secretary-General received from the Government of Peru a notification dated 10 April 2020, made under article 4 (3) of the above Covenant, regarding the extension of the state of national emergency for a period of fo"
El Salvador,El Salvador,2020-04-14,2020,declaración,estado de emergencia,directo,C.N.134.2020,https://treaties.un.org/doc/Publication/CN/2020/CN.134.2020-Eng.pdf,ONU_PIDCP_art4,"The Secretary-General received from the Government of El Salvador a notification dated 14 April 2020, made under article 4 (3) of the above Covenant, regarding the declaration of a national state of emergency, public calamity and disaster for a period of 30 days effective from 14 March 2020, pursuant to Legislative Decree No. 593 of 14 March 2020. (See C.N.134.2020 .TREATIES-IV.4 of 22 April 2020 for the text of the notification.)","The Secretary-General received from the Government of El Salvador a notification dated 14 April 2020, made under article 4 (3) of the above Covenant, regarding the declaration of a national state of emergency, public cal"
El Salvador,El Salvador,2020-04-16,2020,extensión,estado de emergencia,directo,C.N.138.2020,https://treaties.un.org/doc/Publication/CN/2020/CN.138.2020-Eng.pdf,ONU_PIDCP_art4,"The Secretary-General received from the Government of El Salvador a notification dated 16 April 2020, made under article 4 (3) of the above Covenant, regarding the extension of the national state of emergency, public calamity and natural disaster for a further duration of four days that will expire on 16 April 2020, pursuant to Legislative Decree No. 622 of 12 April 2020. (See C.N.138.2020 .TREATIES-IV.4 of 24 April 2020 for the text of the notification.)","The Secretary-General received from the Government of El Salvador a notification dated 16 April 2020, made under article 4 (3) of the above Covenant, regarding the extension of the national state of emergency, public cal"
El Salvador,El Salvador,2020-04-17,2020,extensión,estado de emergencia,directo,C.N.143.2020,https://treaties.un.org/doc/Publication/CN/2020/CN.143.2020-Eng.pdf,ONU_PIDCP_art4,"The Secretary-General received from the Government of El Salvador a notification dated 17 April 2020, made under article 4 (3) of the above Covenant, regarding the extension of the national state of emergency, public calamity and natural disaster for a further duration of fifteen days until 1 May 2020, pursuant to Legislative Decree No. 631 of 16 April 2020. (See C.N.143.2020 .TREATIES-IV.4 of 27 April 2020 for the text of the notification.)","The Secretary-General received from the Government of El Salvador a notification dated 17 April 2020, made under article 4 (3) of the above Covenant, regarding the extension of the national state of emergency, public cal"
Colombia,Colombia,2020-04-20,2020,declaración,estado de emergencia,directo,C.N.141.2020,https://treaties.un.org/doc/Publication/CN/2020/CN.141.2020-Eng.pdf,ONU_PIDCP_art4,"The Secretary-General received from the Government of Colombia a notification dated 17 April 2020, made under article 4 (3) of the above Covenant, regarding the expiration, with effect from 16 April 2020, of the state of emergency declared in Decree no. 417 of 17 March 2020. (See C.N.141.2020 .TREATIES-IV.4 of 20 April 2020 for the text of the notification.)","The Secretary-General received from the Government of Colombia a notification dated 17 April 2020, made under article 4 (3) of the above Covenant, regarding the expiration, with effect from 16 April 2020, of the state of"
Perú,Peru,2020-04-27,2020,extensión,estado de emergencia,heredado,C.N.152.2020,https://treaties.un.org/doc/Publication/CN/2020/CN.152.2020-Eng.pdf,ONU_PIDCP_art4,"The Secretary-General received from the Government of Peru a notification dated 25 April 2020, made under article 4 (3) of the above Covenant, regarding the extension of the state of national emergency for a period of fourteen (14) calendar days, from 27 April 2020 to 10 May 2020, by Supreme Decree No. 075-2020-PCM of 25 April 2020. (See C.N.152.2020 .TREATIES-IV.4 of 1 May 2020 for the text of the notification.)","The Secretary-General received from the Government of Peru a notification dated 25 April 2020, made under article 4 (3) of the above Covenant, regarding the extension of the state of national emergency for a period of fo"
Perú,Peru,2020-04-27,2020,extensión,estado de emergencia,heredado,C.N.166.2020,https://treaties.un.org/doc/Publication/CN/2020/CN.166.2020-Eng.pdf,ONU_PIDCP_art4,"The Secretary-General received from the Government of Peru a notification dated 10 May 2020, made under article 4 (3) of the above Covenant, regarding the extension of the state of national emergency for a period of fourteen (14) calendar days, from 11 May 2020 to 24 May 2020, by Supreme Decree No. 083-2020-PCM of 10 May 2020. (See C.N.166.2020 .TREATIES-IV.4 of 18 May 2020 for the text of the notification.)","The Secretary-General received from the Government of Peru a notification dated 10 May 2020, made under article 4 (3) of the above Covenant, regarding the extension of the state of national emergency for a period of four"
Guatemala,Guatemala,2020-04-30,2020,extensión,estado de emergencia,directo,C.N.155.2020,https://treaties.un.org/doc/Publication/CN/2020/CN.155.2020-Eng.pdf,ONU_PIDCP_art4,"The Secretary-General received from the Government of Guatemala a notification dated 29 April 2020, made under article 4 (3) of the above Covenant, regarding the extension of a state of emergency in the entire territory of Guatemala for an additional period of thirty days by Governement Order No. 8 dated 20 April 2020. (See C.N.155.2020 .TREATIES-IV.4 of 7 May 2020 for the text of the notification.)","The Secretary-General received from the Government of Guatemala a notification dated 29 April 2020, made under article 4 (3) of the above Covenant, regarding the extension of a state of emergency in the entire territory "
Colombia,Colombia,2020-05-07,2020,declaración,estado de emergencia,directo,C.N.163.2020,https://treaties.un.org/doc/Publication/CN/2020/CN.163.2020-Eng.pdf,ONU_PIDCP_art4,"The Secretary-General received from the Government of Colombia a notification dated 7 May 2020, made under article 4 (3) of the above Covenant, regarding the state of emergency throughout the territory of Colombia for a period of 30 days in effect from 6 May to 4 June 2020, by Decree No. 637 of 2020. (See C.N.163.2020 .TREATIES-IV.4 of 15 May 2020 for the text of the notification.)","The Secretary-General received from the Government of Colombia a notification dated 7 May 2020, made under article 4 (3) of the above Covenant, regarding the state of emergency throughout the territory of Colombia for a "
El Salvador,El Salvador,2020-05-07,2020,extensión,estado de emergencia,directo,C.N.161.2020,https://treaties.un.org/doc/Publication/CN/2020/CN.161.2020-Eng.pdf,ONU_PIDCP_art4,"The Secretary-General received from the Government of El Salvador a notification dated 7 May 2020, made under article 4 (3) of the above Covenant, regarding the extension of the national state of emergency, public calamity and natural disaster from 2 to 16 May 2020 pursuant to Legislative Decree No. 634 of 30 April 2020. (See C.N.161.2020 .TREATIES-IV.4 of 14 May 2020 for the text of the notification.)","The Secretary-General received from the Government of El Salvador a notification dated 7 May 2020, made under article 4 (3) of the above Covenant, regarding the extension of the national state of emergency, public calami"
Guatemala,Guatemala,2020-05-17,2020,otro,estado de emergencia,heredado,C.N.174.2020,https://treaties.un.org/doc/Publication/CN/2020/CN.174.2020-Eng.pdf,ONU_PIDCP_art4,"The Secretary-General received from the Government of Guatemala a notification dated 15 May 2020, made under article 4 (3) of the above Covenant, regarding the measures restricting the application of articles 12 and 21 in the entire territory of Guatemala from Friday, 15 May 2020, at midnight to Monday, 18 May 2020, at 5 a.m. by Presidential Regulations dated 14 May 2020. (See C.N.174.2020 .TREATIES-IV.4 of 28 May 2020 for the text of the notification.)","The Secretary-General received from the Government of Guatemala a notification dated 15 May 2020, made under article 4 (3) of the above Covenant, regarding the measures restricting the application of articles 12 and 21 i"
El Salvador,El Salvador,2020-05-21,2020,extensión,estado de emergencia,directo,C.N.180.2020,https://treaties.un.org/doc/Publication/CN/2020/CN.180.2020-Eng.pdf,ONU_PIDCP_art4,"The Secretary-General received from the Government of El Salvador a notification dated 21 May 2020, made under article 4 (3) of the above Covenant, regarding the extension of the national state of emergency, public calamity and natural disaster declared over its national territory from 19 May 2020 for up to fifteen days pursuant to Executive Decree No. 19 of 19 May 2020. (See C.N.180.2020 .TREATIES-IV.4 of 3 June 2020 for the text of the notification.)","The Secretary-General received from the Government of El Salvador a notification dated 21 May 2020, made under article 4 (3) of the above Covenant, regarding the extension of the national state of emergency, public calam"
El Salvador,El Salvador,2020-05-24,2020,declaración,estado de emergencia,heredado,C.N.182.2020,https://treaties.un.org/doc/Publication/CN/2020/CN.182.2020-Eng.pdf,ONU_PIDCP_art4,"The Secretary-General received from the Government of El Salvador a notification dated 24 May 2020, made under article 4 (3) of the above Covenant, informing that by decision no. 63-2020 of 22 May 2020, the Constitutional Chamber of the Supreme Court of Justice of the Republic of El Salvador ordered the suspension of Executive Decree No. 19 of 19 May 2020 and the legal reviviscence of Legislative Decree No. 593 of 14 March 2020 which shall be in force until 29 May 2020, unless a new law is adopted before this date. (See C.N.182.2020 .TREATIES-IV.4 of 5 June 2020 for the text of the notification.)","The Secretary-General received from the Government of El Salvador a notification dated 24 May 2020, made under article 4 (3) of the above Covenant, informing that by decision no. 63-2020 of 22 May 2020, the Constitutiona"
Perú,Peru,2020-05-25,2020,extensión,estado de emergencia,heredado,C.N.181.2020,https://treaties.un.org/doc/Publication/CN/2020/CN.181.2020-Eng.pdf,ONU_PIDCP_art4,"The Secretary-General received from the Government of Peru a notification dated 24 May 2020, made under article 4 (3) of the above Covenant, regarding the extension of the state of national emergency from 25 May 2020 to 30 June 2020 by Supreme Decree No. 094-2020-PCM of 23 May 2020. (See C.N.181.2020 .TREATIES-IV.4 of 2 June 2020 for the text of the notification.)","The Secretary-General received from the Government of Peru a notification dated 24 May 2020, made under article 4 (3) of the above Covenant, regarding the extension of the state of national emergency from 25 May 2020 to "
Guatemala,Guatemala,2020-05-29,2020,otro,estado de emergencia,heredado,C.N.188.2020,https://treaties.un.org/doc/Publication/CN/2020/CN.188.2020-Eng.pdf,ONU_PIDCP_art4,"The Secretary-General received from the Government of Guatemala a notification dated 29 May 2020, made under article 4 (3) of the above Covenant, regarding the measures restricting the application of articles 12 and 21 in the entire territory of Guatemala from 5 p.m. on Friday, 22 May to 5 a.m. on Monday, 25 May and from 5 p.m. on Friday, 29 May to 5 a.m. on Monday, 1 June. (See C.N.188.2020 .TREATIES-IV.4 of 9 June 2020 for the text of the notification.)","The Secretary-General received from the Government of Guatemala a notification dated 29 May 2020, made under article 4 (3) of the above Covenant, regarding the measures restricting the application of articles 12 and 21 i"
Argentina,Argentina,2020-06-01,2020,declaración,estado de emergencia,directo,C.N.189.2020,https://treaties.un.org/doc/Publication/CN/2020/CN.189.2020-Eng.pdf,ONU_PIDCP_art4,"The Secretary-General received from the Government of Argentina a notification dated 29 May 2020, made under article 4 (3) of the above Covenant, regarding the declaration of a state of emergency in the entire territory of Argentina. (See C.N.189.2020 .TREATIES-IV.4 of 11 June 2020 for the text of the notification.)","The Secretary-General received from the Government of Argentina a notification dated 29 May 2020, made under article 4 (3) of the above Covenant, regarding the declaration of a state of emergency in the entire territory "
Guatemala,Guatemala,2020-06-02,2020,extensión,estado de emergencia,heredado,C.N.191.2020,https://treaties.un.org/doc/Publication/CN/2020/CN.191.2020-Eng.pdf,ONU_PIDCP_art4,"The Secretary-General received from the Government of Guatemala a notification dated 1 June 2020, made under article 4 (3) of the above Covenant, regarding the extension of the state of national emergency for an additional period of thirty days. (See C.N.191.2020 .TREATIES-IV.4 of 11 June 2020 for the text of the notification.","The Secretary-General received from the Government of Guatemala a notification dated 1 June 2020, made under article 4 (3) of the above Covenant, regarding the extension of the state of national emergency for an addition"
Guatemala,Guatemala,2020-06-03,2020,declaración,estado de sitio,directo,C.N.190.2020,https://treaties.un.org/doc/Publication/CN/2020/CN.190.2020-Eng.pdf,ONU_PIDCP_art4,"The Secretary-General received from the Government of Guatemala a notification dated 1 June 2020, made under article 4 (3) of the above Covenant, regarding the declaration of a state of siege throughout the territory of the municipalities of Nahualá, Santa Catarina Ixtahuacán and Santa Lucía Utatlán, in the Department of Sololá, Republic of Guatemala, by Government Decree No. 10-2020 of 29 May 2020 for a period of thirty days from the date of entry into force of the said Decree. (See C.N.190.2020 .TREATIES-IV.4 of 11 June 2020 for the text of the notification.)","The Secretary-General received from the Government of Guatemala a notification dated 1 June 2020, made under article 4 (3) of the above Covenant, regarding the declaration of a state of siege throughout the territory of "
Colombia,Colombia,2020-06-05,2020,fin/levantamiento,estado de emergencia,directo,C.N.200.2020,https://treaties.un.org/doc/Publication/CN/2020/CN.200.2020-Eng.pdf,ONU_PIDCP_art4,"The Secretary-General received from the Government of Colombia a notification dated 5 June 2020, made under article 4 (3) of the above Covenant, regarding the end of the state of emergency on 4 June 2020, at the end of Decree No. 637 of 2020. (See C.N.200.2020 .TREATIES-IV.4 of 15 June 2020 for the text of the notification.)","The Secretary-General received from the Government of Colombia a notification dated 5 June 2020, made under article 4 (3) of the above Covenant, regarding the end of the state of emergency on 4 June 2020, at the end of D"
Ecuador,Ecuador,2020-06-17,2020,declaración,estado de emergencia,directo,C.N.256.2020,https://treaties.un.org/doc/Publication/CN/2020/CN.256.2020-Eng.pdf,ONU_PIDCP_art4,"The Secretary-General received from the Government of Ecuador a notification dated 16 June 2020, made under article 4 (3) of the above Covenant, regarding the declaration of a state of emergency throughout the national territory for a period of 60 days by Executive Decree No. 1074 of 15 June 2020. (See C.N.256.2020 .TREATIES-IV.4 of 23 June 2020 for the text of the notification.)","The Secretary-General received from the Government of Ecuador a notification dated 16 June 2020, made under article 4 (3) of the above Covenant, regarding the declaration of a state of emergency throughout the national t"
Chile,Chile,2020-06-18,2020,extensión,estado de emergencia,directo,C.N.263.2020,https://treaties.un.org/doc/Publication/CN/2020/CN.263.2020-Eng.pdf,ONU_PIDCP_art4,"The Secretary-General received from the Government of Chile a notification dated 18 June 2020, made under article 4 (3) of the above Covenant, regarding the extension of the state of emergency in the Chilean territory for a period of 90 days pursuant to Decree No. 269 issued on 12 June 2019. (See C.N.263.2020 .TREATIES-IV.4 of 26 June 2020 for the text of the notification.)","The Secretary-General received from the Government of Chile a notification dated 18 June 2020, made under article 4 (3) of the above Covenant, regarding the extension of the state of emergency in the Chilean territory fo"
República Dominicana,Dominican Republic,2020-06-25,2020,declaración,estado de emergencia,directo,C.N.279.2020,https://treaties.un.org/doc/Publication/CN/2020/CN.279.2020-Eng.pdf,ONU_PIDCP_art4,"The Secretary-General received from the Government of the Dominican Republic a notification dated 25 June 2020, made under article 4 (3) of the above Covenant, regarding a declaration of a state of emergency in its entire territory. (See C.N.279.2020 .TREATIES-IV.4 of 7 July 2020 for the text of the notification.)","The Secretary-General received from the Government of the Dominican Republic a notification dated 25 June 2020, made under article 4 (3) of the above Covenant, regarding a declaration of a state of emergency in its entir"
Perú,Peru,2020-06-30,2020,extensión,estado de emergencia,heredado,C.N.276.2020,https://treaties.un.org/doc/Publication/CN/2020/CN.276.2020-Eng.pdf,ONU_PIDCP_art4,"The Secretary-General received from the Government of Peru a notification dated 29 June 2020, made under article 4 (3) of the above Covenant, regarding the extension of the state of national emergency from 1 to 31 July 2020 by Supreme Decree No. 116-2020-PCM of 26 June 2019. (See C.N.276.2020 .TREATIES-IV.4 of 1 July 2020 for the text of the notification.)","The Secretary-General received from the Government of Peru a notification dated 29 June 2020, made under article 4 (3) of the above Covenant, regarding the extension of the state of national emergency from 1 to 31 July 2"
Guatemala,Guatemala,2020-07-06,2020,extensión,estado de sitio,directo,C.N.301.2020,https://treaties.un.org/doc/Publication/CN/2020/CN.301.2020-Eng.pdf,ONU_PIDCP_art4,"The Secretary-General received from the Government of Guatemala a notification dated 1 July 2020, made under article 4 (3) of the above Covenant, regarding the extension of the state of siege throughout the territory of the municipalities of Nahualá, Santa Catarina Ixtahuacán and Santa Lucía Utatlán, in the Department of Sololá, Republic of Guatemala, by Government Decree No. 11-2020 of 23 June 2020 for a period of thirty days. (See C.N.301.2020 .TREATIES-IV.4 of 14 July 2020 for the text of the notification.)","The Secretary-General received from the Government of Guatemala a notification dated 1 July 2020, made under article 4 (3) of the above Covenant, regarding the extension of the state of siege throughout the territory of "
Guatemala,Guatemala,2020-07-06,2020,extensión,estado de sitio,heredado,C.N.285.2020,https://treaties.un.org/doc/Publication/CN/2020/CN.285.2020-Eng.pdf,ONU_PIDCP_art4,"The Secretary-General received from the Government of Guatemala a notification dated 1 July 2020, made under article 4 (3) of the above Covenant, regarding the extension of the state of public disaster throughout the national territory for an additional period of thirty days by Government Decree No. 12-2020 of 23 June 2020. (See C.N.285.2020 .TREATIES-IV.4 of 8 July 2020 for the text of the notification.)","The Secretary-General received from the Government of Guatemala a notification dated 1 July 2020, made under article 4 (3) of the above Covenant, regarding the extension of the state of public disaster throughout the nat"
Paraguay,Paraguay,2020-07-15,2020,declaración,estado de emergencia,directo,C.N.318.2020,https://treaties.un.org/doc/Publication/CN/2020/CN.318.2020-Eng.pdf,ONU_PIDCP_art4,"The Secretary-General received from the Government of Paraguay a notification dated 15 July 2020, made under article 4 (3) of the above Covenant, regarding the measures taken by the Paraguayan State in the framework of the declaration of health emergency. (See C.N.318.2020 .TREATIES-IV.4 of 24 July 2020 for the text of the notification.)","The Secretary-General received from the Government of Paraguay a notification dated 15 July 2020, made under article 4 (3) of the above Covenant, regarding the measures taken by the Paraguayan State in the framework of t"
Guatemala,Guatemala,2020-07-24,2020,declaración,estado de sitio,directo,C.N.321.2020,https://treaties.un.org/doc/Publication/CN/2020/CN.321.2020-Eng.pdf,ONU_PIDCP_art4,"The Secretary-General received from the Government of Guatemala a notification dated 22 July 2020, made under article 4 (3) of the above Covenant, regarding the declaration of a state of siege throughout the territory of the municipalities of El Estor, Morales and Livingston, in the Department of Izabal, and in the municipalities of Panzós and Santa Catalina La Tinta, in the Department of Alta Verapaz, by Government Decree No. 13-2020 of 18 July 2020 for a period of thirty days from the date of entry into force of said Decree. (See C.N.321.2020 .TREATIES-IV.4 of 27 July 2020 for the text of the notification.)","The Secretary-General received from the Government of Guatemala a notification dated 22 July 2020, made under article 4 (3) of the above Covenant, regarding the declaration of a state of siege throughout the territory of"
República Dominicana,Dominican Republic,2020-07-31,2020,declaración,estado de emergencia,directo,C.N.327.2020,https://treaties.un.org/doc/Publication/CN/2020/CN.327.2020-Eng.pdf,ONU_PIDCP_art4,"The Secretary-General received from the Government of the Dominican Republic a notification dated 28 July 2020, made under article 4 (3) of the above Covenant, regarding a declaration of a state of emergency for a period of 45 days starting on 20 July 2020 in its entire territory. (See C.N.327.2020 .TREATIES-IV.4 of 3 August 2020 for the text of the notification.)","The Secretary-General received from the Government of the Dominican Republic a notification dated 28 July 2020, made under article 4 (3) of the above Covenant, regarding a declaration of a state of emergency for a period"
Guatemala,Guatemala,2020-08-03,2020,extensión,estado de sitio,heredado,C.N.328.2020,https://treaties.un.org/doc/Publication/CN/2020/CN.328.2020-Eng.pdf,ONU_PIDCP_art4,"The Secretary-General received from the Government of Guatemala a notification dated 29 July 2020, made under article 4 (3) of the above Covenant, regarding the extension of the state of public disaster throughout the national territory for an additional period of thirty days by Government Decree No. 15-2020 of 26 juillet 2020. (See C.N.328.2020 .TREATIES-IV.4 of 5 August 2020 for the text of the notification.)","The Secretary-General received from the Government of Guatemala a notification dated 29 July 2020, made under article 4 (3) of the above Covenant, regarding the extension of the state of public disaster throughout the na"
Perú,Peru,2020-08-05,2020,extensión,estado de emergencia,heredado,C.N.351.2020,https://treaties.un.org/doc/Publication/CN/2020/CN.351.2020-Eng.pdf,ONU_PIDCP_art4,"The Secretary-General received from the Government of Peru a notification dated 4 August 2020, made under article 4 (3) of the above Covenant, regarding the extension of the state of national emergency from 1 to 31 August 2020 by Supreme Decree No. 135-2020-PCM of 31 July 2020. (See C.N.351.2020 .TREATIES-IV.4 of 24 August 2020 for the text of the notification.)","The Secretary-General received from the Government of Peru a notification dated 4 August 2020, made under article 4 (3) of the above Covenant, regarding the extension of the state of national emergency from 1 to 31 Augus"
Paraguay,Paraguay,2020-08-06,2020,declaración,estado de emergencia,directo,C.N.348.2020,https://treaties.un.org/doc/Publication/CN/2020/CN.348.2020-Eng.pdf,ONU_PIDCP_art4,"The Secretary-General received from the Government of Paraguay a notification dated 27 July 2020, made under article 4 (3) of the above Covenant, regarding the measures taken by the Paraguayan State in the framework of the declaration of health emergency. (See depositary notification C.N.348.2020 .TREATIES-IV.4 of 18 August 2020 for the text of the notification.)","The Secretary-General received from the Government of Paraguay a notification dated 27 July 2020, made under article 4 (3) of the above Covenant, regarding the measures taken by the Paraguayan State in the framework of t"
Ecuador,Ecuador,2020-08-19,2020,declaración,estado de emergencia,directo,C.N.379.2020,https://treaties.un.org/doc/Publication/CN/2020/CN.379.2020-Eng.pdf,ONU_PIDCP_art4,"The Secretary-General received from the Government of Ecuador a notification dated 13 August 2020, made under article 4 (3) of the above Covenant, regarding the state of emergency declared for a period of 60 days by Executive Decree No. 1125 of 11 August 2020. (See C.N.379.2020 .TREATIES-IV.4 of 4 September 2020 for the text of the notification.)","The Secretary-General received from the Government of Ecuador a notification dated 13 August 2020, made under article 4 (3) of the above Covenant, regarding the state of emergency declared for a period of 60 days by Exec"
Guatemala,Guatemala,2020-08-20,2020,declaración,estado de sitio,heredado,C.N.352.2020,https://treaties.un.org/doc/Publication/CN/2020/CN.352.2020-Eng.pdf,ONU_PIDCP_art4,"The Secretary-General received from the Government of Guatemala a notification dated 18 August 2020, made under article 4 (3) of the above Covenant, regarding the declaration of a state of alert throughout the territory of the municipalities of El Estor, Morales and Livingston, in the Department of Izabal, and in the municipalities of Panzós and Santa Catalina La Tinta, in the Department of Alta Verapaz, by Government Decree No. 16-2020 of 13 August 2020 for a period of fifteen days from the date of entry into force of said Decree. (See C.N.352.2020 .TREATIES-IV.4 of 25 August 2020 for the text of the notification.)","The Secretary-General received from the Government of Guatemala a notification dated 18 August 2020, made under article 4 (3) of the above Covenant, regarding the declaration of a state of alert throughout the territory "
Perú,Peru,2020-09-02,2020,extensión,estado de emergencia,heredado,C.N.392.2020,https://treaties.un.org/doc/Publication/CN/2020/CN.392.2020-Eng.pdf,ONU_PIDCP_art4,"The Secretary-General received from the Government of Peru a notification dated 2 September 2020, made under article 4 (3) of the above Covenant, regarding the extension of the state of national emergency and targeted quarantine in various provinces and departments by Supreme Decree No. 146-2020-PCM of 28 August 2020. (See C.N.392.2020 .TREATIES-IV.4 of 14 September 2020 for the text of the notification.)","The Secretary-General received from the Government of Peru a notification dated 2 September 2020, made under article 4 (3) of the above Covenant, regarding the extension of the state of national emergency and targeted qu"
Guatemala,Guatemala,2020-09-03,2020,extensión,estado de sitio,heredado,C.N.383.2020,https://treaties.un.org/doc/Publication/CN/2020/CN.383.2020-Eng.pdf,ONU_PIDCP_art4,"The Secretary-General received from the Government of Guatemala a notification dated 31 August 2020, made under article 4 (3) of the above Covenant, regarding the extension of the state of public disaster for thirty additional days by Government Decree No. 17-2020. (See C.N.383.2020 .TREATIES-IV.4 of 9 September 2020 for the text of the notification.)","The Secretary-General received from the Government of Guatemala a notification dated 31 August 2020, made under article 4 (3) of the above Covenant, regarding the extension of the state of public disaster for thirty addi"
Paraguay,Paraguay,2020-09-07,2020,declaración,estado de emergencia,directo,C.N.393.2020,https://treaties.un.org/doc/Publication/CN/2020/CN.393.2020-Eng.pdf,ONU_PIDCP_art4,"The Secretary-General received from the Government of Paraguay a notification dated 4 September 2020, made under article 4 (3) of the above Covenant, regarding the measures taken by the Paraguayan State in the framework of the declaration of health emergency. (See depositary notification C.N.393.2020 .TREATIES-IV.4 of 15 September 2020 for the text of the notification.)","The Secretary-General received from the Government of Paraguay a notification dated 4 September 2020, made under article 4 (3) of the above Covenant, regarding the measures taken by the Paraguayan State in the framework "
República Dominicana,Dominican Republic,2020-09-08,2020,extensión,estado de emergencia,directo,C.N.384.2020,https://treaties.un.org/doc/Publication/CN/2020/CN.384.2020-Eng.pdf,ONU_PIDCP_art4,"The Secretary-General received from the Government of the Dominican Republic a notification dated 8 September 2020, made under article 4 (3) of the above Covenant, regarding the extension of a state of emergency for a period for 25 days starting on 3 September 2020 in its entire territory. (See C.N.384.2020 .TREATIES-IV.4 of 9 September 2020 for the text of the notification.)","The Secretary-General received from the Government of the Dominican Republic a notification dated 8 September 2020, made under article 4 (3) of the above Covenant, regarding the extension of a state of emergency for a pe"
Chile,Chile,2020-09-17,2020,extensión,estado de emergencia,directo,C.N.410.2020,https://treaties.un.org/doc/Publication/CN/2020/CN.410.2020-Eng.pdf,ONU_PIDCP_art4,"The Secretary-General received from the Government of Chile a notification dated 17 September 2020, made under article 4 (3) of the above Covenant, regarding the extension of the state of emergency in the Chilean territory for a period of 90 days pursuant to Decree No. 400 issued on 10 september 2020. (See C.N.410.2020 .TREATIES-IV.4 of 25 september 2020 for the text of the notification.)","The Secretary-General received from the Government of Chile a notification dated 17 September 2020, made under article 4 (3) of the above Covenant, regarding the extension of the state of emergency in the Chilean territo"
Perú,Peru,2020-10-06,2020,extensión,estado de emergencia,heredado,C.N.526.2020,https://treaties.un.org/doc/Publication/CN/2020/CN.526.2020-Eng.pdf,ONU_PIDCP_art4,"The Secretary-General received from the Government of Peru a notification dated 6 October 2020, made under article 4 (3) of the above Covenant, regarding the extension of the state of national emergency and targeted quarantine in various provinces and departments by Supreme Decree No. 156-2020-PCM of 26 September 2020. (See C.N.526.2020 .TREATIES-IV.4 of 10 November 2020 for the text of the notification.)","The Secretary-General received from the Government of Peru a notification dated 6 October 2020, made under article 4 (3) of the above Covenant, regarding the extension of the state of national emergency and targeted quar"
Ecuador,Ecuador,2020-10-19,2020,extensión,estado de emergencia,directo,C.N.462.2020,https://treaties.un.org/doc/Publication/CN/2020/CN.462.2020-Eng.pdf,ONU_PIDCP_art4,"The Secretary-General received from the Government of Ecuador a notification dated 16 October 2020, made under article 4 (3) of the above Covenant, regarding the extension for 30 days of a state of emergency by Executive Decree No. 1169 of 10 October 2020. (See C.N.462.2020 .TREATIES-IV.4 of 21 October 2020 for the text of the notification.)","The Secretary-General received from the Government of Ecuador a notification dated 16 October 2020, made under article 4 (3) of the above Covenant, regarding the extension for 30 days of a state of emergency by Executive"
Paraguay,Paraguay,2020-10-27,2020,declaración,estado de emergencia,directo,C.N.512.2020,https://treaties.un.org/doc/Publication/CN/2020/CN.512.2020-Eng.pdf,ONU_PIDCP_art4,"The Secretary-General received from the Government of Paraguay a notification dated 27 October 2020, made under article 4 (3) of the above Covenant, regarding the measures taken by the State of Paraguay following the declaration of health emergency. (See depositary notification C.N.512.2020 .TREATIES-IV.4 of 4 November 2020 for the text of the notification.)","The Secretary-General received from the Government of Paraguay a notification dated 27 October 2020, made under article 4 (3) of the above Covenant, regarding the measures taken by the State of Paraguay following the dec"
Perú,Peru,2020-11-09,2020,extensión,estado de emergencia,heredado,C.N.527.2020,https://treaties.un.org/doc/Publication/CN/2020/CN.527.2020-Eng.pdf,ONU_PIDCP_art4,"The Secretary-General received from the Government of Peru a notification dated 7 November 2020, made under article 4 (3) of the above Covenant, regarding the extension of the state of national emergency by Supreme Decree No. 174-2020-PCM of 29 October 2020. (See C.N.527.2020 .TREATIES-IV.4 of 10 November 2020 for the text of the notification.)","The Secretary-General received from the Government of Peru a notification dated 7 November 2020, made under article 4 (3) of the above Covenant, regarding the extension of the state of national emergency by Supreme Decre"
Guatemala,Guatemala,2020-11-17,2020,declaración,estado de emergencia,directo,C.N.534.2020,https://treaties.un.org/doc/Publication/CN/2020/CN.534.2020-Eng.pdf,ONU_PIDCP_art4,"The Secretary-General received from the Government of Guatemala a notification dated 16 November 2020, made under article 4 (3) of the above Covenant, regarding the declaration of state of emergency in some departments because of the Tropical Depression ETA, by Government Decrees No. 20-2020 and 21-2020 of 5 and 6 November 2020 for a period of thirty days from the date of entry into force of said Decrees. (See C.N.534.2020 .TREATIES-IV.4 of 23 November 2020 for the text of the notification.)","The Secretary-General received from the Government of Guatemala a notification dated 16 November 2020, made under article 4 (3) of the above Covenant, regarding the declaration of state of emergency in some departments b"
Perú,Peru,2020-12-03,2020,extensión,estado de emergencia,heredado,C.N.553.2020,https://treaties.un.org/doc/Publication/CN/2020/CN.553.2020-Eng.pdf,ONU_PIDCP_art4,"The Secretary-General received from the Government of Peru a notification dated 2 December 2020, made under article 4 (3) of the above Covenant, regarding the extension of the state of national emergency by Supreme Decree No. 184-2020-PCM of 30 November 2020. (See C.N.553.2020 .TREATIES-IV.4 of 11 December 2020 for the text of the notification.)","The Secretary-General received from the Government of Peru a notification dated 2 December 2020, made under article 4 (3) of the above Covenant, regarding the extension of the state of national emergency by Supreme Decre"
Guatemala,Guatemala,2020-12-04,2020,extensión,estado de emergencia,directo,C.N.547.2020,https://treaties.un.org/doc/Publication/CN/2020/CN.547.2020-Eng.pdf,ONU_PIDCP_art4,"The Secretary-General received from the Government of Guatemala a notification dated 1 December 2020, made under article 4 (3) of the above Covenant, regarding the state of emergency declared by Government Decrees Nos. 20-2020 and 21-2020 and extended by Government Decree No. 22-2020 adopted on 30 November 2020 by thirty days. (See C.N.547.2020 .TREATIES-IV.4 of 9 December 2020 for the text of the notification.)","The Secretary-General received from the Government of Guatemala a notification dated 1 December 2020, made under article 4 (3) of the above Covenant, regarding the state of emergency declared by Government Decrees Nos. 2"
Chile,Chile,2020-12-23,2020,extensión,estado de emergencia,directo,C.N.571.2020,https://treaties.un.org/doc/Publication/CN/2020/CN.571.2020-Eng.pdf,ONU_PIDCP_art4,"The Secretary-General received from the Government of Chile a notification dated 15 December 2020, made under article 4 (3) of the above Covenant, regarding the extension of the state of emergency in the Chilean territory for a period of 90 days pursuant to Decree No. 646 issued on 9 december 2020. (See C.N.571.2020 .TREATIES-IV.4 of 24 December 2020 for the text of the notification.)","The Secretary-General received from the Government of Chile a notification dated 15 December 2020, made under article 4 (3) of the above Covenant, regarding the extension of the state of emergency in the Chilean territor"
Ecuador,Ecuador,2020-12-23,2020,declaración,estado de emergencia,directo,C.N.574.2020,https://treaties.un.org/doc/Publication/CN/2020/CN.574.2020-Eng.pdf,ONU_PIDCP_art4,"The Secretary-General received from the Government of Ecuador a notification dated 23 December 2020, made under article 4 (3) of the above Covenant, regarding the declaration of a state of emergency for 30 days by Executive Decree No. 1217 of 21 December 2020. (See C.N.574.2020 .TREATIES-IV.4 of 30 December 2020 for the text of the notification.)","The Secretary-General received from the Government of Ecuador a notification dated 23 December 2020, made under article 4 (3) of the above Covenant, regarding the declaration of a state of emergency for 30 days by Execut"
Perú,Peru,2021-01-18,2021,extensión,estado de emergencia,heredado,C.N.7.2021,https://treaties.un.org/doc/Publication/CN/2021/CN.7.2021-Eng.pdf,ONU_PIDCP_art4,"The Secretary-General received from the Government of Peru a notification dated 18 January 2021, made under article 4 (3) of the above Covenant, regarding the extension of the state of national emergency by Supreme Decree No. 201-2020-PCM of 21 December 2020. (See C.N.7.2021 .TREATIES-IV.4 of 19 January 2021 for the text of the notification.)","The Secretary-General received from the Government of Peru a notification dated 18 January 2021, made under article 4 (3) of the above Covenant, regarding the extension of the state of national emergency by Supreme Decre"
Ecuador,Ecuador,2021-01-19,2021,fin/levantamiento,estado de emergencia,heredado,C.N.16.2021,https://treaties.un.org/doc/Publication/CN/2021/CN.16.2021-Eng.pdf,ONU_PIDCP_art4,"The Secretary-General received from the Government of Ecuador a notification dated 19 January 2021, made under article 4 (3) of the above Covenant, informing that Executive Decree No. 1217 notified in depositary notification CN.574.2020 of 30 December 2020 has been repealed by Decision No. 7-20-EE/20 of the Constitutional Court of Ecuador. (See C.N.16.2021 .TREATIES-IV.4 of 26 January 2021 for the text of the notification.)","The Secretary-General received from the Government of Ecuador a notification dated 19 January 2021, made under article 4 (3) of the above Covenant, informing that Executive Decree No. 1217 notified in depositary notifica"
Guatemala,Guatemala,2021-01-19,2021,declaración,estado de emergencia,directo,C.N.47.2021,https://treaties.un.org/doc/Publication/CN/2021/CN.47.2021-Eng.pdf,ONU_PIDCP_art4,"The Secretary-General received from the Government of Guatemala a notification dated 14 January 2021, made under article 4 (3) of the above Covenant, regarding the state of emergency declared through Government Decree No. 1-2021 in the Izabal, Zacapa, Chiquimula, Jutiapa, El Progreso, Petén and Santa Rosa Departments for a period of 15 days from 14 January 2021. (See C.N.47.2021 .TREATIES-IV.4 of 29 January 2021 for the text of the notification.)","The Secretary-General received from the Government of Guatemala a notification dated 14 January 2021, made under article 4 (3) of the above Covenant, regarding the state of emergency declared through Government Decree No"
Perú,Peru,2021-02-01,2021,extensión,estado de emergencia,heredado,C.N.55.2021,https://treaties.un.org/doc/Publication/CN/2021/CN.55.2021-Eng.pdf,ONU_PIDCP_art4,"The Secretary-General received from the Government of Peru a notification dated 1 February 2021, made under article 4 (3) of the above Covenant, regarding the extension of the state of national emergency by Supreme Decree No. 008-2021-PCM of 27 January 2021. (See C.N.55.2021 .TREATIES-IV.4 of 2 February 2021 for the text of the notification.)","The Secretary-General received from the Government of Peru a notification dated 1 February 2021, made under article 4 (3) of the above Covenant, regarding the extension of the state of national emergency by Supreme Decre"
República Dominicana,Dominican Republic,2021-02-05,2021,extensión,estado de emergencia,directo,C.N.63.2021,https://treaties.un.org/doc/Publication/CN/2021/CN.63.2021-Eng.pdf,ONU_PIDCP_art4,"The Secretary-General received from the Government of the Dominican Republic a notification dated 5 February 2021, made under article 4 (3) of the above Covenant, regarding the extension of a state of emergency for a period of 45 days starting on 16 January 2021 in its entire territory. (See C.N.63.2021 .TREATIES-IV.4 of 16 February 2021 for the text of the notification.)","The Secretary-General received from the Government of the Dominican Republic a notification dated 5 February 2021, made under article 4 (3) of the above Covenant, regarding the extension of a state of emergency for a per"
Paraguay,Paraguay,2021-02-12,2021,declaración,estado de emergencia,directo,C.N.62.2021,https://treaties.un.org/doc/Publication/CN/2021/CN.62.2021-Eng.pdf,ONU_PIDCP_art4,"The Secretary-General received from the Government of Paraguay a notification dated 4 February 2021, made under article 4 (3) of the above Covenant, regarding the measures taken by the State of Paraguay following the declaration of health emergency. (See depositary notification C.N.62.2021 .TREATIES-IV.4 of 12 February 2021 for the text of the notification.)","The Secretary-General received from the Government of Paraguay a notification dated 4 February 2021, made under article 4 (3) of the above Covenant, regarding the measures taken by the State of Paraguay following the dec"
Perú,Peru,2021-03-04,2021,extensión,estado de emergencia,heredado,C.N.87.2021,https://treaties.un.org/doc/Publication/CN/2021/CN.87.2021-Eng.pdf,ONU_PIDCP_art4,"The Secretary-General received from the Government of Peru a notification dated 4 March 2021, made under article 4 (3) of the above Covenant, regarding the extension of the state of national emergency by Supreme Decree No. 036-2021-PCM of 27 February 2021. (See C.N.87.2021 .TREATIES-IV.4 of 10 March 2021 for the text of the notification.)","The Secretary-General received from the Government of Peru a notification dated 4 March 2021, made under article 4 (3) of the above Covenant, regarding the extension of the state of national emergency by Supreme Decree N"
Perú,Peru,2021-04-01,2021,extensión,estado de emergencia,heredado,C.N.116.2021,https://treaties.un.org/doc/Publication/CN/2021/CN.116.2021-Eng.pdf,ONU_PIDCP_art4,"The Secretary-General received from the Government of Peru a notification dated 1 April 2021, made under article 4 (3) of the above Covenant, regarding the extension of the state of national emergency by Supreme Decree No. 058-2021-PCM of 27 March 2021. (See C.N.116.2021 .TREATIES-IV.4 of 6 April 2021 for the text of the notification.)","The Secretary-General received from the Government of Peru a notification dated 1 April 2021, made under article 4 (3) of the above Covenant, regarding the extension of the state of national emergency by Supreme Decree N"
Ecuador,Ecuador,2021-04-05,2021,declaración,estado de emergencia,directo,C.N.127.2021,https://treaties.un.org/doc/Publication/CN/2021/CN.127.2021-Eng.pdf,ONU_PIDCP_art4,"The Secretary-General received from the Government of Ecuador a notification dated 2 April 2021, made under article 4 (3) of the above Covenant, regarding the declaration of a state of emergency by Executive Decree No. 1282 of 1 April 2021. (See depositary notification C.N.127.2021 .TREATIES-IV.4 of 12 April 2021 for the text of the notification.)","The Secretary-General received from the Government of Ecuador a notification dated 2 April 2021, made under article 4 (3) of the above Covenant, regarding the declaration of a state of emergency by Executive Decree No. 1"
Guatemala,Guatemala,2021-04-07,2021,declaración,estado de emergencia,directo,C.N.123.2021,https://treaties.un.org/doc/Publication/CN/2021/CN.123.2021-Eng.pdf,ONU_PIDCP_art4,"The Secretary-General received from the Government of Guatemala a notification dated 30 March 2021, made under article 4 (3) of the above Covenant, regarding the state of emergency declared through Government Decree No. 3-2021 in the Izabal, Zacapa, Chiquimula, El Progreso and Petén Departments for a period of 15 days from 29 March 2021. (See C.N.123.2021 .TREATIES-IV.4 of 8 April 2021 for the text of the notification.)","The Secretary-General received from the Government of Guatemala a notification dated 30 March 2021, made under article 4 (3) of the above Covenant, regarding the state of emergency declared through Government Decree No. "
Ecuador,Ecuador,2021-04-23,2021,declaración,estado de emergencia,directo,C.N.140.2021,https://treaties.un.org/doc/Publication/CN/2021/CN.140.2021-Eng.pdf,ONU_PIDCP_art4,"The Secretary-General received from the Government of Ecuador a notification dated 23 April 2021, made under article 4 (3) of the above Covenant, regarding the declaration of a state of emergency by Executive Decree No. 1291 of 21 April 2021. (See depositary notification C.N.140.2021 .TREATIES-IV.4 of 6 May 2021 for the text of the notification.)","The Secretary-General received from the Government of Ecuador a notification dated 23 April 2021, made under article 4 (3) of the above Covenant, regarding the declaration of a state of emergency by Executive Decree No. "
Perú,Peru,2021-05-05,2021,extensión,estado de emergencia,heredado,C.N.139.2021,https://treaties.un.org/doc/Publication/CN/2021/CN.139.2021-Eng.pdf,ONU_PIDCP_art4,"The Secretary-General received from the Government of Peru a notification dated 5 May 2021, made under article 4 (3) of the above Covenant, regarding the extension of the state of national emergency by Supreme Decree No. 076-2021-PCM of 17 April 2021. (See C.N.139.2021 .TREATIES-IV.4 of 6 May 2021 for the text of the notification.)","The Secretary-General received from the Government of Peru a notification dated 5 May 2021, made under article 4 (3) of the above Covenant, regarding the extension of the state of national emergency by Supreme Decree No."
Perú,Peru,2021-05-05,2021,extensión,estado de emergencia,heredado,C.N.166.2021,https://treaties.un.org/doc/Publication/CN/2021/CN.166.2021-Eng.pdf,ONU_PIDCP_art4,"The Secretary-General received from the Government of Peru a notification dated 4 June 2021, made under article 4 (3) of the above Covenant, regarding the extension of the state of national emergency by Supreme Decree No. 105-2021-PCM of 27 May 2021. (See C.N.166.2021 .TREATIES-IV.4 of 8 June 2021 for the text of the notification.)","The Secretary-General received from the Government of Peru a notification dated 4 June 2021, made under article 4 (3) of the above Covenant, regarding the extension of the state of national emergency by Supreme Decree No"
República Dominicana,Dominican Republic,2021-05-10,2021,extensión,estado de emergencia,directo,C.N.142.2021,https://treaties.un.org/doc/Publication/CN/2021/CN.142.2021-Eng.pdf,ONU_PIDCP_art4,"The Secretary-General received from the Government of the Dominican Republic a notification dated 5 May 2021, made under article 4 (3) of the above Covenant, regarding the extension of the state of emergency for a period of 45 days starting on 16 April 2021 in its entire territory. (See C.N.142.2021 .TREATIES-IV.4 of 12 May 2021 for the text of the notification.)","The Secretary-General received from the Government of the Dominican Republic a notification dated 5 May 2021, made under article 4 (3) of the above Covenant, regarding the extension of the state of emergency for a period"
República Dominicana,Dominican Republic,2021-06-09,2021,extensión,estado de emergencia,directo,C.N.167.2021,https://treaties.un.org/doc/Publication/CN/2021/CN.167.2021-Eng.pdf,ONU_PIDCP_art4,"The Secretary-General received from the Government of the Dominican Republic a notification dated 9 June 2021, made under article 4 (3) of the above Covenant, regarding the extension of the state of emergency for a period of 45 days starting on 30 May 2021 in its entire territory. (See C.N.167.2021 .TREATIES-IV.4 of 10 June 2021 for the text of the notification.)","The Secretary-General received from the Government of the Dominican Republic a notification dated 9 June 2021, made under article 4 (3) of the above Covenant, regarding the extension of the state of emergency for a perio"
Trinidad y Tobago,Trinidad and Tobago,2021-06-30,2021,extensión,estado de emergencia,directo,C.N.214.2021,https://treaties.un.org/doc/Publication/CN/2021/CN.214.2021-Eng.pdf,ONU_PIDCP_art4,The President of the Republic of Trinidad and Tobago declared a state of emergency by Proclamation L.N. No. 141 of 2021 which was further extended by Proclamation L.N. NO. 173 of 2021. (See depositary notification C.N.214.2021 .TREATIES-IV.4 of 12 July 2021),The President of the Republic of Trinidad and Tobago declared a state of emergency by Proclamation L.N. No. 141 of 2021 which was further extended by Proclamation L.N. NO. 173 of 2021. (See depositary notification C.N.21
Perú,Peru,2021-07-02,2021,extensión,estado de emergencia,heredado,C.N.210.2021,https://treaties.un.org/doc/Publication/CN/2021/CN.210.2021-Eng.pdf,ONU_PIDCP_art4,"The Secretary-General received from the Government of Peru a notification dated 2 July 2021, made under article 4 (3) of the above Covenant, regarding the extension of the state of national emergency by Supreme Decree No. 123-2021-PCM of 18 June 2021. (See C.N.210.2021 .TREATIES-IV.4 of 7 July 2021 for the text of the notification.)","The Secretary-General received from the Government of Peru a notification dated 2 July 2021, made under article 4 (3) of the above Covenant, regarding the extension of the state of national emergency by Supreme Decree No"
Ecuador,Ecuador,2021-07-29,2021,extensión,estado de emergencia,directo,C.N.248.2021,https://treaties.un.org/doc/Publication/CN/2021/CN.248.2021-Eng.pdf,ONU_PIDCP_art4,"The Secretary-General received from the Government of Ecuador a notification dated 29 July 2021, made under article 4 (3) of the above Covenant, regarding the declaration and prorogation of a state of emergency by Executive Decrees No. 116 of 14 July 2021 and No. 140 of 28 July 2021. (See depositary notification C.N.248.2021.Reissued.29062022 .TREATIES-IV.4 of 5 August 2021 for the text of the notification.)","The Secretary-General received from the Government of Ecuador a notification dated 29 July 2021, made under article 4 (3) of the above Covenant, regarding the declaration and prorogation of a state of emergency by Execut"
Perú,Peru,2021-08-04,2021,extensión,estado de emergencia,heredado,C.N.249.2021,https://treaties.un.org/doc/Publication/CN/2021/CN.249.2021-Eng.pdf,ONU_PIDCP_art4,"The Secretary-General received from the Government of Peru a notification dated 4 August 2021, made under article 4 (3) of the above Covenant, regarding the extension of the state of national emergency by Supreme Decree No. 131-2021-PCM of 10 July 2021. (See C.N.249.2021 .TREATIES-IV.4 of 4 August 2021 for the text of the notification.)","The Secretary-General received from the Government of Peru a notification dated 4 August 2021, made under article 4 (3) of the above Covenant, regarding the extension of the state of national emergency by Supreme Decree "
Perú,Peru,2021-08-25,2021,extensión,estado de emergencia,heredado,C.N.260.2021,https://treaties.un.org/doc/Publication/CN/2021/CN.260.2021-Eng.pdf,ONU_PIDCP_art4,"The Secretary-General received from the Government of Peru a notification dated 25 August 2021, made under article 4 (3) of the above Covenant, regarding the extension of the state of national emergency by Supreme Decree No. 149-2021-PCM of 22 August 2021. (See C.N.260.2021 .TREATIES-IV.4 of 25 August 2021 for the text of the notification.)","The Secretary-General received from the Government of Peru a notification dated 25 August 2021, made under article 4 (3) of the above Covenant, regarding the extension of the state of national emergency by Supreme Decree"
Argentina,Argentina,2021-09-10,2021,extensión,estado de emergencia,directo,C.N.273.2021,https://treaties.un.org/doc/Publication/CN/2021/CN.273.2021-Eng.pdf,ONU_PIDCP_art4,"The Secretary-General received from the Government of Argentina a notification dated 9 September 2021, made under article 4 (3) of the above Covenant, regarding the extension of a health state of emergency in the entire territory of Argentina. (See C.N.273.2021 .TREATIES-IV.4 of 14 September 2021for the text of the notification.)","The Secretary-General received from the Government of Argentina a notification dated 9 September 2021, made under article 4 (3) of the above Covenant, regarding the extension of a health state of emergency in the entire "
Perú,Peru,2021-10-06,2021,extensión,estado de emergencia,heredado,C.N.287.2021,https://treaties.un.org/doc/Publication/CN/2021/CN.287.2021-Eng.pdf,ONU_PIDCP_art4,"The Secretary-General received from the Government of Peru a notification dated 5 October 2021, made under article 4 (3) of the above Covenant, regarding the extension of the state of national emergency by Supreme Decree No. 152-2021-PCM of 17 September 2021. (See C.N.287.2021 .TREATIES-IV.4 of 6 October 2021 for the text of the notification.)","The Secretary-General received from the Government of Peru a notification dated 5 October 2021, made under article 4 (3) of the above Covenant, regarding the extension of the state of national emergency by Supreme Decree"
Paraguay,Paraguay,2021-10-21,2021,declaración,estado de emergencia,directo,C.N.362.2021,https://treaties.un.org/doc/Publication/CN/2021/CN.362.2021-Eng.pdf,ONU_PIDCP_art4,"The Secretary-General received from the Government of Paraguay a notification dated 29 June 2020, made under article 4 (3) of the above Covenant, concerning the notification of the measures taken by the Government of Paraguay following the declaration of a public health emergency to address the spread of the coronavirus disease (COVID-19). (See C.N.362.2021 .TREATIES-IV.4 of 3 November 2021 for the text of the notification.)","The Secretary-General received from the Government of Paraguay a notification dated 29 June 2020, made under article 4 (3) of the above Covenant, concerning the notification of the measures taken by the Government of Par"
Paraguay,Paraguay,2021-10-21,2021,declaración,estado de emergencia,directo,C.N.363.2021,https://treaties.un.org/doc/Publication/CN/2021/CN.363.2021-Eng.pdf,ONU_PIDCP_art4,"The Secretary-General received from the Government of Paraguay a notification dated 21 October 2021, made under article 4 (3) of the above Covenant, concerning the notification of the measures taken by the Government of Paraguay following the declaration of a public health emergency to address the spread of the coronavirus disease (COVID-19). (See C.N.363.2021 .TREATIES-IV.4 of 4 November 2021 for the text of the notification.)","The Secretary-General received from the Government of Paraguay a notification dated 21 October 2021, made under article 4 (3) of the above Covenant, concerning the notification of the measures taken by the Government of "
Paraguay,Paraguay,2021-10-21,2021,declaración,estado de emergencia,directo,C.N.360.2021,https://treaties.un.org/doc/Publication/CN/2021/CN.360.2021-Eng.pdf,ONU_PIDCP_art4,"The Secretary-General received from the Government of Paraguay a notification dated 1 June 2020, made under article 4 (3) of the above Covenant, regarding the declaration of a public health emergency to address the spread of the virus. (See C.N.360.2021 .TREATIES-IV.4 of 2 November 2021 for the text of the notification.)","The Secretary-General received from the Government of Paraguay a notification dated 1 June 2020, made under article 4 (3) of the above Covenant, regarding the declaration of a public health emergency to address the sprea"
Guatemala,Guatemala,2021-10-27,2021,declaración,estado de emergencia,directo,C.N.361.2021,https://treaties.un.org/doc/Publication/CN/2021/CN.361.2021-Eng.pdf,ONU_PIDCP_art4,"The Secretary-General received from the Government of Guatemala a notification dated 26 October 2021, made under article 4 (3) of the above Covenant, regarding the state of emergency declared through Government Decree No. 9-2021 in in the municipality of El Estor, Department of Izabal for a period of 30 days. (See C.N.361.2021 .TREATIES-IV.4 of 3 November 2021 for the text of the notification.)","The Secretary-General received from the Government of Guatemala a notification dated 26 October 2021, made under article 4 (3) of the above Covenant, regarding the state of emergency declared through Government Decree No"
Perú,Peru,2021-11-15,2021,extensión,estado de emergencia,heredado,C.N.374.2021,https://treaties.un.org/doc/Publication/CN/2021/CN.374.2021-Eng.pdf,ONU_PIDCP_art4,"The Secretary-General received from the Government of Peru a notification dated 15 November 2021, made under article 4 (3) of the above Covenant, regarding the extension of the state of national emergency by Supreme Decree No. 167-2021-PCM of 30 October 2021. (See C.N.374.2021 .TREATIES-IV.4 of 17 November 2021 for the text of the notification.)","The Secretary-General received from the Government of Peru a notification dated 15 November 2021, made under article 4 (3) of the above Covenant, regarding the extension of the state of national emergency by Supreme Decr"
Guatemala,Guatemala,2021-11-29,2021,declaración,estado de emergencia,heredado,C.N.385.2021,https://treaties.un.org/doc/Publication/CN/2021/CN.385.2021-Eng.pdf,ONU_PIDCP_art4,"The Secretary-General received from the Government of Guatemala a notification dated 24 November 2021, made under article 4 (3) of the above Covenant, regarding the declaration of a state of prevention by Government Decree No. 10-2021 in in the municipality of El Estor, Department of Izabal for a period of 15 days. (See C.N.385.2021 .TREATIES-IV.4 of 7 December 2021 for the text of the notification.)","The Secretary-General received from the Government of Guatemala a notification dated 24 November 2021, made under article 4 (3) of the above Covenant, regarding the declaration of a state of prevention by Government Decr"
Perú,Peru,2021-12-02,2021,extensión,estado de emergencia,heredado,C.N.382.2021,https://treaties.un.org/doc/Publication/CN/2021/CN.382.2021-Eng.pdf,ONU_PIDCP_art4,"The Secretary-General received from the Government of Peru a notification dated 1 December 2021, made under article 4 (3) of the above Covenant, regarding the extension of the state of national emergency by Supreme Decree No. 174-2021-PCM of 28 November 2021 for a period of thirty-one (31) calendar days from 1 December 2021. (See C.N.382.2021 .TREATIES-IV.4 of 2 December 2021 for the text of the notification.)","The Secretary-General received from the Government of Peru a notification dated 1 December 2021, made under article 4 (3) of the above Covenant, regarding the extension of the state of national emergency by Supreme Decre"
Guatemala,Guatemala,2021-12-30,2021,declaración,estado de emergencia,heredado,C.N.406.2021,https://treaties.un.org/doc/Publication/CN/2021/CN.406.2021-Eng.pdf,ONU_PIDCP_art4,"The Secretary-General received from the Government of Guatemala a notification dated 29 December 2021, made under article 4 (3) of the above Covenant, regarding the declaration of a state of prevention by Government Decree No. 11-2021 in the in the municipalities of Nahualá and Santa Catarina Ixtahuacán, Department of Sololá for a period of 30 days. (See C.N.406.2021 .TREATIES-IV.4 of 11 January 2022 for the text of the notification.)","The Secretary-General received from the Government of Guatemala a notification dated 29 December 2021, made under article 4 (3) of the above Covenant, regarding the declaration of a state of prevention by Government Decr"
Perú,Peru,2022-01-06,2022,extensión,estado de emergencia,heredado,C.N.39.2022,https://treaties.un.org/doc/Publication/CN/2022/CN.39.2022-Eng.pdf,ONU_PIDCP_art4,"The Secretary-General received from the Government of Peru a notification dated 5 January 2022, made under article 4 (3) of the above Covenant, regarding the extension of the state of national emergency by Supreme Decree No. 186-2021-PCM of 23 December 2021 for a period of thirty-one (31) calendar days from 1 January 2022. (See C.N.39.2022 .TREATIES-IV.4 of 27 January 2022 for the text of the notification.)","The Secretary-General received from the Government of Peru a notification dated 5 January 2022, made under article 4 (3) of the above Covenant, regarding the extension of the state of national emergency by Supreme Decree"
Guatemala,Guatemala,2022-01-26,2022,extensión,estado de emergencia,heredado,C.N.41.2022,https://treaties.un.org/doc/Publication/CN/2022/CN.41.2022-Eng.pdf,ONU_PIDCP_art4,"The Secretary-General received from the Government of Guatemala a notification dated 24 December 2021, made under article 4 (3) of the above Covenant, regarding the extension of the declaration of a state of prevention by Government Decree No. 1-2022 in the in the municipalities of Nahualá and Santa Catarina Ixtahuacán, Department of Sololá for a period of 30 days. (See C.N.41.2022 .TREATIES-IV.4 of 28 January 2022 for the text of the notification.)","The Secretary-General received from the Government of Guatemala a notification dated 24 December 2021, made under article 4 (3) of the above Covenant, regarding the extension of the declaration of a state of prevention b"
El Salvador,El Salvador,2022-03-27,2022,declaración,estado de emergencia,heredado,C.N.96.2022,https://treaties.un.org/doc/Publication/CN/2022/CN.96.2022-Eng.pdf,ONU_PIDCP_art4,"The Secretary-General received from the Government of El Salvador a notification dated 27 March 2022, made under article 4 (3) of the above Covenant, regarding the declaration of the state of national emergency by Decree No. 333 for a period of thirty (30) calendar days. (See C.N.96.2022 .TREATIES-IV.4 of 8 April 2022 for the text of the notification.)","The Secretary-General received from the Government of El Salvador a notification dated 27 March 2022, made under article 4 (3) of the above Covenant, regarding the declaration of the state of national emergency by Decree"
Perú,Peru,2022-04-06,2022,extensión,estado de emergencia,heredado,C.N.95.2022,https://treaties.un.org/doc/Publication/CN/2022/CN.95.2022-Eng.pdf,ONU_PIDCP_art4,"The Secretary-General received from the Government of Peru a notification dated 4 April 2022, made under article 4 (3) of the above Covenant, regarding the declaration and extension of the state of national emergency by Supreme Decrees No. 016-2022-PCM of 27 February 2022 and No. 030-2022-PCM of 26 March 2022 respectively for a period of thirty (30) and thirty-two (32) calendar days from 28 February 2022. (See C.N.95.2022 .TREATIES-IV.4 of 7 April 2022 for the text of the notification.)","The Secretary-General received from the Government of Peru a notification dated 4 April 2022, made under article 4 (3) of the above Covenant, regarding the declaration and extension of the state of national emergency by "
Perú,Peru,2022-04-08,2022,extensión,estado de emergencia,heredado,C.N.97.2022,https://treaties.un.org/doc/Publication/CN/2022/CN.97.2022-Eng.pdf,ONU_PIDCP_art4,"The Secretary-General received from the Government of Peru a notification dated 4 April 2022, made under article 4 (3) of the above Covenant, regarding the extension of the state of national emergency by Supreme Decree No. 010-2022-PCM of 29 January 2022 for a period of twenty-eight (28) calendar days from 1 February 2022. (See C.N.97.2022 .TREATIES-IV.4 of 11 April 2022 for the text of the notification.)","The Secretary-General received from the Government of Peru a notification dated 4 April 2022, made under article 4 (3) of the above Covenant, regarding the extension of the state of national emergency by Supreme Decree N"
Perú,Peru,2022-04-11,2022,declaración,estado de emergencia,heredado,C.N.102.2022,https://treaties.un.org/doc/Publication/CN/2022/CN.102.2022-Eng.pdf,ONU_PIDCP_art4,"The Secretary-General received from the Government of Peru a notification dated 6 April 2022, made under article 4 (3) of the above Covenant, regarding the declaration of the state of national emergency by Supreme Decree No. 012-2022-PCM of 2 February 2022 for a period of 45 days from 2 February 2022. (See C.N.102.2022 .TREATIES-IV.4 of 19 April 2022 for the text of the notification.)","The Secretary-General received from the Government of Peru a notification dated 6 April 2022, made under article 4 (3) of the above Covenant, regarding the declaration of the state of national emergency by Supreme Decree"
Perú,Peru,2022-04-11,2022,extensión,estado de emergencia,heredado,C.N.103.2022,https://treaties.un.org/doc/Publication/CN/2022/CN.103.2022-Eng.pdf,ONU_PIDCP_art4,"The Secretary-General received from the Government of Peru a notification dated 8 April 2022, made under article 4 (3) of the above Covenant, regarding the extension of the state of national emergency by Supreme Decree No. 025-2022-PCM of 18 March 2022 for a period of 45 days from 20 March 2022. (See C.N.103.2022 .TREATIES-IV.4 of 19 April 2022 for the text of the notification.)","The Secretary-General received from the Government of Peru a notification dated 8 April 2022, made under article 4 (3) of the above Covenant, regarding the extension of the state of national emergency by Supreme Decree N"
El Salvador,El Salvador,2022-04-29,2022,declaración,estado de emergencia,heredado,C.N.126.2022,https://treaties.un.org/doc/Publication/CN/2022/CN.126.2022-Eng.pdf,ONU_PIDCP_art4,"The Secretary-General received from the Government of El Salvador a notification dated 29 April 2022, made under article 4 (3) of the above Covenant, regarding the declaration of the state of national emergency by Decree No. 358 for a period of thirty (30) calendar days. (See C.N.126.2022 .TREATIES-IV.4 of 6 May 2022 for the text of the notification.)","The Secretary-General received from the Government of El Salvador a notification dated 29 April 2022, made under article 4 (3) of the above Covenant, regarding the declaration of the state of national emergency by Decree"
Perú,Peru,2022-05-09,2022,extensión,estado de emergencia,heredado,C.N.128.2022,https://treaties.un.org/doc/Publication/CN/2022/CN.128.2022-Eng.pdf,ONU_PIDCP_art4,"The Secretary-General received from the Government of Peru a notification dated 9 May 2022, made under article 4 (3) of the above Covenant, regarding the extension of the state of national emergency by Supreme Decree No. 041-2022-PCM of 23 April 2022 for a period of thirty-one (31) calendar days from 1 May 2022. (See C.N.128.2022 .TREATIES-IV.4 of 9 May 2022 for the text of the notification.)","The Secretary-General received from the Government of Peru a notification dated 9 May 2022, made under article 4 (3) of the above Covenant, regarding the extension of the state of national emergency by Supreme Decree No."
Perú,Peru,2022-06-03,2022,extensión,estado de emergencia,heredado,C.N.142.2022,https://treaties.un.org/doc/Publication/CN/2022/CN.142.2022-Eng.pdf,ONU_PIDCP_art4,"The Secretary-General received from the Government of Peru a notification dated 3 June 2022, made under article 4 (3) of the above Covenant, regarding the extension of the state of national emergency by Supreme Decree No. 058-2022-PCM of 26 May 2022 for a period of thirty (30) calendar days from 1 June 2022. (See C.N.142.2022 .TREATIES-IV.4 of 3 June 2022 for the text of the notification.)","The Secretary-General received from the Government of Peru a notification dated 3 June 2022, made under article 4 (3) of the above Covenant, regarding the extension of the state of national emergency by Supreme Decree No"
Guatemala,Guatemala,2022-06-09,2022,declaración,estado de sitio,directo,C.N.147.2022,https://treaties.un.org/doc/Publication/CN/2022/CN.147.2022-Eng.pdf,ONU_PIDCP_art4,"The Secretary-General received from the Government of Guatemala a notification dated 8 June 2022, made under article 4 (3) of the above Covenant, regarding the declaration of a state of siege by Government Decree No. 2-2022 in the municipalities of Ixchiguán and Tajumulco, Department of San Marcos for a period of 30 days. (See C.N.147.2022 .TREATIES-IV.4 of 16 June 2022 for the text of the notification.)","The Secretary-General received from the Government of Guatemala a notification dated 8 June 2022, made under article 4 (3) of the above Covenant, regarding the declaration of a state of siege by Government Decree No. 2-2"
El Salvador,El Salvador,2022-06-13,2022,extensión,estado de emergencia,heredado,C.N.151.2022,https://treaties.un.org/doc/Publication/CN/2022/CN.151.2022-Eng.pdf,ONU_PIDCP_art4,"The Secretary-General received from the Government of El Salvador a notification dated 12 June 2022, made under article 4 (3) of the above Covenant, regarding the extension of the state of national emergency by Decree No. 396 for a period of thirty days. (See C.N.151.2022 .TREATIES-IV.4 of 17 June 2022 for the text of the notification.)","The Secretary-General received from the Government of El Salvador a notification dated 12 June 2022, made under article 4 (3) of the above Covenant, regarding the extension of the state of national emergency by Decree No"
Ecuador,Ecuador,2022-06-18,2022,declaración,estado de emergencia,directo,C.N.165.2022,https://treaties.un.org/doc/Publication/CN/2022/CN.165.2022-Eng.pdf,ONU_PIDCP_art4,"The Secretary-General received from the Government of Ecuador a notification dated 18 June 2022, made under article 4 (3) of the above Covenant, regarding the declaration of a state of emergency by Executive Decree No. 455 of 17 June 2022. (See depositary notification C.N.165.2022 .TREATIES-IV.4 of 30 June 2022 for the text of the notification.)","The Secretary-General received from the Government of Ecuador a notification dated 18 June 2022, made under article 4 (3) of the above Covenant, regarding the declaration of a state of emergency by Executive Decree No. 4"
Ecuador,Ecuador,2022-06-21,2022,declaración,estado de emergencia,directo,C.N.166.2022,https://treaties.un.org/doc/Publication/CN/2022/CN.166.2022-Eng.pdf,ONU_PIDCP_art4,"The Secretary-General received from the Government of Ecuador a notification dated 21 June 2022, made under article 4 (3) of the above Covenant, regarding the declaration of a state of emergency by Executive Decree No. 459 of 20 June 2022. (See depositary notification C.N.166.2022 .TREATIES-IV.4 of 30 June 2022 for the text of the notification.)","The Secretary-General received from the Government of Ecuador a notification dated 21 June 2022, made under article 4 (3) of the above Covenant, regarding the declaration of a state of emergency by Executive Decree No. 4"
Guatemala,Guatemala,2022-06-24,2022,extensión,estado de emergencia,directo,C.N.176.2022,https://treaties.un.org/doc/Publication/CN/2022/CN.176.2022-Eng.pdf,ONU_PIDCP_art4,"The Secretary-General received from the Government of Guatemala a notification dated 23 June 2022, made under article 4 (3) of the above Covenant, regarding the extension of the state of emergency by Decree No. 3-2022 for a period of thirty days. (See C.N.176.2022 .TREATIES-IV.4 of 12 July 2022 for the text of the notification.)","The Secretary-General received from the Government of Guatemala a notification dated 23 June 2022, made under article 4 (3) of the above Covenant, regarding the extension of the state of emergency by Decree No. 3-2022 fo"
Ecuador,Ecuador,2022-06-27,2022,declaración,estado de emergencia,directo,C.N.167.2022,https://treaties.un.org/doc/Publication/CN/2022/CN.167.2022-Eng.pdf,ONU_PIDCP_art4,"The Secretary-General received from the Government of Ecuador a notification dated 27 June 2022, made under article 4 (3) of the above Covenant, regarding the declaration of a state of emergency by Executive Decree No. 461 of 26 June 2022. (See depositary notification C.N.167.2022 .TREATIES-IV.4 of 30 June 2022 for the text of the notification.)","The Secretary-General received from the Government of Ecuador a notification dated 27 June 2022, made under article 4 (3) of the above Covenant, regarding the declaration of a state of emergency by Executive Decree No. 4"
Ecuador,Ecuador,2022-06-30,2022,declaración,estado de emergencia,directo,C.N.177.2022,https://treaties.un.org/doc/Publication/CN/2022/CN.177.2022-Eng.pdf,ONU_PIDCP_art4,"The Secretary-General received from the Government of Ecuador a notification dated 30 June 2022, made under article 4 (3) of the above Covenant, regarding the declaration of a state of emergency by Executive Decree No. 463 of 29 June 2022. (See depositary notification C.N.177.2022 .TREATIES-IV.4 of 12 July 2022 for the text of the notification.)","The Secretary-General received from the Government of Ecuador a notification dated 30 June 2022, made under article 4 (3) of the above Covenant, regarding the declaration of a state of emergency by Executive Decree No. 4"
Ecuador,Ecuador,2022-07-05,2022,declaración,estado de emergencia,directo,C.N.186.2022,https://treaties.un.org/doc/Publication/CN/2022/CN.186.2022-Eng.pdf,ONU_PIDCP_art4,"The Secretary-General received from the Government of Ecuador a notification dated 5 July 2022, made under article 4 (3) of the above Covenant, regarding the declaration of a state of emergency by Executive Decree No. 469 of 1 July 2022. (See depositary notification C.N.186.2022 .TREATIES-IV.4 of 12 July 2022 for the text of the notification.)","The Secretary-General received from the Government of Ecuador a notification dated 5 July 2022, made under article 4 (3) of the above Covenant, regarding the declaration of a state of emergency by Executive Decree No. 46"
Guatemala,Guatemala,2022-07-11,2022,extensión,estado de sitio,directo,C.N.183.2022,https://treaties.un.org/doc/Publication/CN/2022/CN.183.2022-Eng.pdf,ONU_PIDCP_art4,"The Secretary-General received from the Government of Guatemala a notification dated 7 July 2022, made under article 4 (3) of the above Covenant, regarding the extension of the state of siege in the municipalities of Ixchiguán and Tajumulco (Department of San Marcos) for a period of thirty days by Government Decree No. 4-2022. (See C.N.183.2022 .TREATIES-IV.4 of 20 July 2022 for the text of the notification.)","The Secretary-General received from the Government of Guatemala a notification dated 7 July 2022, made under article 4 (3) of the above Covenant, regarding the extension of the state of siege in the municipalities of Ixc"
Perú,Peru,2022-07-11,2022,extensión,estado de emergencia,heredado,C.N.181.2022,https://treaties.un.org/doc/Publication/CN/2022/CN.181.2022-Eng.pdf,ONU_PIDCP_art4,"The Secretary-General received from the Government of Peru a notification dated 8 July 2022, made under article 4 (3) of the above Covenant, regarding the extension of the state of national emergency by Supreme Decree No. 076-2022-PCM of 30 June 2022 for a period of thirty-one (31) calendar days from 1 July 2022. (See C.N.181.2022 .TREATIES-IV.4 of 12 July 2022 for the text of the notification.)","The Secretary-General received from the Government of Peru a notification dated 8 July 2022, made under article 4 (3) of the above Covenant, regarding the extension of the state of national emergency by Supreme Decree No"
Paraguay,Paraguay,2022-07-12,2022,declaración,estado de emergencia,directo,C.N.256.2022,https://treaties.un.org/doc/Publication/CN/2022/CN.256.2022-Eng.pdf,ONU_PIDCP_art4,"The Secretary-General received from the Government of Paraguay a notification dated 11 July 2022, made under article 4 (3) of the above Covenant, regarding the measures taken by the Government of Paraguay following the declaration of a public health emergency to address the spread of the coronavirus disease (COVID-19) and the lifting of such measures by Decree No. 6939 of 18 April 2022. (See C.N.256.2022 .TREATIES-IV.4 of 22 July 2022 for the text of the notification.)","The Secretary-General received from the Government of Paraguay a notification dated 11 July 2022, made under article 4 (3) of the above Covenant, regarding the measures taken by the Government of Paraguay following the d"
Perú,Peru,2022-07-13,2022,extensión,estado de emergencia,heredado,C.N.187.2022,https://treaties.un.org/doc/Publication/CN/2022/CN.187.2022-Eng.pdf,ONU_PIDCP_art4,"The Secretary-General received from the Government of Peru a notification dated 12 July 2022, made under article 4 (3) of the above Covenant, regarding the extension of the state of national emergency in Metropolitan Lima (Department of Lima) and in the Constitutional Province of Callao by Supreme Decree No. 045-2022-PCM of 3 May 2022. (See C.N.187.2022 .TREATIES-IV.4 of 14 July 2022 for the text of the notification.)","The Secretary-General received from the Government of Peru a notification dated 12 July 2022, made under article 4 (3) of the above Covenant, regarding the extension of the state of national emergency in Metropolitan Lim"
Perú,Peru,2022-07-13,2022,extensión,estado de emergencia,heredado,C.N.188.2022,https://treaties.un.org/doc/Publication/CN/2022/CN.188.2022-Eng.pdf,ONU_PIDCP_art4,"The Secretary-General received from the Government of Peru a notification dated 8 July 2022, made under article 4 (3) of the above Covenant, regarding the extension of the state of national emergency in Metropolitan Lima (Department of Lima) and in the Constitutional Province of Callao by Supreme Decree No. 070-2022-PCM of 17 June 2022. (See C.N.188.2022 .TREATIES-IV.4 of 14 July 2022 for the text of the notification.)","The Secretary-General received from the Government of Peru a notification dated 8 July 2022, made under article 4 (3) of the above Covenant, regarding the extension of the state of national emergency in Metropolitan Lima"
El Salvador,El Salvador,2022-07-22,2022,extensión,estado de emergencia,heredado,C.N.263.2022,https://treaties.un.org/doc/Publication/CN/2022/CN.263.2022-Eng.pdf,ONU_PIDCP_art4,"The Secretary-General received from the Government of El Salvador a notification dated 22 July 2022, made under article 4 (3) of the above Covenant, regarding the extension of the state of national emergency by Decree No. 454 for a period of thirty days from the date of its publication in the Official Gazette on 21 July 2022. (See C.N.263.2022 .TREATIES-IV.4 of 28 July 2022 for the text of the notification.)","The Secretary-General received from the Government of El Salvador a notification dated 22 July 2022, made under article 4 (3) of the above Covenant, regarding the extension of the state of national emergency by Decree No"
El Salvador,El Salvador,2022-07-22,2022,extensión,estado de emergencia,heredado,C.N.262.2022,https://treaties.un.org/doc/Publication/CN/2022/CN.262.2022-Eng.pdf,ONU_PIDCP_art4,"The Secretary-General received from the Government of El Salvador a notification dated 21 July 2022, made under article 4 (3) of the above Covenant, regarding the extension of the state of national emergency by Decree No. 427 for a period of thirty days from 25 June 2022. (See C.N.262.2022 .TREATIES-IV.4 of 28 July 2022 for the text of the notification.)","The Secretary-General received from the Government of El Salvador a notification dated 21 July 2022, made under article 4 (3) of the above Covenant, regarding the extension of the state of national emergency by Decree No"
Perú,Peru,2022-08-08,2022,extensión,estado de emergencia,heredado,C.N.266.2022,https://treaties.un.org/doc/Publication/CN/2022/CN.266.2022-Eng.pdf,ONU_PIDCP_art4,"The Secretary-General received from the Government of Peru a notification dated 3 August 2022, made under article 4 (3) of the above Covenant, regarding the extension of the state of national emergency by Supreme Decree No. 092-2022-PCM of 28 July 2022 for a period of twenty-eight (28) days from 1 August 2022. (See C.N.266.2022 .TREATIES-IV.4 of 8 August 2022 for the text of the notification.)","The Secretary-General received from the Government of Peru a notification dated 3 August 2022, made under article 4 (3) of the above Covenant, regarding the extension of the state of national emergency by Supreme Decree "
Ecuador,Ecuador,2022-08-17,2022,declaración,estado de emergencia,directo,C.N.186.2022,https://treaties.un.org/doc/Publication/CN/2022/CN.186.2022-Eng.pdf,ONU_PIDCP_art4,"The Secretary-General received from the Government of Ecuador a notification dated 17 August 2022, made under article 4 (3) of the above Covenant, regarding the declaration of a state of emergency by Executive Decree No. 527 of 14 August 2022. (See depositary notification C.N.186.2022 .TREATIES-IV.4 of 26 August 2022 for the text of the notification.)","The Secretary-General received from the Government of Ecuador a notification dated 17 August 2022, made under article 4 (3) of the above Covenant, regarding the declaration of a state of emergency by Executive Decree No."
Ecuador,Ecuador,2022-09-23,2022,extensión,estado de emergencia,directo,C.N.321.2022,https://treaties.un.org/doc/Publication/CN/2022/CN.321.2022-Eng.pdf,ONU_PIDCP_art4,"The Secretary-General received from the Government of Ecuador a notification dated 22 September 2022, made under article 4 (3) of the above Covenant, regarding the extension of the state of emergency in the cantons of Guayaquil, Durán and Samborondón for an additional 30 days by Executive Decree No. 561. (See depositary notification C.N.321.2022 .TREATIES-IV.4 of 4 October 2022 for the text of the notification.)","The Secretary-General received from the Government of Ecuador a notification dated 22 September 2022, made under article 4 (3) of the above Covenant, regarding the extension of the state of emergency in the cantons of Gu"
Perú,Peru,2022-09-27,2022,extensión,estado de emergencia,heredado,C.N.316.2022,https://treaties.un.org/doc/Publication/CN/2022/CN.316.2022-Eng.pdf,ONU_PIDCP_art4,"The Secretary-General received from the Government of Peru a notification dated 26 September 2022, made under article 4 (3) of the above Covenant, regarding the extension of the state of national emergency by Supreme Decree No. 108-2022-PCM of 28 August 2022 for a period of thirty-three (33) days from 29 August 2022. (See C.N.316.2022 .TREATIES-IV.4 of 28 September 2022 for the text of the notification.)","The Secretary-General received from the Government of Peru a notification dated 26 September 2022, made under article 4 (3) of the above Covenant, regarding the extension of the state of national emergency by Supreme Dec"
Perú,Peru,2022-10-10,2022,extensión,estado de emergencia,heredado,C.N.326.2022,https://treaties.un.org/doc/Publication/CN/2022/CN.326.2022-Eng.pdf,ONU_PIDCP_art4,"The Secretary-General received from the Government of Peru a notification dated 7 October 2022, made under article 4 (3) of the above Covenant, regarding the extension of the state of national emergency by Supreme Decree No. 118-2022-PCM of 29 September 2022 for a period of thirty-one (31) days from 1 October 2022. (See C.N.326.2022 .TREATIES-IV.4 of 10 October 2022 for the text of the notification.)","The Secretary-General received from the Government of Peru a notification dated 7 October 2022, made under article 4 (3) of the above Covenant, regarding the extension of the state of national emergency by Supreme Decree"
Guatemala,Guatemala,2022-10-13,2022,declaración,estado de sitio,heredado,C.N.384.2022,https://treaties.un.org/doc/Publication/CN/2022/CN.384.2022-Eng.pdf,ONU_PIDCP_art4,"The Secretary-General received from the Government of Guatemala a notification dated 11 October 2022, made under article 4 (3) of the above Covenant, regarding the declaration of the state of public disaster throughout the Republic of Guatemala, owing to the effects of the rainy season and tropical cyclone Julia, for a period of thirty days by Government Decree No. 5-2022. (See C.N.384.2022 .TREATIES-IV.4 of 2 November 2022 for the text of the notification.)","The Secretary-General received from the Government of Guatemala a notification dated 11 October 2022, made under article 4 (3) of the above Covenant, regarding the declaration of the state of public disaster throughout t"
Ecuador,Ecuador,2022-11-03,2022,declaración,estado de emergencia,directo,C.N.402.2022,https://treaties.un.org/doc/Publication/CN/2022/CN.402.2022-Eng.pdf,ONU_PIDCP_art4,"The Secretary-General received from the Government of Ecuador a notification dated 3 November 2022, made under article 4 (3) of the above Covenant, regarding the declaration of a state of emergency in the Provinces of Guayas and Esmeraldas for a period of 45 days by Executive Decree No. 588. (See depositary notification C.N.402.2022 .TREATIES-IV.4 of 15 November 2022 for the text of the notification.)","The Secretary-General received from the Government of Ecuador a notification dated 3 November 2022, made under article 4 (3) of the above Covenant, regarding the declaration of a state of emergency in the Provinces of Gu"
Ecuador,Ecuador,2022-11-08,2022,extensión,estado de emergencia,heredado,C.N.403.2022,https://treaties.un.org/doc/Publication/CN/2022/CN.403.2022-Eng.pdf,ONU_PIDCP_art4,"The Secretary-General received from the Government of Ecuador a notification dated 8 November 2022, made under article 4 (3) of the above Covenant, regarding the issuance of Executive Decree No. 589 extending the territorial scope of Executive Decree No. 588 to the Province of Santo Domingo de los Tsáchilas as of 4 November 2022 for a period of 45 days. (See depositary notification C.N.403.2022 .TREATIES-IV.4 of 15 November 2022 for the text of the notification.)","The Secretary-General received from the Government of Ecuador a notification dated 8 November 2022, made under article 4 (3) of the above Covenant, regarding the issuance of Executive Decree No. 589 extending the territo"
El Salvador,El Salvador,2022-11-23,2022,extensión,estado de emergencia,heredado,C.N.414.2022,https://treaties.un.org/doc/Publication/CN/2022/CN.414.2022-Eng.pdf,ONU_PIDCP_art4,"The Secretary-General received from the Government of El Salvador a notification dated 23 November 2022, made under article 4 (3) of the above Covenant, regarding extensions of a state of national emergency by Decrees No. 454, 476, 503 and 530 for various periods until 17 November 2022 . (See C.N.414.2022 .TREATIES-IV.4 of 30 November 2022 for the text of the notification.)","The Secretary-General received from the Government of El Salvador a notification dated 23 November 2022, made under article 4 (3) of the above Covenant, regarding extensions of a state of national emergency by Decrees No"
Perú,Peru,2022-12-16,2022,declaración,estado de emergencia,directo,C.N.443.2022,https://treaties.un.org/doc/Publication/CN/2022/CN.443.2022-Eng.pdf,ONU_PIDCP_art4,"The Secretary-General received from the Government of Peru a notification dated 13 December 2022, made under article 4 (3) of the above Covenant, regarding the declaration of the state of emergency by Supreme Decree No. 139-2022-PCM of 12 December 2022 for a period of sixty (60) days. (See C.N.443.2022 .TREATIES-IV.4 of 21 December 2022 2022 for the text of the notification.)","The Secretary-General received from the Government of Peru a notification dated 13 December 2022, made under article 4 (3) of the above Covenant, regarding the declaration of the state of emergency by Supreme Decree No. "
Perú,Peru,2022-12-16,2022,declaración,estado de emergencia,directo,C.N.445.2022,https://treaties.un.org/doc/Publication/CN/2022/CN.445.2022-Eng.pdf,ONU_PIDCP_art4,"The Secretary-General received from the Government of Peru a notification dated 16 December 2022, made under article 4 (3) of the above Covenant, regarding the declaration of the state of emergency by Supreme Decree No. 140-2022-PCM of 12 December 2022 for a period of sixty (60) days from the date of the decree. (See C.N.445.2022 .TREATIES-IV.4 of 22 December 2022 2022 for the text of the notification.)","The Secretary-General received from the Government of Peru a notification dated 16 December 2022, made under article 4 (3) of the above Covenant, regarding the declaration of the state of emergency by Supreme Decree No. "
Perú,Peru,2022-12-16,2022,declaración,estado de emergencia,directo,C.N.447.2022,https://treaties.un.org/doc/Publication/CN/2022/CN.447.2022-Eng.pdf,ONU_PIDCP_art4,"The Secretary-General received from the Government of Peru a notification dated 16 December 2022, made under article 4 (3) of the above Covenant, regarding the declaration of the state of emergency by Supreme Decree No. 142-2022-PCM of 12 December 2022 for a period of sixty (60) days from the date of the decree. (See C.N.447.2022 .TREATIES-IV.4 of 22 December 2022 2022 for the text of the notification.)","The Secretary-General received from the Government of Peru a notification dated 16 December 2022, made under article 4 (3) of the above Covenant, regarding the declaration of the state of emergency by Supreme Decree No. "
Perú,Peru,2022-12-16,2022,declaración,estado de emergencia,directo,C.N.446.2022,https://treaties.un.org/doc/Publication/CN/2022/CN.446.2022-Eng.pdf,ONU_PIDCP_art4,"The Secretary-General received from the Government of Peru a notification dated 16 December 2022, made under article 4 (3) of the above Covenant, regarding the declaration of the state of emergency by Supreme Decree No. 141-2022-PCM of 12 December 2022 for a period of sixty (60) days from the date of the decree. (See C.N.446.2022 .TREATIES-IV.4 of 22 December 2022 2022 for the text of the notification.)","The Secretary-General received from the Government of Peru a notification dated 16 December 2022, made under article 4 (3) of the above Covenant, regarding the declaration of the state of emergency by Supreme Decree No. "
Perú,Peru,2022-12-16,2022,declaración,estado de emergencia,heredado,C.N.448.2022,https://treaties.un.org/doc/Publication/CN/2022/CN.448.2022-Eng.pdf,ONU_PIDCP_art4,"The Secretary-General received from the Government of Peru a notification dated 16 December 2022, made under article 4 (3) of the above Covenant, regarding the declaration of a state of national emergency by Supreme Decree No. 143-2022-PCM of 14 December 2022 for a period of thirty (30) days. (See C.N.448.2022 .TREATIES-IV.4 of 22 December 2022 2022 for the text of the notification.)","The Secretary-General received from the Government of Peru a notification dated 16 December 2022, made under article 4 (3) of the above Covenant, regarding the declaration of a state of national emergency by Supreme Decr"
Perú,Peru,2023-01-19,2023,declaración,estado de emergencia,directo,C.N.27.2023,https://treaties.un.org/doc/Publication/CN/2023/CN.27.2023-Eng.pdf,ONU_PIDCP_art4,"The Secretary-General received from the Government of Peru a notification dated 17 January 2023, made under article 4 (3) of the above Covenant, regarding the declaration of the state of emergency by Supreme Decree No. 09-2023-PCM of 14 January 2023 for a period of 30 calendar days starting on 15 January 2023, in the Puno, Cusco and Lima Departments; in the Constitutional Province of Callao; in the province of Andahuaylas in the Apurímac Department; in the provinces of Tambopata and Tahuamanu in the Madre de Dios Department; and in the district of Torata, province of Mariscal Nieto, in the Moquegua Department. (See C.N.27.2023 .TREATIES-IV.4 of 24 January 2023 for the text of the notification.)","The Secretary-General received from the Government of Peru a notification dated 17 January 2023, made under article 4 (3) of the above Covenant, regarding the declaration of the state of emergency by Supreme Decree No. 0"
Perú,Peru,2023-01-26,2023,extensión,estado de emergencia,heredado,C.N.29.2023,https://treaties.un.org/doc/Publication/CN/2023/CN.29.2023-Eng.pdf,ONU_PIDCP_art4,"The Secretary-General received from the Government of Peru a notification dated 26 January 2023, made under article 4 (3) of the above Covenant, regarding the extension of the mandatory stay-at-home measure by Supreme Decree No. 013-2023-PCM of 24 January 2023 in the Puno Department for all persons from 8 p.m. to 4 a.m., for a term of 10 calendar days beginning on 25 January 2023, following the state of national emergency declared through Supreme Decree No. 09-2023-PCM. (See C.N.29.2023 .TREATIES-IV.4 of 1 February 2023 for the text of the notification.)","The Secretary-General received from the Government of Peru a notification dated 26 January 2023, made under article 4 (3) of the above Covenant, regarding the extension of the mandatory stay-at-home measure by Supreme De"
Perú,Peru,2023-02-06,2023,declaración,estado de emergencia,directo,C.N.32.2023,https://treaties.un.org/doc/Publication/CN/2023/CN.32.2023-Eng.pdf,ONU_PIDCP_art4,"The Secretary-General received from the Government of Peru a notification dated 6 February 2023, made under article 4 (3) of the above Covenant, regarding the declaration of a state of emergency by Supreme Decree No. 10-2023-PCM of 19 January 2023 for a period of 30 calendar days starting on 20 January 2023, in the departments of Amazonas, La Libertad and Tacna. (See C.N.32.2023 .TREATIES-IV.4 of 6 February 2023 for the text of the notification.)","The Secretary-General received from the Government of Peru a notification dated 6 February 2023, made under article 4 (3) of the above Covenant, regarding the declaration of a state of emergency by Supreme Decree No. 10-"
Perú,Peru,2023-02-06,2023,declaración,estado de emergencia,directo,C.N.34.2023,https://treaties.un.org/doc/Publication/CN/2023/CN.34.2023-Eng.pdf,ONU_PIDCP_art4,"The Secretary-General received from the Government of Peru a notification dated 6 February 2023, made under article 4 (3) of the above Covenant, regarding the declaration of a state of emergency by Supreme Decree No. 18-2023-PCM of 5 February 2023 for a period of 60 calendar days starting on 6 February 2023, in the departments of Madre de Dios, Cusco, Puno, Apurímac, Arequipa, Moquegua and Tacna. (See C.N.34.2023 .TREATIES-IV.4 of 7 February 2023 for the text of the notification.)","The Secretary-General received from the Government of Peru a notification dated 6 February 2023, made under article 4 (3) of the above Covenant, regarding the declaration of a state of emergency by Supreme Decree No. 18-"
Perú,Peru,2023-02-06,2023,declaración,estado de emergencia,directo,C.N.36.2023,https://treaties.un.org/doc/Publication/CN/2023/CN.36.2023-Eng.pdf,ONU_PIDCP_art4,"The Secretary-General received from the Government of Peru a notification dated 6 February 2023, made under article 4 (3) of the above Covenant, regarding the declaration of the state of emergency by Supreme Decree No. 16-2023-PCM of 29 January 2023 for a period of 30 calendar days starting on 30 January 2023, in the Padre Abad Province of the Ucayali Department. (See C.N.36.2023 .TREATIES-IV.4 of 8 February 2023 for the text of the notification.)","The Secretary-General received from the Government of Peru a notification dated 6 February 2023, made under article 4 (3) of the above Covenant, regarding the declaration of the state of emergency by Supreme Decree No. 1"
Perú,Peru,2023-02-10,2023,extensión,estado de emergencia,directo,C.N.46.2023,https://treaties.un.org/doc/Publication/CN/2023/CN.46.2023-Eng.pdf,ONU_PIDCP_art4,"The Secretary-General received from the Government of Peru a notification dated 10 February 2023, made under article 4 (3) of the above Covenant, regarding the extension of the state of emergency, by Supreme Decree No. 021-2023-PCM of 10 February 2023, in the districts of the provinces of Huanta and La Mar (Department of Ayacucho), in the provinces of Tayacaja and Churcampa (Department of Huancavelica), in the province of La Convención (Department of Cusco), in the provinces of Satipo, Concepción and Huancayo (Department of Junín), and in the Centro Poblado de Yuveni in the district of Vilcabamba of the province of La Convención (Department of Cusco) for a period of 60 calendar days from 11 February to 11 April 2023. (See C.N.46.2023 .TREATIES-IV.4 of 13 February 2023 for the text of the notification.)","The Secretary-General received from the Government of Peru a notification dated 10 February 2023, made under article 4 (3) of the above Covenant, regarding the extension of the state of emergency, by Supreme Decree No. 0"
Perú,Peru,2023-02-17,2023,extensión,estado de emergencia,directo,C.N.54.2023,https://treaties.un.org/doc/Publication/CN/2023/CN.54.2023-Eng.pdf,ONU_PIDCP_art4,"The Secretary-General received from the Government of Peru a notification dated 16 February 2023, made under article 4 (3) of the above Covenant, regarding the extension of the state of emergency in the Lima Department, in the Constitutional Province of Callao and in the vicinities of the following highways of the national road network: the Carretera Panamericana Sur (Southern Pan-American Highway), Carretera Panamericana Norte (Northern Pan-American Highway), Carretera Central (Central Highway), Corredor Vial Sur Apurímac-Cusco-Arequipa (Apurímac-Cusco-Arequipa Southern Road Corridor) and Corredor Vial Interoceánica Sur (Southern Interoceanic Road Corridor) by Supreme Decree No. 022-2023-PCM of 13 February 2023 for a term of 30 calendar days beginning on 14 February 2023. (See C.N.54.2023 .TREATIES-IV.4 of 21 February 2023 for the text of the notification.)","The Secretary-General received from the Government of Peru a notification dated 16 February 2023, made under article 4 (3) of the above Covenant, regarding the extension of the state of emergency in the Lima Department, "
Perú,Peru,2023-02-20,2023,declaración,estado de emergencia,directo,C.N.55.2023,https://treaties.un.org/doc/Publication/CN/2023/CN.55.2023-Eng.pdf,ONU_PIDCP_art4,"The Secretary-General received from the Government of Peru a notification dated 20 February 2023, made under article 4 (3) of the above Covenant, regarding the declaration of the state of emergency by Supreme Decree No. 023-2023-PCM of 17 February 2023 for a period of 60 calendar days starting on 18 February 2023, in the provinces of Putumayo and Mariscal Castilla in the Department of Loreto. (See C.N.55.2023 .TREATIES-IV.4 of 24 February 2023 for the text of the notification.)","The Secretary-General received from the Government of Peru a notification dated 20 February 2023, made under article 4 (3) of the above Covenant, regarding the declaration of the state of emergency by Supreme Decree No. "
Perú,Peru,2023-02-20,2023,extensión,estado de emergencia,directo,C.N.56.2023,https://treaties.un.org/doc/Publication/CN/2023/CN.56.2023-Eng.pdf,ONU_PIDCP_art4,"The Secretary-General received from the Government of Peru a notification dated 20 February 2023, made under article 4 (3) of the above Covenant, regarding the extension of the state of emergency by Supreme Decree No. 025-2023-PCM of 18 February 2023 in the province of Condorcanqui and in the districts of Imaza and Aramango in the province of Bagua (Department of Amazonas), for a period of 60 calendar days from 19 February 2023; and in the Department of La Libertad for a period of 30 calendar days beginning on 19 February 2023. (See C.N.56.2023 .TREATIES-IV.4 of 24 February 2023 for the text of the notification.)","The Secretary-General received from the Government of Peru a notification dated 20 February 2023, made under article 4 (3) of the above Covenant, regarding the extension of the state of emergency by Supreme Decree No. 02"
Perú,Peru,2023-02-27,2023,extensión,estado de emergencia,directo,C.N.64.2023,https://treaties.un.org/doc/Publication/CN/2023/CN.64.2023-Eng.pdf,ONU_PIDCP_art4,"The Secretary-General received from the Government of Peru a notification dated 27 February 2023, made under article 4 (3) of the above Covenant, regarding the extension of the state of emergency in the province of Padre Abad in the Department of Ucayali by Supreme Decree No. 027-2023-PCM of 25 February 2023 for a period of 30 calendar days from 1 March 2023. (See C.N.64.2023 .TREATIES-IV.4 of 3 March 2023 for the text of the notification.)","The Secretary-General received from the Government of Peru a notification dated 27 February 2023, made under article 4 (3) of the above Covenant, regarding the extension of the state of emergency in the province of Padre"
Ecuador,Ecuador,2023-03-09,2023,declaración,estado de emergencia,directo,C.N.73.2023,https://treaties.un.org/doc/Publication/CN/2023/CN.73.2023-Eng.pdf,ONU_PIDCP_art4,"The Secretary-General received from the Government of Ecuador a notification dated 8 March 2023, made under article 4 (3) of the above Covenant, regarding the declaration of a state of emergency in the province of Esmeraldas for a period of 60 days by Executive Decree No. 681 of 3 March 2023. (See depositary notification C.N.73.2023 .TREATIES-IV.4 of 15 March 2023 for the text of the notification.)","The Secretary-General received from the Government of Ecuador a notification dated 8 March 2023, made under article 4 (3) of the above Covenant, regarding the declaration of a state of emergency in the province of Esmera"
Perú,Peru,2023-03-15,2023,extensión,estado de emergencia,directo,C.N.75.2023,https://treaties.un.org/doc/Publication/CN/2023/CN.75.2023-Eng.pdf,ONU_PIDCP_art4,"The Secretary-General received from the Government of Peru a notification dated 14 March 2023, made under article 4 (3) of the above Covenant, regarding the extension of the state of emergency declared through Supreme Decree No. 032-2023-PCM, dated 11 March 2023 in the vicinities of the following highways of the national road network: the Southern Pan-American Highway (Carretera Panamericana Sur), Northern Pan-American Highway (Carretera Panamericana Norte), Central Highway (Carretera Central), Apurímac-Cusco-Arequipa Southern Road Corridor (Corredor Vial Sur Apurímac-Cusco-Arequipa) and Southern Interoceanic Road Corridor (Corredor Vial Interoceánica Sur), for a period of 30 calendar days, beginning on 16 March 2023. (See C.N.75.2023 .TREATIES-IV.4 of 16 March 2023 for the text of the notification.)","The Secretary-General received from the Government of Peru a notification dated 14 March 2023, made under article 4 (3) of the above Covenant, regarding the extension of the state of emergency declared through Supreme De"
Perú,Peru,2023-03-15,2023,extensión,estado de emergencia,directo,C.N.79.2023,https://treaties.un.org/doc/Publication/CN/2023/CN.79.2023-Eng.pdf,ONU_PIDCP_art4,"The Secretary-General received from the Government of Peru a notification dated 14 March 2023, made under article 4 (3) of the above Covenant, regarding the extension of the state of emergency extended through Supreme Decree No. 031-2023-PCM, dated 11 March 2023 in Ica Province, in the department of Ica, for a period of 30 calendar days, beginning on 14 March 2023. (See C.N.79.2023 .TREATIES-IV.4 of 20 March 2023 for the text of the notification.)","The Secretary-General received from the Government of Peru a notification dated 14 March 2023, made under article 4 (3) of the above Covenant, regarding the extension of the state of emergency extended through Supreme De"
Perú,Peru,2023-03-30,2023,extensión,estado de emergencia,directo,C.N.100.2023,https://treaties.un.org/doc/Publication/CN/2023/CN.100.2023-Eng.pdf,ONU_PIDCP_art4,"The Secretary-General received from the Government of Peru a notification dated 23 March 2023, made under article 4 (3) of the above Covenant, regarding the extension of the state of emergency by Supreme Decree No. 037-2023-PCM of 17 March 2023 in the Department of La Libertad for a period of 30 calendar days beginning on 21 March 2023. (See C.N.100.2023 .TREATIES-IV.4 of 31 March 2023 for the text of the notification.)","The Secretary-General received from the Government of Peru a notification dated 23 March 2023, made under article 4 (3) of the above Covenant, regarding the extension of the state of emergency by Supreme Decree No. 037-2"
Ecuador,Ecuador,2023-04-11,2023,declaración,estado de emergencia,directo,C.N.109.2023,https://treaties.un.org/doc/Publication/CN/2023/CN.109.2023-Eng.pdf,ONU_PIDCP_art4,"The Secretary-General received from the Government of Ecuador a notification dated 10 April 2023, made under article 4 (3) of the above Covenant, regarding the declaration of a state of emergency owing to serious internal unrest in the cantons of Guayaquil, Durán and Samborondón, which are in the province of Guayas, and in the provinces of Santa Elena and Los Ríos, for a period of 60 days by Executive Decree No. 706 of 1 April 2023. (See depositary notification C.N.109.2023 .TREATIES-IV.4 of 10 April 2023 for the text of the notification.)","The Secretary-General received from the Government of Ecuador a notification dated 10 April 2023, made under article 4 (3) of the above Covenant, regarding the declaration of a state of emergency owing to serious interna"
Perú,Peru,2023-04-14,2023,extensión,estado de emergencia,directo,C.N.115.2023,https://treaties.un.org/doc/Publication/CN/2023/CN.115.2023-Eng.pdf,ONU_PIDCP_art4,"The Secretary-General received from the Government of Peru a notification dated 16 February 2023, made under article 4 (3) of the above Covenant, regarding the declaration of a state of emergency through Supreme Decree No. 188-2020-PCM of 6 February 2020 in the districts of Puerto Inca, Tournavista, Yuyapichis, Codo del Pozuzo and Honoria in the province of Puerto Inca in the department of Huánuco, and in the districts of Constitución, Palcazú and Puerto Bermúdez in the province of Oxapampa in the department of Pasco for 60 calendar days, and subsequent declarations and extension of a state of emergency in the aforementioned areas and in the districts of Raimondi, Sepahua and Tahuanía in the province of Atalaya in the department of Ucayali from April 2021 to April 2023. (See C.N.115.2023 .TREATIES-IV.4 of 26 April 2023 for the text of the notification.)","The Secretary-General received from the Government of Peru a notification dated 16 February 2023, made under article 4 (3) of the above Covenant, regarding the declaration of a state of emergency through Supreme Decree N"
Perú,Peru,2023-04-17,2023,declaración,estado de emergencia,directo,C.N.116.2023,https://treaties.un.org/doc/Publication/CN/2023/CN.116.2023-Eng.pdf,ONU_PIDCP_art4,"The Secretary-General received from the Government of Peru a notification dated 12 April 2023, made under article 4 (3) of the above Covenant, regarding the declaration of the state of emergency by Supreme Decree No. 046-2023-PCM of 6 April 2023 in the districts of Tambopata, Inambari, Las Piedras and Laberinto in the province of Tambopata; and in the districts of Madre de Dios and Huepetuhe in the province of Manu in the department of Madre de Dios, for a period of 60 calendar days starting on 7 April 2023. (See C.N.116.2023 .TREATIES-IV.4 of 26 April 2023 for the text of the notification.)","The Secretary-General received from the Government of Peru a notification dated 12 April 2023, made under article 4 (3) of the above Covenant, regarding the declaration of the state of emergency by Supreme Decree No. 046"
Perú,Peru,2023-04-17,2023,extensión,estado de emergencia,directo,C.N.117.2023,https://treaties.un.org/doc/Publication/CN/2023/CN.117.2023-Eng.pdf,ONU_PIDCP_art4,"The Secretary-General received from the Government of Peru a notification dated 12 April 2023, made under article 4 (3) of the above Covenant, regarding the extension of the state of emergency by Supreme Decree No. 047-2023-PCM of 6 April 2023 in the districts of Tambopata, Inambari, Las Piedras and Laberinto in the province of Tambopata; and in the department of Puno, for a period of 60 calendar days starting on 7 April 2023. (See C.N.117.2023 .TREATIES-IV.4 of 26 April 2023 for the text of the notification.)","The Secretary-General received from the Government of Peru a notification dated 12 April 2023, made under article 4 (3) of the above Covenant, regarding the extension of the state of emergency by Supreme Decree No. 047-2"
Perú,Peru,2023-04-17,2023,extensión,estado de emergencia,directo,C.N.118.2023,https://treaties.un.org/doc/Publication/CN/2023/CN.118.2023-Eng.pdf,ONU_PIDCP_art4,"The Secretary-General received from the Government of Peru a notification dated 14 April 2023, made under article 4 (3) of the above Covenant, regarding the extension of the state of emergency by Supreme Decree No. 048-2023-PCM of 9 April 2023 in the districts of Puerto Inca, Tournavista, Yuyapichis and Codo del Pozuzo in the province of Puerto Inca in the department of Huánuco; in the districts of Constitución and Puerto Bermúdez in the province of Oxapampa in the department of Pasco; and in the district of Sepahua in the province of Atalaya in the department of Ucayali; and declared a state of emergency in the district of Palcazú in the province of Oxapampa in the department of Pasco, for a period of 60 calendar days starting on 11 April 2023. (See C.N.118.2023 .TREATIES-IV.4 of 26 April 2023 for the text of the notification.)","The Secretary-General received from the Government of Peru a notification dated 14 April 2023, made under article 4 (3) of the above Covenant, regarding the extension of the state of emergency by Supreme Decree No. 048-2"
Perú,Peru,2023-04-17,2023,extensión,estado de emergencia,directo,C.N.119.2023,https://treaties.un.org/doc/Publication/CN/2023/CN.119.2023-Eng.pdf,ONU_PIDCP_art4,"The Secretary-General received from the Government of Peru a notification dated 9 April 2023, made under article 4 (3) of the above Covenant, regarding the extension of the state of emergency by Supreme Decree No. 049-2023-PCM of 6 April 2023 in the provinces of Huanta and La Mar in the department of Ayacucho; in the provinces of Tayacaja and Churcampa in the department of Huancavelica; in the province of La Convención in the department of Cusco; in the provinces of Satipo, Concepción and Huancayo in the department of Junín; and in the town of Yuveni in the district of Vilcabamba in the province of La Convención in the department of Cusco, for a period of 60 calendar days, from 12 April to 10 June 2023. (See C.N.119.2023 .TREATIES-IV.4 of 26 April 2023 for the text of the notification.)","The Secretary-General received from the Government of Peru a notification dated 9 April 2023, made under article 4 (3) of the above Covenant, regarding the extension of the state of emergency by Supreme Decree No. 049-20"
Perú,Peru,2023-04-17,2023,extensión,estado de emergencia,directo,C.N.120.2023,https://treaties.un.org/doc/Publication/CN/2023/CN.120.2023-Eng.pdf,ONU_PIDCP_art4,"The Secretary-General received from the Government of Peru a notification dated 14 April 2023, made under article 4 (3) of the above Covenant, regarding the extension of the state of emergency by Supreme Decree No. 050-2023-PCM of 14 April 2023 in the provinces of Putumayo and Mariscal Castilla of the department of Loreto, for a period of 60 calendar days starting on 19 April 2023. The measure was declared owing to the illegal activities of criminal organizations involved in illicit drug trafficking and related offences. (See C.N.120.2023 .TREATIES-IV.4 of 26 April 2023 for the text of the notification.)","The Secretary-General received from the Government of Peru a notification dated 14 April 2023, made under article 4 (3) of the above Covenant, regarding the extension of the state of emergency by Supreme Decree No. 050-2"
Perú,Peru,2023-04-25,2023,extensión,estado de emergencia,directo,C.N.121.2023,https://treaties.un.org/doc/Publication/CN/2023/CN.121.2023-Eng.pdf,ONU_PIDCP_art4,"The Secretary-General received from the Government of Peru a notification dated 24 April 2023, made under article 4 (3) of the above Covenant, regarding the extension of the state of emergency declared through Supreme Decree No. 051-2023-PCM, dated 14 April 2023, has extended the state of emergency declared in the vicinities of the following highways of the national road network: the Carretera Panamericana Sur (Southern Pan-American Highway), Carretera Panamericana Norte (Northern Pan-American Highway), Carretera Central (Central Highway), Corredor Vial Sur Apurímac-Cusco-Arequipa (Apurímac-Cusco-Arequipa Southern Road Corridor) and Corredor Vial Interoceánica Sur (Southern Interoceanic Road Corridor), for a term of 30 calendar days, beginning on 15 April 2023. (See C.N.121.2023 .TREATIES-IV.4 of 26 April 2023 for the text of the notification.)","The Secretary-General received from the Government of Peru a notification dated 24 April 2023, made under article 4 (3) of the above Covenant, regarding the extension of the state of emergency declared through Supreme De"
Perú,Peru,2023-04-25,2023,extensión,estado de emergencia,directo,C.N.122.2023,https://treaties.un.org/doc/Publication/CN/2023/CN.122.2023-Eng.pdf,ONU_PIDCP_art4,"The Secretary-General received from the Government of Peru a notification dated 23 march 2023, made under article 4 (3) of the above Covenant, regarding the extension of the state of emergency by Supreme Decree No. 053-2023-PCM, dated 19 April 2023 in the Department of La Libertad for a period of 30 calendar days beginning on 20 April 2023. (See C.N.122.2023 .TREATIES-IV.4 of 26 April 2023 for the text of the notification.)","The Secretary-General received from the Government of Peru a notification dated 23 march 2023, made under article 4 (3) of the above Covenant, regarding the extension of the state of emergency by Supreme Decree No. 053-2"
Perú,Peru,2023-05-02,2023,declaración,estado de emergencia,directo,C.N.127.2023,https://treaties.un.org/doc/Publication/CN/2023/CN.127.2023-Eng.pdf,ONU_PIDCP_art4,"The Secretary-General received from the Government of Peru a notification dated 1 May 2023, made under article 4 (3) of the above Covenant, regarding the declaration of a state of emergency by Supreme Decree No. 055-2023-PCM of 27 April 2023, for a period of 60 calendar days starting on 28 April 2023, in the province of Zarumilla in the department of Tumbes; in districts of the provinces of Sullana, Ayabaca and Huancabamba in the department of Piura; in districts of the province of San Ignacio in the department of Cajamarca; in the district of El Cenepa in the province of Condorcanqui in the department of Amazonas; in districts of the provinces of Maynas, Loreto and Datem del Marañón in the department of Loreto; in the province of Tahuamanu in the department of Madre de Dios and in districts of the provinces of Tarata and Tacna in the department of Tacna. (See C.N.127.2023 .TREATIES-IV.4 of 5 May 2023 for the text of the notification.)","The Secretary-General received from the Government of Peru a notification dated 1 May 2023, made under article 4 (3) of the above Covenant, regarding the declaration of a state of emergency by Supreme Decree No. 055-2023"
Perú,Peru,2023-05-17,2023,extensión,estado de emergencia,directo,C.N.133.2023,https://treaties.un.org/doc/Publication/CN/2023/CN.133.2023-Eng.pdf,ONU_PIDCP_art4,"The Secretary-General received from the Government of Peru a notification dated 16 May 2023, made under article 4 (3) of the above Covenant, regarding the extension of the state of emergency declared through Supreme Decree No. 060-2023-PCM, dated 12 May 2023, has extended the state of emergency declared in the Apurímac-Cusco-Arequipa Southern Road Corridor and Southern Interoceanic Road Corridor, for a term of sixty (60) calendar days, beginning on 15 May 2023. (See C.N.133.2023 .TREATIES-IV.4 of 26 April 2023 for the text of the notification.)","The Secretary-General received from the Government of Peru a notification dated 16 May 2023, made under article 4 (3) of the above Covenant, regarding the extension of the state of emergency declared through Supreme Decr"
El Salvador,El Salvador,2023-05-19,2023,extensión,estado de emergencia,heredado,C.N.137.2023,https://treaties.un.org/doc/Publication/CN/2023/CN.137.2023-Eng.pdf,ONU_PIDCP_art4,"The Secretary-General received from the Government of El Salvador a notification dated 19 May 2023, made under article 4 (3) of the above Covenant, regarding the extensions of the state of national emergency by Legislative Decrees No. 569 of 15 November 2022, No. 611 of 14 December 2022, No. 644 of 11 January 2023, No. 661 of 14 February 2023, No. 687 of 15 March 2023 and No. 719 of 13 April 2023, for a period of 30 days each. (See C.N.137.2023 .TREATIES-IV.4 of 22 May 2023 for the text of the notification.)","The Secretary-General received from the Government of El Salvador a notification dated 19 May 2023, made under article 4 (3) of the above Covenant, regarding the extensions of the state of national emergency by Legislati"
Perú,Peru,2023-05-25,2023,extensión,estado de emergencia,directo,C.N.143.2023,https://treaties.un.org/doc/Publication/CN/2023/CN.143.2023-Eng.pdf,ONU_PIDCP_art4,"The Secretary-General received from the Government of Peru a notification dated 24 May 2023, made under article 4 (3) of the above Covenant, regarding the extension of the state of emergency by Supreme Decree No. 063-2023-PCM of 19 May 2023 in the Department of La Libertad for a period of 30 calendar days beginning on 20 May 2023. (See C.N.143.2023 .TREATIES-IV.4 of 26 May 2023 for the text of the notification.)","The Secretary-General received from the Government of Peru a notification dated 24 May 2023, made under article 4 (3) of the above Covenant, regarding the extension of the state of emergency by Supreme Decree No. 063-202"
Perú,Peru,2023-06-08,2023,extensión,estado de emergencia,directo,C.N.158.2023,https://treaties.un.org/doc/Publication/CN/2023/CN.158.2023-Eng.pdf,ONU_PIDCP_art4,"The Secretary-General received from the Government of Peru a notification dated 7 June 2023, made under article 4 (3) of the above Covenant, regarding the extension of the state of emergency by Supreme Decree No. 070-2023-PCM, dated 4 June 2023 in the department of Puno, for a period of 60 calendar days starting on 6 June 2023. (See C.N.158.2023 .TREATIES-IV.4 of 8 June 2023 for the text of the notification.)","The Secretary-General received from the Government of Peru a notification dated 7 June 2023, made under article 4 (3) of the above Covenant, regarding the extension of the state of emergency by Supreme Decree No. 070-202"
Perú,Peru,2023-06-08,2023,declaración,estado de emergencia,directo,C.N.161.2023,https://treaties.un.org/doc/Publication/CN/2023/CN.161.2023-Eng.pdf,ONU_PIDCP_art4,"The Secretary-General received from the Government of Peru a notification dated 7 June 2023, made under article 4 (3) of the above Covenant, regarding the declaration of the state of emergency by Supreme Decree No. 046-2023-PCM in the districts of Tambopata, Inambari, Las Piedras and Laberinto in the province of Tambopata; and in the districts of Madre de Dios and Huepetuhe in the province of Manu in the department of Madre de Dios, for a period of sixty (60) calendar days starting on 6 June 2023. (See C.N.161.2023 .TREATIES-IV.4 of 9 June 2023 for the text of the notification.)","The Secretary-General received from the Government of Peru a notification dated 7 June 2023, made under article 4 (3) of the above Covenant, regarding the declaration of the state of emergency by Supreme Decree No. 046-2"
Perú,Peru,2023-06-08,2023,extensión,estado de emergencia,directo,C.N.162.2023,https://treaties.un.org/doc/Publication/CN/2023/CN.162.2023-Eng.pdf,ONU_PIDCP_art4,"The Secretary-General received from the Government of Peru a notification dated 7 June 2023, made under article 4 (3) of the above Covenant, regarding the extension of the state of emergency, by Supreme Decree No. 069-2023-PCM of 3 June 2023, in the districts of the provinces of Huanta and La Mar (Department of Ayacucho), in the provinces of Tayacaja and Churcampa (Department of Huancavelica), in the province of La Convención (Department of Cusco), in the provinces of Satipo, Concepción and Huancayo (Department of Junín), and in the Centro Poblado de Yuveni in the district of Vilcabamba of the province of La Convención (Department of Cusco) for a period of 60 calendar days from 11 June 2023. (See C.N.162.2023 .TREATIES-IV.4 of 9 juin 2023 for the text of the notification.)","The Secretary-General received from the Government of Peru a notification dated 7 June 2023, made under article 4 (3) of the above Covenant, regarding the extension of the state of emergency, by Supreme Decree No. 069-20"
Perú,Peru,2023-06-19,2023,extensión,estado de emergencia,directo,C.N.193.2023,https://treaties.un.org/doc/Publication/CN/2023/CN.193.2023-Eng.pdf,ONU_PIDCP_art4,"The Secretary-General received from the Government of Peru a notification dated 19 June 2023, made under article 4 (3) of the above Covenant, regarding the extension of the state of emergency by Supreme Decree No. 071-2023-PCM, for a period of 60 calendar days starting on 10 June 2023. (See C.N.193.2023 .TREATIES-IV.4 of 27 June 2023 for the text of the notification.)","The Secretary-General received from the Government of Peru a notification dated 19 June 2023, made under article 4 (3) of the above Covenant, regarding the extension of the state of emergency by Supreme Decree No. 071-20"
Perú,Peru,2023-07-17,2023,extensión,estado de emergencia,directo,C.N.214.2023,https://treaties.un.org/doc/Publication/CN/2023/CN.214.2023-Eng.pdf,ONU_PIDCP_art4,"The Secretary-General received from the Government of Peru a notification dated 14 July 2023, made under article 4 (3) of the above Covenant, regarding the extension of the state of emergency by Supreme Decree No. 077-2023-PCM of 23 June 2023 in the province of Zarumilla in the department of Tumbes; in districts of the provinces of Sullana, Ayabaca and Huancabamba in the department of Piura; in districts of the province of San Ignacio in the department of Cajamarca; in the district of El Cenepa in the province of Condorcanqui in the department of Amazonas; in the district of Torres Causana in the province of Maynas in the department of Loreto; in the province of Tahuamanu in the department of Madre de Dios and in districts of the provinces of Tarata and Tacna in the department of Tacna, for a period of 60 calendar days beginning on 27 June 2023. (See C.N.214.2023 .TREATIES-IV.4 of 21 July 2023 for the text of the notification.)","The Secretary-General received from the Government of Peru a notification dated 14 July 2023, made under article 4 (3) of the above Covenant, regarding the extension of the state of emergency by Supreme Decree No. 077-20"
Perú,Peru,2023-07-17,2023,extensión,estado de emergencia,directo,C.N.213.2023,https://treaties.un.org/doc/Publication/CN/2023/CN.213.2023-Eng.pdf,ONU_PIDCP_art4,"The Secretary-General received from the Government of Peru a notification dated 14 July 2023, made under article 4 (3) of the above Covenant, regarding the extension of the state of emergency by Supreme Decree No. 074-2023-PCM of 16 June 2023 in the Department of La Libertad for a period of 30 calendar days beginning on 19 June 2023. (See C.N.213.2023 .TREATIES-IV.4 of 21 July 2023 for the text of the notification.)","The Secretary-General received from the Government of Peru a notification dated 14 July 2023, made under article 4 (3) of the above Covenant, regarding the extension of the state of emergency by Supreme Decree No. 074-20"
Perú,Peru,2023-07-17,2023,extensión,estado de emergencia,directo,C.N.212.2023,https://treaties.un.org/doc/Publication/CN/2023/CN.212.2023-Eng.pdf,ONU_PIDCP_art4,"The Secretary-General received from the Government of Peru a notification dated 14 July 2023, made under article 4 (3) of the above Covenant, regarding the extension of the state of emergency by Supreme Decree No. 073-2023-PCM of 16 June 2023 in the provinces of Putumayo and Mariscal Castilla of the department of Loreto for a period of 60 calendar days starting on 18 June 2023. (See C.N.212.2023 .TREATIES-IV.4 of 21 July 2023 for the text of the notification.)","The Secretary-General received from the Government of Peru a notification dated 14 July 2023, made under article 4 (3) of the above Covenant, regarding the extension of the state of emergency by Supreme Decree No. 073-20"
Perú,Peru,2023-07-21,2023,extensión,estado de emergencia,directo,C.N.217.2023,https://treaties.un.org/doc/Publication/CN/2023/CN.217.2023-Eng.pdf,ONU_PIDCP_art4,"The Secretary-General received from the Government of Peru a notification dated 20 July 2023, made under article 4 (3) of the above Covenant, regarding the extension of the state of emergency by Supreme Decree No. 081-2023-PCM of 18 July 2023 in the Department of La Libertad for a period of 30 calendar days beginning on 19 July 2023. (See C.N.217.2023 .TREATIES-IV.4 of 24 July 2023 for the text of the notification.)","The Secretary-General received from the Government of Peru a notification dated 20 July 2023, made under article 4 (3) of the above Covenant, regarding the extension of the state of emergency by Supreme Decree No. 081-20"
Perú,Peru,2023-07-21,2023,extensión,estado de emergencia,directo,C.N.216.2023,https://treaties.un.org/doc/Publication/CN/2023/CN.216.2023-Eng.pdf,ONU_PIDCP_art4,"The Secretary-General received from the Government of Peru a notification dated 20 July 2023, made under article 4 (3) of the above Covenant, regarding the extension of the state of emergency in Corredor Vial Sur Apurímac-Cusco-Arequipa (Apurímac-Cusco-Arequipa Southern Road Corridor) and Corredor Vial Interoceánica Sur (Southern Interoceanic Road Corridor), including the five hundred (500) metres adjacent to each side of these roads, and regarding the declaration of a state of national emergency on Carretera Panamericana Norte (Northern Pan-American Highway), Carretera Panamericana Sur (Southern Pan-American Highway), Carretera Central (Central Highway), Via Los Libertadores, Fernando Belaúnde Terry Highway, Federico Basadre Highway, Carretera Binacional (Puno-Tacna) and on the Departmental or Regional Road Networks, including the five hundred (500) metres adjacent to each side of these road networks by Supreme Decree No. 080-2023-PCM of 13 July 2023 2023 for a period of 30 calendar days beginning on 14 July 2023. (See C.N.216.2023 .TREATIES-IV.4 of 24 July 2023 for the text of the notification.)","The Secretary-General received from the Government of Peru a notification dated 20 July 2023, made under article 4 (3) of the above Covenant, regarding the extension of the state of emergency in Corredor Vial Sur Apuríma"
Ecuador,Ecuador,2023-07-27,2023,declaración,estado de emergencia,directo,C.N.228.2023,https://treaties.un.org/doc/Publication/CN/2023/CN.228.2023-Eng.pdf,ONU_PIDCP_art4,"The Secretary-General received from the Government of Ecuador a notification dated 27 July 2023, made under article 4 (3) of the above Covenant, regarding the declaration of a state of emergency owing to serious internal unrest in all the national social rehabilitation system’s detention centres, without exception, for a period of 60 days by Executive Decree No. 823 of 24 July 2023. (See depositary notification C.N.228.2023 .TREATIES-IV.4 of 4 August 2023 for the text of the notification.)","The Secretary-General received from the Government of Ecuador a notification dated 27 July 2023, made under article 4 (3) of the above Covenant, regarding the declaration of a state of emergency owing to serious internal"
Ecuador,Ecuador,2023-07-27,2023,declaración,estado de emergencia,directo,C.N.229.2023,https://treaties.un.org/doc/Publication/CN/2023/CN.229.2023-Eng.pdf,ONU_PIDCP_art4,"The Secretary-General received from the Government of Ecuador a notification dated 27 July 2023, made under article 4 (3) of the above Covenant, regarding the declaration of a state of emergency owing to serious internal unrest in the canton of Durán, which is in the province of Guayas, and in the provinces of Manabí and Los Ríos, for a period of 60 days by Executive Decree No. 824 of 24 July 2023. (See depositary notification C.N.229.2023 .TREATIES-IV.4 of 4 August 2023 for the text of the notification.)","The Secretary-General received from the Government of Ecuador a notification dated 27 July 2023, made under article 4 (3) of the above Covenant, regarding the declaration of a state of emergency owing to serious internal"
Perú,Peru,2023-08-09,2023,extensión,estado de emergencia,directo,C.N.230.2023,https://treaties.un.org/doc/Publication/CN/2023/CN.230.2023-Eng.pdf,ONU_PIDCP_art4,"The Secretary-General received from the Government of Peru a notification dated 7 August 2023, made under article 4 (3) of the above Covenant, regarding the extension of the state of emergency in the districts of Tambopata, Inambari, Las Piedras and Laberinto in the province of Tambopata; and in the districts of Madre de Dios and Huepetuhe in the province of Manu in the department of Madre de Dios, by Supreme Decree No. 086-2023-PCM of 3 August 2023 for a period of 60 calendar days starting on 5 August 2023. (See C.N.230.2023 .TREATIES-IV.4 of 10 August 2023 for the text of the notification.)","The Secretary-General received from the Government of Peru a notification dated 7 August 2023, made under article 4 (3) of the above Covenant, regarding the extension of the state of emergency in the districts of Tambopa"
Perú,Peru,2023-08-09,2023,extensión,estado de emergencia,directo,C.N.231.2023,https://treaties.un.org/doc/Publication/CN/2023/CN.231.2023-Eng.pdf,ONU_PIDCP_art4,"The Secretary-General received from the Government of Peru a notification dated 7 August 2023, made under article 4 (3) of the above Covenant, regarding the extension of the state of emergency in the districts of Puerto Inca, Tournavista, Yuyapichis and Codo del Pozuzo in the province of Puerto Inca (department of Huánuco), in the districts of Constitución and Puerto Bermúdez in the province of Oxapampa (department of Pasco) and in the district of Sepahua in the province of Atalaya (department of Ucayali) for a period of 60 calendar days starting on 9 August 2023 and the extension of the state of emergency in the district of Palcazú in the province of Oxapampa (department of Pasco) for a period of 60 calendar days starting on 8 August 2023. (See C.N.231.2023 .TREATIES-IV.4 of 10 August 2023 for the text of the notification.)","The Secretary-General received from the Government of Peru a notification dated 7 August 2023, made under article 4 (3) of the above Covenant, regarding the extension of the state of emergency in the districts of Puerto "
Ecuador,Ecuador,2023-08-10,2023,declaración,estado de emergencia,directo,C.N.236.2023,https://treaties.un.org/doc/Publication/CN/2023/CN.236.2023-Eng.pdf,ONU_PIDCP_art4,"The Secretary-General received from the Government of Ecuador a notification dated 10 August 2023, made under article 4 (3) of the above Covenant, regarding the declaration of a state of emergency for a period of 60 days by Executive Decree No. 841 of 10 August 2023 owing to serious internal unrest across the country. (See depositary notification C.N.236.2023 .TREATIES-IV.4 of 17 August 2023 for the text of the notification.)","The Secretary-General received from the Government of Ecuador a notification dated 10 August 2023, made under article 4 (3) of the above Covenant, regarding the declaration of a state of emergency for a period of 60 days"
Perú,Peru,2023-08-10,2023,extensión,estado de emergencia,directo,C.N.233.2023,https://treaties.un.org/doc/Publication/CN/2023/CN.233.2023-Eng.pdf,ONU_PIDCP_art4,"The Secretary-General received from the Government of Peru a notification dated 10 August 2023, made under article 4 (3) of the above Covenant, regarding the extension of a state of emergency, by Supreme Decree 088-2023 of 3 August 2023, for a period of 60 calendar days starting on 10 August 2023. (See C.N.233.2023 .TREATIES-IV.4 of 15 August 2023 for the text of the notification and the location of the state of emergency.)","The Secretary-General received from the Government of Peru a notification dated 10 August 2023, made under article 4 (3) of the above Covenant, regarding the extension of a state of emergency, by Supreme Decree 088-2023 "
Chile,Chile,2023-08-14,2023,extensión,estado de emergencia,directo,C.N.464.2023,https://treaties.un.org/doc/Publication/CN/2023/CN.464.2023-Eng.pdf,ONU_PIDCP_art4,"The Secretary-General received from the Government of Chile a notification dated 14 August 2023, made under article 4 (3) of the above Covenant, regarding the declaration of the state of emergency in the Chilean territory since 17 May 2022, pursuant to Supreme Decree No. 189 of 2022, and its extensions. The extensions have been ordered for consecutive periods of 15 days, by Supreme Decrees Nos. 199, 214, 219, 223, 231, 242, 245, 270, 285, 296, 307, 320, 335, 356 and 365 of 2022, and Nos. 12, 40, 47, 81, 93, 100, 112, 122, 134, 143, 158, 166, 182, 192 and 203 of 2023, all issued by the Ministry of the Interior and Public Security. In addition, the aforementioned Supreme Decree No. 189 was amended by Supreme Decrees Nos. 262 of 2022 and 156 of 2023. The latest extension, declared by Supreme Decree No. 203 of 9 August 2023 for an additional period of 15 days from the end of the period established by the previous extension, is in force up to 24 August 2023. (See C.N.464.2023 .TREATIES-IV.4 of 9 November 2023 for the text of the notification.)","The Secretary-General received from the Government of Chile a notification dated 14 August 2023, made under article 4 (3) of the above Covenant, regarding the declaration of the state of emergency in the Chilean territor"
Ecuador,Ecuador,2023-08-15,2023,declaración,estado de emergencia,heredado,C.N.238.2023,https://treaties.un.org/doc/Publication/CN/2023/CN.238.2023-Eng.pdf,ONU_PIDCP_art4,"The Secretary-General received from the Government of Ecuador a notification dated 14 August 2023, made under article 4 (3) of the above Covenant, regarding Executive Decree No. 843 of 10 August 2023. (See depositary notification C.N.238.2023 .TREATIES-IV.4 of 17 August 2023 for the text of the notification.)","The Secretary-General received from the Government of Ecuador a notification dated 14 August 2023, made under article 4 (3) of the above Covenant, regarding Executive Decree No. 843 of 10 August 2023. (See depositary not"
Perú,Peru,2023-08-29,2023,extensión,estado de emergencia,directo,C.N.257.2023,https://treaties.un.org/doc/Publication/CN/2023/CN.257.2023-Eng.pdf,ONU_PIDCP_art4,"The Secretary-General received from the Government of Peru a notification dated 28 August 2023, made under article 4 (3) of the above Covenant, regarding the extension of the state of emergency by Supreme Decree No. 095-2023-PCM of 16 August 2023 in the province of Pataz in the department of La Libertad for a period of 30 calendar days starting on 18 August 2023. (See C.N.257.2023 .TREATIES-IV.4 of 29 August 2023 for the text of the notification.)","The Secretary-General received from the Government of Peru a notification dated 28 August 2023, made under article 4 (3) of the above Covenant, regarding the extension of the state of emergency by Supreme Decree No. 095-"
Perú,Peru,2023-08-29,2023,extensión,estado de emergencia,directo,C.N.258.2023,https://treaties.un.org/doc/Publication/CN/2023/CN.258.2023-Eng.pdf,ONU_PIDCP_art4,"The Secretary-General received from the Government of Peru a notification dated 28 August 2023, made under article 4 (3) of the above Covenant, regarding the extension of the state of emergency by Supreme Decree No. 096-2023-PCM of 16 August 2023 in the provinces of Putumayo and Mariscal Castilla of the department of Loreto for a period of 60 calendar days starting on 17 August 2023. (See C.N.258.2023 .TREATIES-IV.4 of 29 August 2023 for the text of the notification.)","The Secretary-General received from the Government of Peru a notification dated 28 August 2023, made under article 4 (3) of the above Covenant, regarding the extension of the state of emergency by Supreme Decree No. 096-"
Perú,Peru,2023-08-29,2023,extensión,estado de emergencia,directo,C.N.259.2023,https://treaties.un.org/doc/Publication/CN/2023/CN.259.2023-Eng.pdf,ONU_PIDCP_art4,"The Secretary-General received from the Government of Peru a notification dated 28 August 2023, made under article 4 (3) of the above Covenant, regarding the extension of the state of emergency by Supreme Decree No. 098-2023-PCM of 24 August 2023 in the province of Zarumilla in the department of Tumbes; in districts of the provinces of Sullana, Ayabaca and Huancabamba in the department of Piura; in districts of the province of San Ignacio in the department of Cajamarca; in the district of El Cenepa in the province of Condorcanqui in the department of Amazonas; in the district of Torres Causana in the province of Maynas in the department of Loreto; in the province of Tahuamanu in the department of Madre de Dios and in districts of the provinces of Tarata and Tacna in the department of Tacna, for a period of 30 calendar days beginning on 26 August 2023. (See C.N.259.2023 .TREATIES-IV.4 of 29 August 2023 for the text of the notification.)","The Secretary-General received from the Government of Peru a notification dated 28 August 2023, made under article 4 (3) of the above Covenant, regarding the extension of the state of emergency by Supreme Decree No. 098-"
Perú,Peru,2023-09-26,2023,extensión,estado de emergencia,directo,C.N.391.2023,https://treaties.un.org/doc/Publication/CN/2023/CN.391.2023-Eng.pdf,ONU_PIDCP_art4,"The Secretary-General received from the Government of Peru a notification dated 26 September 2023, made under article 4 (3) of the above Covenant, regarding the extension of the state of emergency by Supreme Decree No. 090-2023-PCM, dated 4 August 2023, in the department of Puno for a period of 30 calendar days starting on 5 August 2023. (See C.N.391.2023 .TREATIES-IV.4 of 28 September 2023 for the text of the notification.)","The Secretary-General received from the Government of Peru a notification dated 26 September 2023, made under article 4 (3) of the above Covenant, regarding the extension of the state of emergency by Supreme Decree No. 0"
Perú,Peru,2023-09-26,2023,extensión,estado de emergencia,directo,C.N.392.2023,https://treaties.un.org/doc/Publication/CN/2023/CN.392.2023-Eng.pdf,ONU_PIDCP_art4,"The Secretary-General received from the Government of Peru a notification dated 26 September 2023, made under article 4 (3) of the above Covenant, regarding the extension of the state of emergency by Supreme Decree No. 102-2023-PCM of 13 September 2023 in the province of Pataz in the department of La Libertad for a period of 30 calendar days starting on 17 September 2023. (See C.N.392.2023 .TREATIES-IV.4 of 28 September 2023 for the text of the notification.)","The Secretary-General received from the Government of Peru a notification dated 26 September 2023, made under article 4 (3) of the above Covenant, regarding the extension of the state of emergency by Supreme Decree No. 1"
Perú,Peru,2023-09-26,2023,declaración,estado de emergencia,directo,C.N.394.2023,https://treaties.un.org/doc/Publication/CN/2023/CN.394.2023-Eng.pdf,ONU_PIDCP_art4,"The Secretary-General received from the Government of Peru a notification dated 26 September 2023, made under article 4 (3) of the above Covenant, regarding the declaration of a state of emergency by Supreme Decree No. 105-2023-PCM of 19 September 2023 districts of San Martín de Porres and San Juan de Lurigancho in the province of Lima (Department of Lima) and in the districts of Sullana, Bellavista, Marcavelica, Salitral, Querecotillo, Ignacio Escudero and Miguel Checa in the province of Sullana (Department of Piura), for a period of 60 calendar days beginning on 20 September 2023. (See C.N.394.2023 .TREATIES-IV.4 of 28 September 2023 for the text of the notification.)","The Secretary-General received from the Government of Peru a notification dated 26 September 2023, made under article 4 (3) of the above Covenant, regarding the declaration of a state of emergency by Supreme Decree No. 1"
Perú,Peru,2023-10-10,2023,extensión,estado de emergencia,directo,C.N.447.2023,https://treaties.un.org/doc/Publication/CN/2023/CN.447.2023-Eng.pdf,ONU_PIDCP_art4,"The Secretary-General received from the Government of Peru a notification dated 9 October 2023, made under article 4 (3) of the above Covenant. By Supreme Decree No. 106-2023-PCM, dated 24 September 2023, the Government of Peru extended the state of emergency declared in the province of Zarumilla in the department of Tumbes; in districts of the provinces of Sullana, Ayabaca and Huancabamba in the department of Piura; in districts of the province of San Ignacio in the department of Cajamarca; in the district of El Cenepa in the province of Condorcanqui in the department of Amazonas; in the district of Torres Causana of the province of Maynas in the department of Loreto; in the province of Tahuamanu in the department of Madre de Dios and in districts of the provinces of Tarata and Tacna in the department of Tacna, for a period of 60 calendar days, starting on 25 September 2023. (See C.N.447.2023 .TREATIES-IV.4 of 13 October 2023 for the text of the notification.)","The Secretary-General received from the Government of Peru a notification dated 9 October 2023, made under article 4 (3) of the above Covenant. By Supreme Decree No. 106-2023-PCM, dated 24 September 2023, the Government "
Perú,Peru,2023-10-10,2023,extensión,estado de emergencia,directo,C.N.448.2023,https://treaties.un.org/doc/Publication/CN/2023/CN.448.2023-Eng.pdf,ONU_PIDCP_art4,"The Secretary-General received from the Government of Peru a notification dated 9 October 2023, made under article 4 (3) of the above Covenant. Through Supreme Decree No. 108-2023-PCM, dated 3 October 2023, the Government of Peru extended the state of emergency in the districts of Tambopata, Inambari, Las Piedras and Laberinto in the province of Tambopata; and in the districts of Madre de Dios and Huepetuhe in the province of Manu in the department of Madre de Dios, for a period of 60 calendar days starting on 4 October 2023. (See C.N.448.2023 .TREATIES-IV.4 of 13 October 2023 for the text of the notification.)","The Secretary-General received from the Government of Peru a notification dated 9 October 2023, made under article 4 (3) of the above Covenant. Through Supreme Decree No. 108-2023-PCM, dated 3 October 2023, the Governmen"
Perú,Peru,2023-10-10,2023,extensión,estado de emergencia,directo,C.N.449.2023,https://treaties.un.org/doc/Publication/CN/2023/CN.449.2023-Eng.pdf,ONU_PIDCP_art4,"The Secretary-General received from the Government of Peru a notification dated 9 October 2023, made under article 4 (3) of the above Covenant. Through Supreme Decree No. 109-2023-PCM, dated 3 October 2023, the Government of Peru extended the state of emergency declared in the districts of Puerto Inca, Tournavista, Yuyapichis and Codo del Pozuzo in the province of Puerto Inca in the department of Huánuco; in the districts of Constitución, Puerto Bermúdez and Palcazúin the province of Oxapampa in the department of Pasco; and in the district of Sepahua in the province of Atalaya in the department of Ucayali, for a period of 60 calendar days starting on 8 October 2023; and extended the state of emergency declared in the district of Palcazú in the province of Oxapampa in the department of Pasco for a period of 60 calendar days starting on 7 October 2023. (See C.N.449.2023 .TREATIES-IV.4 of 13 October 2023 for the text of the notification.)","The Secretary-General received from the Government of Peru a notification dated 9 October 2023, made under article 4 (3) of the above Covenant. Through Supreme Decree No. 109-2023-PCM, dated 3 October 2023, the Governmen"
Perú,Peru,2023-10-10,2023,extensión,estado de emergencia,directo,C.N.450.2023,https://treaties.un.org/doc/Publication/CN/2023/CN.450.2023-Eng.pdf,ONU_PIDCP_art4,"The Secretary-General received from the Government of Peru a notification dated 9 October 2023, made under article 4 (3) of the above Covenant. By Supreme Decree No. 111-2023-PCM, dated 4 October 2023, the Government of Peru has extended the state of emergency in the districts of the provinces of Huanca and La Mar (Department of Ayacucho), in the province of Tayacaja (Department of Huancavelica), in the province of La Convención (Department of Cusco), and in the provinces of Satipo, Concepción and Huancayo (Department of Junín) for a period of 60 calendar days from 9 October 2023. (See C.N.450.2023.Reissued.22012024 .TREATIES-IV.4 of 13 October 2023 for the text of the notification.)","The Secretary-General received from the Government of Peru a notification dated 9 October 2023, made under article 4 (3) of the above Covenant. By Supreme Decree No. 111-2023-PCM, dated 4 October 2023, the Government of "
Chile,Chile,2023-10-13,2023,extensión,estado de emergencia,directo,C.N.465.2023,https://treaties.un.org/doc/Publication/CN/2023/CN.465.2023-Eng.pdf,ONU_PIDCP_art4,"The Secretary-General received from the Government of Chile a notification dated 13 October 2023, made under article 4 (3) of the above Covenant, regarding the extension of the state of emergency in the Chilean territory declared on 17 May 2022 pursuant to Supreme Decree No. 189 of 2022. The aforementioned state of emergency was extended, with the agreement of the National Congress, for periods of 15 days, through Supreme Decrees Nos. 221, 229, 239 and 256 of 2023, all issued by the Ministry of the Interior and Public Security. The latest extension, ordered by Supreme Decree No. 256 of 6 October 2023, issued by the Ministry of the Interior and Public Security, is for an additional period of 15 days from the end of the period established by the previous extension, that is, up to 23 October 2023. On 8 November 2023, the Permanent Mission of Chile provided the following additional information: - Supreme Decree No. 221 extended the state of emergency from 25 August to 8 September 2023; - Supreme Decree No. 229 extended the state of emergency from 9 to 23 September 2023; - Supreme Decree No. 239 extended the state of emergency from 24 September to 8 October 2023; and - Supreme Decree No. 256 extended the state of emergency from 9 to 23 October 2023. (See C.N.465.2023 .TREATIES-IV.4 of 9 November 2023 for the text of the notification.)","The Secretary-General received from the Government of Chile a notification dated 13 October 2023, made under article 4 (3) of the above Covenant, regarding the extension of the state of emergency in the Chilean territory"
Perú,Peru,2023-11-08,2023,declaración,estado de emergencia,directo,C.N.469.2023,https://treaties.un.org/doc/Publication/CN/2023/CN.469.2023-Eng.pdf,ONU_PIDCP_art4,"The Secretary-General received from the Government of Peru a notification dated 8 November 2023, made under article 4 (3) of the above Covenant. By Supreme Decree No. 105-2023-PCM, dated 19 September 2023, through which the Government of Peru declared a state of emergency in the districts of San Martín de Porres and San Juan de Lurigancho in the province of Lima (Department of Lima), is modified by Supreme Decree No. 114-2023-PCM, dated 10 October 2023, to include within its scope the districts of Cercado de Lima and Lince, for a period of 60 calendar days beginning on 11 October 2023. (See C.N.469.2023 .TREATIES-IV.4 of 10 November 2023 for the text of the notification.)","The Secretary-General received from the Government of Peru a notification dated 8 November 2023, made under article 4 (3) of the above Covenant. By Supreme Decree No. 105-2023-PCM, dated 19 September 2023, through which "
Perú,Peru,2023-11-08,2023,extensión,estado de emergencia,directo,C.N.466.2023,https://treaties.un.org/doc/Publication/CN/2023/CN.466.2023-Eng.pdf,ONU_PIDCP_art4,"The Secretary-General received from the Government of Peru a notification dated 8 November 2023, made under article 4 (3) of the above Covenant. By Supreme Decree No. 117-2023-PCM, dated 11 October 2023, the Government of Peru extended the state of emergency declared by Supreme Decree No. 009-2023-PCM in Corredor Vial Sur Apurímac-Cusco-Arequipa (Apurímac-Cusco-Arequipa Southern Road Corridor). The extension of the state of emergency is for a period of 60 calendar days, starting on 12 October 2023. (See C.N.466.2023 .TREATIES-IV.4 of 10 November 2023 for the text of the notification.)","The Secretary-General received from the Government of Peru a notification dated 8 November 2023, made under article 4 (3) of the above Covenant. By Supreme Decree No. 117-2023-PCM, dated 11 October 2023, the Government o"
Perú,Peru,2023-11-08,2023,extensión,estado de emergencia,heredado,C.N.467.2023,https://treaties.un.org/doc/Publication/CN/2023/CN.467.2023-Eng.pdf,ONU_PIDCP_art4,"The Secretary-General received from the Government of Peru a notification dated 8 November 2023, made under article 4 (3) of the above Covenant. By Supreme Decree No. 118-2023-PCM, published on 11 October 2023, the Government of Peru extended the state of national emergency declared by Supreme Decree No. 23-2023-PCM in the provinces of Putumayo and Mariscal Castilla of the department of Loreto for a period of 60 calendar days starting on 16 October 2023. The measure was declared owing to the illegal activities of criminal organizations involved in illicit drug trafficking and related offences in the aforementioned provinces. (See C.N.467.2023 .TREATIES-IV.4 of 10 November 2023 for the text of the notification.)","The Secretary-General received from the Government of Peru a notification dated 8 November 2023, made under article 4 (3) of the above Covenant. By Supreme Decree No. 118-2023-PCM, published on 11 October 2023, the Gover"
Perú,Peru,2023-11-08,2023,extensión,estado de emergencia,heredado,C.N.468.2023,https://treaties.un.org/doc/Publication/CN/2023/CN.468.2023-Eng.pdf,ONU_PIDCP_art4,"The Secretary-General received from the Government of Peru a notification dated 8 November 2023, made under article 4 (3) of the above Covenant. By Supreme Decree No. 119-2023-PCM, dated 11 October 2023, the Government of Peru extended the state of national emergency declared by Supreme Decree No. 102-2023-PCM in the province of Pataz in the department of La Libertad for a period of 30 calendar days beginning on 17 October 2023. (See C.N.468.2023 .TREATIES-IV.4 of 10 November 2023 for the text of the notification.)","The Secretary-General received from the Government of Peru a notification dated 8 November 2023, made under article 4 (3) of the above Covenant. By Supreme Decree No. 119-2023-PCM, dated 11 October 2023, the Government o"
Perú,Peru,2023-12-01,2023,extensión,estado de emergencia,heredado,C.N.500.2023,https://treaties.un.org/doc/Publication/CN/2023/CN.500.2023-Eng.pdf,ONU_PIDCP_art4,"Le Secretary-General received from the Government of Peru a notification dated 29 November 2023, made under article 4 (3) of the above Covenant. By Supreme Decree No. 125-2023-PCM, dated 15 November 2023, the Government of Peru extended the state of national emergency declared by Supreme Decree No. 010-2023-PCM in the province of Pataz in the department of La Libertad for a period of 30 calendar days beginning on 16 November 2023. (See C.N.500.2023 .TREATIES-IV.4 of 4 December 2023 for the text of the notification.)","Le Secretary-General received from the Government of Peru a notification dated 29 November 2023, made under article 4 (3) of the above Covenant. By Supreme Decree No. 125-2023-PCM, dated 15 November 2023, the Government "
Perú,Peru,2023-12-01,2023,declaración,estado de emergencia,directo,C.N.501.2023,https://treaties.un.org/doc/Publication/CN/2023/CN.501.2023-Eng.pdf,ONU_PIDCP_art4,"The Secretary-General received from the Government of Peru a notification dated 29 November 2023, made under article 4 (3) of the above Covenant, regarding the declaration of a state of emergency by Supreme Decree No. 126-2023-PCM of 15 november 2023 districts of San Martín de Porres and San Juan de Lurigancho in the province of Lima (Department of Lima) and in the districts of Sullana, Bellavista, Marcavelica, Salitral, Querecotillo, Ignacio Escudero and Miguel Checa in the province of Sullana (Department of Piura), for a period of 60 calendar days beginning on 19 November 2023. (See C.N.501.2023 .TREATIES-IV.4 of 4 December 2023 for the text of the notification.)","The Secretary-General received from the Government of Peru a notification dated 29 November 2023, made under article 4 (3) of the above Covenant, regarding the declaration of a state of emergency by Supreme Decree No. 12"
Perú,Peru,2023-12-05,2023,extensión,estado de emergencia,directo,C.N.503.2023,https://treaties.un.org/doc/Publication/CN/2023/CN.503.2023-Eng.pdf,ONU_PIDCP_art4,"The Secretary-General received from the Government of Peru a notification dated 4 December 2023, made under article 4 (3) of the above Covenant. By Supreme Decree No. 127-2023-PCM, dated 22 November 2023, the Government of Peru extended the state of emergency declared by Supreme Decree No. 055-2023-PCM of 27 April 2023 in the province of Zarumilla in the department of Tumbes; in district of Lancones of the province of Sullana, in the districts of Suyo, Jililí and Ayabaca in the department of Ayabaca and in the district of El Carmen de la Frontera in the province of Huancabamba in the department of Piura; in district of Tarata in the province of Tarata and in the districts of Palca, Tacna and La Yarada-Los Palos in the province of Tacna in the department of Tacna, for a period of 60 calendar days, starting on 24 November 2023. (See C.N.503.2023 .TREATIES-IV.4 of 7 December 2023 for the text of the notification.)","The Secretary-General received from the Government of Peru a notification dated 4 December 2023, made under article 4 (3) of the above Covenant. By Supreme Decree No. 127-2023-PCM, dated 22 November 2023, the Government "
Perú,Peru,2023-12-05,2023,extensión,estado de emergencia,directo,C.N.504.2023,https://treaties.un.org/doc/Publication/CN/2023/CN.504.2023-Eng.pdf,ONU_PIDCP_art4,"The Secretary-General received from the Government of Peru a notification dated 4 December 2023, made under article 4 (3) of the above Covenant. Through Supreme Decree No. 131-2023-PCM, dated 29 November 2023, the Government of Peru extended the state of emergency declared by Supreme Decree No. 046-2023-PCM in the districts of Tambopata, Inambari, Las Piedras and Laberinto in the province of Tambopata; and in the districts of Madre de Dios and Huepetuhe in the province of Manu in the department of Madre de Dios, for a period of 60 calendar days starting on 3 December 2023. (See C.N.504.2023 .TREATIES-IV.4 of 7 December 2023 for the text of the notification.)","The Secretary-General received from the Government of Peru a notification dated 4 December 2023, made under article 4 (3) of the above Covenant. Through Supreme Decree No. 131-2023-PCM, dated 29 November 2023, the Govern"
Perú,Peru,2023-12-12,2023,extensión,estado de emergencia,directo,C.N.507.2023,https://treaties.un.org/doc/Publication/CN/2023/CN.507.2023-Eng.pdf,ONU_PIDCP_art4,"The Secretary-General received from the Government of Peru a notification dated 12 December 2023, made under article 4 (3) of the above Covenant, regarding the extension of the state of emergency, through Supreme Decree No. 132-2023-PCM of 5 December 2023, in the districts of the provinces of Huanca and La Mar (Department of Ayacucho), in the districts of the province of Tayacaja (Department of Huancavelica), in the districts of the province of La Convención (Department of Cusco), and in the districts of the provinces of Satipo, Concepción and Huancayo (Department of Junín), for a period of 60 calendar days from 8 December 2023 to 5 February 2024. (See C.N.507.2023 .TREATIES-IV.4 of 13 December 2023 for the text of the notification.)","The Secretary-General received from the Government of Peru a notification dated 12 December 2023, made under article 4 (3) of the above Covenant, regarding the extension of the state of emergency, through Supreme Decree "
Perú,Peru,2023-12-12,2023,extensión,estado de emergencia,directo,C.N.508.2023,https://treaties.un.org/doc/Publication/CN/2023/CN.508.2023-Eng.pdf,ONU_PIDCP_art4,"The Secretary-General received from the Government of Peru a notification dated 12 December 2023, made under article 4 (3) of the above Covenant, regarding the extension of the state of emergency, by Supreme Decree No. 134-2023-PCM of 6 December 2023, in the districts of Puerto Inca, Tournavista, Yuyapichis and Codo del Pozuzo in the province of Puerto Inca in the department of Huánuco; in the districts of Constitución and Puerto Bermúdez in the province of Oxapampa in the department of Pasco; and in the district of Sepahua in the province of Atalaya in the department of Ucayali, for a period of 60 calendar days starting on 7 December 2023; and in the district of Palcazú in the province of Oxapampa in the department of Pasco for a period of 60 calendar days starting on 6 December 2023. (See C.N.508.2023 .TREATIES-IV.4 of 13 December 2023 for the text of the notification.)","The Secretary-General received from the Government of Peru a notification dated 12 December 2023, made under article 4 (3) of the above Covenant, regarding the extension of the state of emergency, by Supreme Decree No. 1"
Perú,Peru,2023-12-19,2023,declaración,estado de emergencia,heredado,C.N.522.2023,https://treaties.un.org/doc/Publication/CN/2023/CN.522.2023-Eng.pdf,ONU_PIDCP_art4,"The Secretary-General received from the Government of Peru a notification dated 15 December 2023, made under article 4 (3) of the above Covenant. By Supreme Decree No. 137-2023-PCM, published on 6 December 2023, the Government of Peru declared the state of national emergency in the national road network and on the departmental and regional road networks, including the five hundred (500) meters adjacent to each side of these aforementioned road networks, for a period of thirty (30) calendar days. (See C.N.522.2023 .TREATIES-IV.4 of 21 December 2023 for the text of the notification.)","The Secretary-General received from the Government of Peru a notification dated 15 December 2023, made under article 4 (3) of the above Covenant. By Supreme Decree No. 137-2023-PCM, published on 6 December 2023, the Gove"
Perú,Peru,2023-12-20,2023,extensión,estado de emergencia,heredado,C.N.524.2023,https://treaties.un.org/doc/Publication/CN/2023/CN.524.2023-Eng.pdf,ONU_PIDCP_art4,"The Secretary-General received from the Government of Peru a notification dated 19 December 2023, made under article 4 (3) of the above Covenant. By Supreme Decree No. 138-2023-PCM, published on 12 December 2023, the Government of Peru extended the state of national emergency declared through Supreme Decree No. 23-2023-PCM in the provinces of Putumayo and Mariscal Castilla of the department of Loreto for a period of 60 calendar days starting on 15 December 2023. The measure was declared owing to the illegal activities of criminal organizations involved in illicit drug trafficking, illegal mining and related offences in the aforementioned provinces. (See C.N.524.2023 .TREATIES-IV.4 of 21 December 2023 for the text of the notification.)","The Secretary-General received from the Government of Peru a notification dated 19 December 2023, made under article 4 (3) of the above Covenant. By Supreme Decree No. 138-2023-PCM, published on 12 December 2023, the Gov"
Perú,Peru,2023-12-20,2023,extensión,estado de emergencia,heredado,C.N.525.2023,https://treaties.un.org/doc/Publication/CN/2023/CN.525.2023-Eng.pdf,ONU_PIDCP_art4,"The Secretary-General received from the Government of Peru a notification dated 19 December 2023, made under article 4 (3) of the above Covenant. By Supreme Decree No. 139-2023-PCM, dated 12 December 2023, the Government of Peru extended the state of national emergency declared by Supreme Decree No. 010-2023-PCM in the province of Pataz in the department of La Libertad for a period of 30 calendar days beginning on 16 December 2023. (See C.N.525.2023 .TREATIES-IV.4 of 21 December 2023 for the text of the notification.)","The Secretary-General received from the Government of Peru a notification dated 19 December 2023, made under article 4 (3) of the above Covenant. By Supreme Decree No. 139-2023-PCM, dated 12 December 2023, the Government"
Chile,Chile,2023-12-28,2023,extensión,estado de emergencia,directo,C.N.535.2023,https://treaties.un.org/doc/Publication/CN/2023/CN.535.2023-Eng.pdf,ONU_PIDCP_art4,"The Secretary-General received from the Government of Chile a notification dated 28 December 2023, made under article 4 (3) of the above Covenant, regarding the extension of the state of emergency in the Araucanía Region and in the Arauco and Biobío Provinces of the Biobío Region declared on 17 May 2022 pursuant to Supreme Decree No. 189 of 2022. The aforementioned state of emergency was extended, with the agreement of the National Congress, for consecutive periods of 15 days, through Supreme Decrees Nos. 265, 293, 339, 354 and 379 of 2023, all issued by the Ministry of the Interior and Public Security. The latest extension was declared by Supreme Decree No. 379 of 22 December 2023, issued by the Ministry of the Interior and Public Security, and is for an additional period of 15 days from the end of the period established by the previous extension, that is, up to 7 January 2024. (See C.N.535.2023 .TREATIES-IV.4 of 3 January 2024 for the text of the notification.)","The Secretary-General received from the Government of Chile a notification dated 28 December 2023, made under article 4 (3) of the above Covenant, regarding the extension of the state of emergency in the Araucanía Region"
Perú,Peru,2024-01-08,2024,extensión,estado de emergencia,directo,C.N.2.2024,https://treaties.un.org/doc/Publication/CN/2024/CN.2.2024-Eng.pdf,ONU_PIDCP_art4,"The Secretary-General received from the Government of Peru a notification dated 4 January 2024, made under article 4 (3) of the above Covenant, regarding the extension of the state of emergency, through Supreme Decree No. 092-2023-PCM of 12 August 2023, in Corredor Vial Sur Apurímac-Cusco-Arequipa (Apurímac-Cusco-Arequipa Southern Road Corridor).for a period of 60 calendar days from 13 August 2023. (See C.N.2.2024 .TREATIES-IV.4 of 8 January 2024 for the text of the notification.)","The Secretary-General received from the Government of Peru a notification dated 4 January 2024, made under article 4 (3) of the above Covenant, regarding the extension of the state of emergency, through Supreme Decree No"
Perú,Peru,2024-01-08,2024,extensión,estado de emergencia,heredado,C.N.3.2024,https://treaties.un.org/doc/Publication/CN/2024/CN.3.2024-Eng.pdf,ONU_PIDCP_art4,"The Secretary-General received from the Government of Peru a notification dated 5 January 2024, made under article 4 (3) of the above Covenant. By Supreme Decree No. 001-2024-PCM of 5 January 2024, the Government of Peru extended the state of national emergency declared by Supreme Decree No. 137-2023-PCM in the national road network and on the departmental and regional road networks, including the five hundred (500) metres adjacent to each side of these aforementioned road networks, for a period of thirty (30) calendar days starting on 6 January 2024. (See C.N.3.2024 .TREATIES-IV.4 of 8 January 2024 for the text of the notification.)","The Secretary-General received from the Government of Peru a notification dated 5 January 2024, made under article 4 (3) of the above Covenant. By Supreme Decree No. 001-2024-PCM of 5 January 2024, the Government of Peru"
Ecuador,Ecuador,2024-01-09,2024,declaración,estado de emergencia,heredado,C.N.38.2024,https://treaties.un.org/doc/Publication/CN/2024/CN.38.2024-Eng.pdf,ONU_PIDCP_art4,"The Secretary-General received from the Government of Ecuador a notification dated 9 January 2024, made under article 4 (3) of the above Covenant, regarding Executive Decree No. 110 of 8 January 2024. (See depositary notification C.N.38.2024 .TREATIES-IV.4 of 15 January 2024 for the text of the notification.)","The Secretary-General received from the Government of Ecuador a notification dated 9 January 2024, made under article 4 (3) of the above Covenant, regarding Executive Decree No. 110 of 8 January 2024. (See depositary not"
Perú,Peru,2024-01-11,2024,extensión,estado de emergencia,heredado,C.N.11.2024,https://treaties.un.org/doc/Publication/CN/2024/CN.11.2024-Eng.pdf,ONU_PIDCP_art4,"The Secretary-General received from the Government of Peru a notification dated 11 January 2024, made under article 4 (3) of the above Covenant. By Supreme Decree No. 02-2024-PCM, dated 12 December 2023, the Government of Peru extended the state of national emergency declared by Supreme Decree No. 010-2023-PCM in the province of Pataz in the department of La Libertad for a period of 30 calendar days beginning on 15 January 2024. (See C.N.11.2024 .TREATIES-IV.4 of 12 January 2024 for the text of the notification.)","The Secretary-General received from the Government of Peru a notification dated 11 January 2024, made under article 4 (3) of the above Covenant. By Supreme Decree No. 02-2024-PCM, dated 12 December 2023, the Government o"
Perú,Peru,2024-01-15,2024,declaración,estado de emergencia,directo,C.N.42.2024,https://treaties.un.org/doc/Publication/CN/2024/CN.42.2024-Eng.pdf,ONU_PIDCP_art4,"The Secretary-General received from the Government of Peru a notification dated 12 January 2024, made under article 4 (3) of the above Covenant. By Supreme Decree No. 003-2024-PCM, dated 10 January 2024, the Government of Peru declared a state of emergency, for a term of 60 calendar days beginning on 11 January 2024, in various districts and provinces. (See C.N.42.2024 .TREATIES-IV.4 of 18 January 2024 for the text of the notification.)","The Secretary-General received from the Government of Peru a notification dated 12 January 2024, made under article 4 (3) of the above Covenant. By Supreme Decree No. 003-2024-PCM, dated 10 January 2024, the Government o"
Chile,Chile,2024-02-06,2024,declaración,estado de emergencia,directo,C.N.66.2024,https://treaties.un.org/doc/Publication/CN/2024/CN.66.2024-Eng.pdf,ONU_PIDCP_art4,"The Secretary-General received from the Government of Chile a notification dated 6 February 2024, made under article 4 (3) of the above Covenant, regarding the declaration of a state of emergency in the provinces of Marga Marga and Valparaíso of the Valparaíso Region, by supreme decree No. 83 of the Ministry of the Interior and Public Security published on 3 February 2024, for a period of 30 days ending on 4 March 2024 in response to the forest fires in the area. (See C.N.66.2024 .TREATIES-IV.4 of 9 February 2024 for the text of the notification.)","The Secretary-General received from the Government of Chile a notification dated 6 February 2024, made under article 4 (3) of the above Covenant, regarding the declaration of a state of emergency in the provinces of Marg"
Perú,Peru,2024-02-07,2024,declaración,estado de emergencia,directo,,,ONU_PIDCP_art4,"The Secretary-General received from the Government of Peru a notification dated 7 February 2024, made under article 4 (3) of the above Covenant. By Supreme Decree No. 008-2024-PCM, published on 30 January 2024, the Government of Peru declared the state of emergency in Corredor Vial Sur Apurímac-Cusco-Arequipa (Apurímac-Cusco-Arequipa Southern Road Corridor), including the five hundred (500) meters adjacent to either side of the road corridor. The state of emergency was declared for a period of thirty (30) calendar days, starting on 5 February 2024. (See CN.62.2024.Reissued.11032024 .TREATIES-IV.4 of 8 February 2024 for the text of the notification.)","The Secretary-General received from the Government of Peru a notification dated 7 February 2024, made under article 4 (3) of the above Covenant. By Supreme Decree No. 008-2024-PCM, published on 30 January 2024, the Gover"
Perú,Peru,2024-02-07,2024,extensión,estado de emergencia,directo,C.N.63.2024,https://treaties.un.org/doc/Publication/CN/2024/CN.63.2024-Eng.pdf,ONU_PIDCP_art4,"The Secretary-General received from the Government of Peru a notification dated 4 December 2023, made under article 4 (3) of the above Covenant. Through Supreme Decree No. 009-2024-PCM, dated 30 January 2024, the Government of Peru extended the state of emergency declared by Supreme Decree No. 046-2023-PCM in the districts of Tambopata, Inambari, Las Piedras and Laberinto in the province of Tambopata; and in the districts of Madre de Dios and Huepetuhe in the province of Manu in the department of Madre de Dios, for a period of 60 calendar days starting on 1st February 2024. (See C.N.63.2024 .TREATIES-IV.4 of 8 February 2024 for the text of the notification.)","The Secretary-General received from the Government of Peru a notification dated 4 December 2023, made under article 4 (3) of the above Covenant. Through Supreme Decree No. 009-2024-PCM, dated 30 January 2024, the Governm"
Perú,Peru,2024-02-07,2024,extensión,estado de emergencia,directo,C.N.64.2024,https://treaties.un.org/doc/Publication/CN/2024/CN.64.2024-Eng.pdf,ONU_PIDCP_art4,"The Secretary-General received from the Government of Peru a notification dated 7 February 2024, made under article 4 (3) of the above Covenant, regarding the extension of the state of emergency, through Supreme Decree No. 010-2024-PCM, dated 31 January 2024, in the districts of the provinces of Huanca and La Mar (Department of Ayacucho), in the districts of the province of Tayacaja (Department of Huancavelica), in the districts of the province of La Convención (Department of Cusco), and in the districts of the provinces of Satipo, Concepción and Huancayo (Department of Junín), for a period of sixty (60) calendar days, from 6 February 2024 to 5 April 2024. (See C.N.64.2024 .TREATIES-IV.4 of 8 February 2024 for the text of the notification.)","The Secretary-General received from the Government of Peru a notification dated 7 February 2024, made under article 4 (3) of the above Covenant, regarding the extension of the state of emergency, through Supreme Decree N"
Perú,Peru,2024-02-07,2024,extensión,estado de emergencia,heredado,,,ONU_PIDCP_art4,"The Secretary-General received from the Government of Peru a notification dated 19 December 2023, made under article 4 (3) of the above Covenant. By Supreme Decree No. 13-2024-PCM, published on 6 February 2024, the Government of Peru extended the state of national emergency declared by Supreme Decree No. 23-2023-PCM in the provinces of Putumayo and Mariscal Castilla of the department of Loreto for a period of sixty (60) calendar days starting on 13 February 2024. The measure was declared owing to the illegal activities of criminal organizations involved in illicit drug trafficking, illegal mining and related offences in the aforementioned provinces. (See CN.65.2024.Reissued.13022024 .TREATIES-IV.4 of 8 February 2024 for the text of the notification.)","The Secretary-General received from the Government of Peru a notification dated 19 December 2023, made under article 4 (3) of the above Covenant. By Supreme Decree No. 13-2024-PCM, published on 6 February 2024, the Gover"
Perú,Peru,2024-02-19,2024,declaración,estado de emergencia,directo,C.N.76.2024,https://treaties.un.org/doc/Publication/CN/2024/CN.76.2024-Eng.pdf,ONU_PIDCP_art4,"The Secretary-General received from the Government of Peru a notification dated 15 February 2024, made under article 4 (3) of the above Covenant, regarding the declaration of a state of emergency, through Supreme Decree No. 019-2024-PCM dated 13 February 2024, in the Province of Trujillo in the department of La Libertad for a period of sixty (60) calendar days. (See C.N.76.2024 .TREATIES-IV.4 of 21 February 2024 for the text of the notification.)","The Secretary-General received from the Government of Peru a notification dated 15 February 2024, made under article 4 (3) of the above Covenant, regarding the declaration of a state of emergency, through Supreme Decree "
Perú,Peru,2024-02-19,2024,declaración,estado de emergencia,directo,C.N.75.2024,https://treaties.un.org/doc/Publication/CN/2024/CN.75.2024-Eng.pdf,ONU_PIDCP_art4,"The Secretary-General received from the Government of Peru a notification dated 15 February 2024, made under article 4 (3) of the above Covenant, regarding the declaration of a state of emergency, through Supreme Decree No. 018-2024-PCM dated 13 February 2024, in the Province of Pataz in the department of La Libertad for a period of sixty (60) calendar days. (See C.N.75.2024 .TREATIES-IV.4 of 21 February 2024 for the text of the notification.)","The Secretary-General received from the Government of Peru a notification dated 15 February 2024, made under article 4 (3) of the above Covenant, regarding the declaration of a state of emergency, through Supreme Decree "
Chile,Chile,2024-03-01,2024,extensión,estado de emergencia,directo,C.N.88.2024,https://treaties.un.org/doc/Publication/CN/2024/CN.88.2024-Eng.pdf,ONU_PIDCP_art4,"The Secretary-General received from the Government of Chile a notification dated 1 March 2024, made under article 4 (3) of the above Covenant, regarding the further extension of the state of emergency in the Araucanía Region and in the Arauco and Biobío Provinces of the Biobío Region for two consecutive periods of 30 days from the expiration of the period provided for in the previous extensions, i.e., until 7 March 2024, through Supreme Decrees Nos. 29 and 81 issued by the Ministry of the Interior and Public Security. (See C.N.88.2024 .TREATIES-IV.4 of 11 March 2024 for the text of the notification.)","The Secretary-General received from the Government of Chile a notification dated 1 March 2024, made under article 4 (3) of the above Covenant, regarding the further extension of the state of emergency in the Araucanía Re"
Perú,Peru,2024-03-08,2024,extensión,estado de emergencia,directo,C.N.91.2024,https://treaties.un.org/doc/Publication/CN/2024/CN.91.2024-Eng.pdf,ONU_PIDCP_art4,"The Secretary-General received from the Government of Peru a notification dated 7 March 2024, made under article 4 (3) of the above Covenant. By Supreme Decree No. 024-2024-PCM, published on 5 March 2024, the Government of Peru extended the state of emergency declared by Supreme Decree No. 008-202[4]-PCM in Corredor Vial Sur Apurímac-Cusco-Arequipa (Apurímac-Cusco-Arequipa Southern Road Corridor), including the five hundred (500) metres adjacent to either side of the road corridor, for a period of thirty (30) calendar days, starting on 6 March 2024. (See C.N.91.2024 .TREATIES-IV.4 of 12 March 2024 for the text of the notification.)","The Secretary-General received from the Government of Peru a notification dated 7 March 2024, made under article 4 (3) of the above Covenant. By Supreme Decree No. 024-2024-PCM, published on 5 March 2024, the Government "
Perú,Peru,2024-03-08,2024,extensión,estado de emergencia,directo,C.N.92.2024,https://treaties.un.org/doc/Publication/CN/2024/CN.92.2024-Eng.pdf,ONU_PIDCP_art4,"The Secretary-General received from the Government of Peru a notification dated 7 March 2024, made under article 4 (3) of the above Covenant. By Supreme Decree No. 025-2024-PCM, dated 5 March 2024, the Government of Peru extended the state of emergency declared by Supreme Decree No. 003-2024-PCM, in the province of Zarumilla in the department of Tumbes, for a period of 60 calendar days, starting on 11 March 2024. (See C.N.92.2024 .TREATIES-IV.4 of 12 March 2024 for the text of the notification.)","The Secretary-General received from the Government of Peru a notification dated 7 March 2024, made under article 4 (3) of the above Covenant. By Supreme Decree No. 025-2024-PCM, dated 5 March 2024, the Government of Peru"
Ecuador,Ecuador,2024-03-11,2024,extensión,estado de emergencia,directo,C.N.100.2024,https://treaties.un.org/doc/Publication/CN/2024/CN.100.2024-Eng.pdf,ONU_PIDCP_art4,"The Secretary-General received from the Government of Ecuador a notification dated 11 March 2024, made under article 4 (3) of the above Covenant, regarding the extension of the state of emergency throughout the national territory by Executive Decree No. 193 for an additional 30 days beginning on 7 March 2024. (See depositary notification C.N.100.2024 .TREATIES-IV.4 of 15 March 2024 for the text of the notification.)","The Secretary-General received from the Government of Ecuador a notification dated 11 March 2024, made under article 4 (3) of the above Covenant, regarding the extension of the state of emergency throughout the national "
Perú,Peru,2024-04-11,2024,extensión,estado de emergencia,directo,C.N.117.2024,https://treaties.un.org/doc/Publication/CN/2024/CN.117.2024-Eng.pdf,ONU_PIDCP_art4,"The Secretary-General received from the Government of Peru a notification dated 5 April 2024, made under article 4 (3) of the above Covenant, regarding the extension of the state of emergency, through Supreme Decree No. 037-2024-PCM, in the districts of the provinces of Huanta and La Mar (Department of Ayacucho), in the districts of the province of Tayacaja (Department of Huancavelica), in the districts of the province of La Convención (Department of Cusco), and in the districts of the provinces of Satipo, Concepción and Huancayo (Department of Junín), for a period of sixty (60) calendar days, from 6 April to 4 June 2024. (See C.N.117.2024 .TREATIES-IV.4 of 12 April 2024 for the text of the notification.)","The Secretary-General received from the Government of Peru a notification dated 5 April 2024, made under article 4 (3) of the above Covenant, regarding the extension of the state of emergency, through Supreme Decree No. "
Perú,Peru,2024-04-11,2024,extensión,estado de emergencia,directo,C.N.118.2024,https://treaties.un.org/doc/Publication/CN/2024/CN.118.2024-Eng.pdf,ONU_PIDCP_art4,"The Secretary-General received from the Government of Peru a notification dated 5 April 2024, made under article 4 (3) of the above Covenant, regarding the extension of the state of emergency declared by Supreme Decree No. 008-2024-PCM in Corredor Vial Sur Apurímac-Cusco-Arequipa (Apurímac-Cusco-Arequipa Southern Road Corridor), including the five hundred (500) metres adjacent to either side of the road corridor, for a period of 30 calendar days starting on 5 April 2024, through Supreme Decree No. 036-2024-PCM. (See C.N.118.2024 .TREATIES-IV.4 of 12 April 2024 for the text of the notification.)","The Secretary-General received from the Government of Peru a notification dated 5 April 2024, made under article 4 (3) of the above Covenant, regarding the extension of the state of emergency declared by Supreme Decree N"
Perú,Peru,2024-04-11,2024,extensión,estado de emergencia,directo,C.N.119.2024,https://treaties.un.org/doc/Publication/CN/2024/CN.119.2024-Eng.pdf,ONU_PIDCP_art4,"The Secretary-General received from the Government of Peru a notification dated 11 April 2024, made under article 4 (3) of the above Covenant, regarding the extension of the state of emergency declared by Supreme Decree No. 046-2023-PCM in the districts of Tambopata, Inambari, Las Piedras and Laberinto in the province of Tambopata; and in the districts of Madre de Dios and Huepetuhe in the province of Manu in the department of Madre de Dios, for a period of 60 calendar days starting on 1 April 2024 through Supreme Decree No. 034-2024-PCM. (See C.N.119.2024 .TREATIES-IV.4 of 11 April 2024 for the text of the notification.)","The Secretary-General received from the Government of Peru a notification dated 11 April 2024, made under article 4 (3) of the above Covenant, regarding the extension of the state of emergency declared by Supreme Decree "
Perú,Peru,2024-04-15,2024,extensión,estado de emergencia,directo,C.N.128.2024,https://treaties.un.org/doc/Publication/CN/2024/CN.128.2024-Eng.pdf,ONU_PIDCP_art4,"The Secretary-General received from the Government of Peru a notification dated 15 April 2024, made under article 4 (3) of the above Covenant, regarding the extension of the state of emergency declared by Supreme Decree No. 023-2023-PCM in the provinces of Putumayo and Mariscal Castilla (Department of Loreto), for a period of 60 calendar days starting on 13 April 2024 through Supreme Decree No. 040-2024-PCM. (See C.N.128.2024 .TREATIES-IV.4 of 15 April 2024 for the text of the notification.)","The Secretary-General received from the Government of Peru a notification dated 15 April 2024, made under article 4 (3) of the above Covenant, regarding the extension of the state of emergency declared by Supreme Decree "
Perú,Peru,2024-04-19,2024,extensión,estado de emergencia,directo,C.N.132.2024,https://treaties.un.org/doc/Publication/CN/2024/CN.132.2024-Eng.pdf,ONU_PIDCP_art4,"The Secretary-General received from the Government of Peru a notification dated 19 April 2024, made under article 4 (3) of the above Covenant, regarding the extension of the state of emergency declared by Supreme Decree No. 018-2023-PCM in the province of Pataz (Department of La Libertad), for a period of 60 calendar days starting on 14 April 2024 through Supreme Decree No. 041-2024-PCM. (See C.N.132.2024 .TREATIES-IV.4 of 25 April 2024 for the text of the notification.)","The Secretary-General received from the Government of Peru a notification dated 19 April 2024, made under article 4 (3) of the above Covenant, regarding the extension of the state of emergency declared by Supreme Decree "
Perú,Peru,2024-04-19,2024,extensión,estado de emergencia,directo,C.N.135.2024,https://treaties.un.org/doc/Publication/CN/2024/CN.135.2024-Eng.pdf,ONU_PIDCP_art4,"The Secretary-General received from the Government of Peru a notification dated 19 April 2024, made under article 4 (3) of the above Covenant, regarding the extension of the state of emergency declared by Supreme Decree No. 019-2024-PCM in the province of Trujillo of the department of La Libertad, for a period of 60 calendar days starting on 14 April 2024 through Supreme Decree No. 042-2024-PCM. (See C.N.135.2024 .TREATIES-IV.4 of 25 April 2024 for the text of the notification.)","The Secretary-General received from the Government of Peru a notification dated 19 April 2024, made under article 4 (3) of the above Covenant, regarding the extension of the state of emergency declared by Supreme Decree "
Perú,Peru,2024-04-19,2024,declaración,estado de emergencia,directo,C.N.136.2024,https://treaties.un.org/doc/Publication/CN/2024/CN.136.2024-Eng.pdf,ONU_PIDCP_art4,"The Secretary-General received from the Government of Peru a notification dated 18 April 2024, made under article 4 (3) of the above Covenant, regarding the declaration of a state of emergency, through Supreme Decree No. 043-2024-PCM dated 16 April 2024, in the Province of Arequipa in the department of Arequipa for a period of twenty (20) calendar days. (See C.N.136.2024 .TREATIES-IV.4 of 25 April 2024 for the text of the notification.)","The Secretary-General received from the Government of Peru a notification dated 18 April 2024, made under article 4 (3) of the above Covenant, regarding the declaration of a state of emergency, through Supreme Decree No."
Chile,Chile,2024-05-02,2024,extensión,estado de emergencia,directo,C.N.155.2024,https://treaties.un.org/doc/Publication/CN/2024/CN.155.2024-Eng.pdf,ONU_PIDCP_art4,"The Secretary-General received from the Government of Chile a notification dated 2 May 2024, made under article 4 (3) of the above Covenant, regarding the further extension of the state of emergency in the Araucanía Region and in the Arauco and Biobío Provinces of the Biobío Region for two consecutive periods of 30 days from the expiration of the period provided for in the previous extensions, i.e., until 6 May 2024, through Supreme Decrees Nos. 127 and 150 issued by the Ministry of the Interior and Public Security. (See C.N.155.2024 .TREATIES-IV.4 of 8 May 2024 for the text of the notification.)","The Secretary-General received from the Government of Chile a notification dated 2 May 2024, made under article 4 (3) of the above Covenant, regarding the further extension of the state of emergency in the Araucanía Regi"
Ecuador,Ecuador,2024-05-02,2024,declaración,estado de emergencia,directo,C.N.157.2024,https://treaties.un.org/doc/Publication/CN/2024/CN.157.2024-Eng.pdf,ONU_PIDCP_art4,"The Secretary-General received from the Government of Ecuador a notification dated 2 May 2024, made under article 4 (3) of the above Covenant, regarding the declaration of the state of emergency by Executive Decree No. 250 for 60 days beginning on 30 April 2024. (See depositary notification C.N.157.2024 .TREATIES-IV.4 of 8 May 2024 for the text of the notification.)","The Secretary-General received from the Government of Ecuador a notification dated 2 May 2024, made under article 4 (3) of the above Covenant, regarding the declaration of the state of emergency by Executive Decree No. 2"
Perú,Peru,2024-05-06,2024,extensión,estado de emergencia,directo,C.N.158.2024,https://treaties.un.org/doc/Publication/CN/2024/CN.158.2024-Eng.pdf,ONU_PIDCP_art4,"The Secretary-General received from the Government of Peru a notification dated 6 May 2024, made under article 4 (3) of the above Covenant. By Supreme Decree No. 047-2024-PCM, published on 1st May 2024, the Government of Peru extended the state of emergency declared by Supreme Decree No. 008-202[4]-PCM in Corredor Vial Sur Apurímac-Cusco-Arequipa (Apurímac-Cusco-Arequipa Southern Road Corridor), including the five hundred (500) metres adjacent to either side of the road corridor, for a period of thirty (30) calendar days, starting on 5 May 2024. (See C.N.158.2024 .TREATIES-IV.4 of 9 May 2024 for the text of the notification.)","The Secretary-General received from the Government of Peru a notification dated 6 May 2024, made under article 4 (3) of the above Covenant. By Supreme Decree No. 047-2024-PCM, published on 1st May 2024, the Government of"
Perú,Peru,2024-05-06,2024,extensión,estado de emergencia,directo,C.N.159.2024,https://treaties.un.org/doc/Publication/CN/2024/CN.159.2024-Eng.pdf,ONU_PIDCP_art4,"The Secretary-General received from the Government of Peru a notification dated 6 May 2024, made under article 4 (3) of the above Covenant. By Supreme Decree No. 048-2024-PCM, dated 1st May 2024, the Government of Peru extended the state of emergency declared by Supreme Decree No. 003-2024-PCM, in the province of Zarumilla in the department of Tumbes, for a period of 60 calendar days, starting on 10 May 2024. (See C.N.159.2024 .TREATIES-IV.4 of 9 May 2024 for the text of the notification.)","The Secretary-General received from the Government of Peru a notification dated 6 May 2024, made under article 4 (3) of the above Covenant. By Supreme Decree No. 048-2024-PCM, dated 1st May 2024, the Government of Peru e"
Ecuador,Ecuador,2024-05-23,2024,declaración,estado de emergencia,directo,C.N.172.2024,https://treaties.un.org/doc/Publication/CN/2024/CN.172.2024-Eng.pdf,ONU_PIDCP_art4,"The Secretary-General received from the Government of Ecuador a notification dated 23 May 2024, made under article 4 (3) of the above Covenant, regarding the declaration of the state of emergency by Executive Decree No. 275 for 60 days beginning on 22 May 2024. (See depositary notification C.N.172.2024 .TREATIES-IV.4 of 29 May 2024 for the text of the notification.)","The Secretary-General received from the Government of Ecuador a notification dated 23 May 2024, made under article 4 (3) of the above Covenant, regarding the declaration of the state of emergency by Executive Decree No. "
Perú,Peru,2024-06-05,2024,extensión,estado de emergencia,directo,C.N.178.2024,https://treaties.un.org/doc/Publication/CN/2024/CN.178.2024-Eng.pdf,ONU_PIDCP_art4,"The Secretary-General received from the Government of Peru a notification dated 5 June 2024, made under article 4 (3) of the above Covenant, regarding the extension of the state of emergency declared by Supreme Decree No. 046-2023-PCM in the districts of Tambopata, Inambari, Las Piedras and Laberinto in the province of Tambopata; and in the districts of Madre de Dios and Huepetuhe in the province of Manu in the department of Madre de Dios, for a period of 60 calendar days starting on 31 May 2024 through Supreme Decree No. 054-2024-PCM. (See C.N.178.2024 .TREATIES-IV.4 of 6 June 2024 for the text of the notification.)","The Secretary-General received from the Government of Peru a notification dated 5 June 2024, made under article 4 (3) of the above Covenant, regarding the extension of the state of emergency declared by Supreme Decree No"
Perú,Peru,2024-06-05,2024,extensión,estado de emergencia,directo,C.N.179.2024,https://treaties.un.org/doc/Publication/CN/2024/CN.179.2024-Eng.pdf,ONU_PIDCP_art4,"The Secretary-General received from the Government of Peru a notification dated 6 May 2024, made under article 4 (3) of the above Covenant. By Supreme Decree No. 055-2024-PCM, published on 3 June 2024, the Government of Peru extended the state of emergency declared by Supreme Decree No. 008-202[4]-PCM in Corredor Vial Sur Apurímac-Cusco-Arequipa (Apurímac-Cusco-Arequipa Southern Road Corridor), including the five hundred (500) metres adjacent to either side of the road corridor, for a period of thirty (30) calendar days, starting on 4 June 2024. (See C.N.179.2024 .TREATIES-IV.4 of 6 juin 2024 for the text of the notification.)","The Secretary-General received from the Government of Peru a notification dated 6 May 2024, made under article 4 (3) of the above Covenant. By Supreme Decree No. 055-2024-PCM, published on 3 June 2024, the Government of "
Perú,Peru,2024-06-11,2024,extensión,estado de emergencia,directo,C.N.185.2024,https://treaties.un.org/doc/Publication/CN/2024/CN.185.2024-Eng.pdf,ONU_PIDCP_art4,"The Secretary-General received from the Government of Peru a notification dated 7 June 2024, made under article 4 (3) of the above Covenant, regarding the extension of the state of emergency, through Supreme Decree No. 056-2024-PCM, in the districts of the provinces of Huanta and La Mar (Department of Ayacucho), in the districts of the province of Tayacaja (Department of Huancavelica), in the districts of the province of La Convención (Department of Cusco), and in the districts of the provinces of Satipo, Concepción and Huancayo (Department of Junín), for a period of sixty (60) calendar days, from 5 June to 3 August 2024. (See C.N.185.2024 .TREATIES-IV.4 of 13 June 2024 for the text of the notification.)","The Secretary-General received from the Government of Peru a notification dated 7 June 2024, made under article 4 (3) of the above Covenant, regarding the extension of the state of emergency, through Supreme Decree No. 0"
Perú,Peru,2024-06-19,2024,extensión,estado de emergencia,directo,C.N.199.2024,https://treaties.un.org/doc/Publication/CN/2024/CN.199.2024-Eng.pdf,ONU_PIDCP_art4,"The Secretary-General received from the Government of Peru a notification dated 14 June 2024, made under article 4 (3) of the above Covenant, regarding the extension of the state of emergency declared by Supreme Decree No. 019-2024-PCM in the province of Trujillo of the department of La Libertad, for a period of 30 calendar days starting on 13 June 2024 through Supreme Decree No. 059-2024-PCM. (See C.N.199.2024 .TREATIES-IV.4 of 21 June 2024 for the text of the notification.)","The Secretary-General received from the Government of Peru a notification dated 14 June 2024, made under article 4 (3) of the above Covenant, regarding the extension of the state of emergency declared by Supreme Decree N"
Perú,Peru,2024-06-19,2024,extensión,estado de emergencia,directo,C.N.200.2024,https://treaties.un.org/doc/Publication/CN/2024/CN.200.2024-Eng.pdf,ONU_PIDCP_art4,"The Secretary-General received from the Government of Peru a notification dated 14 June 2024, made under article 4 (3) of the above Covenant, regarding the extension of the state of emergency declared by Supreme Decree No. 018-2024-PCM in the province of Pataz (Department of La Libertad), for a period of 30 calendar days starting on 13 June 2024 through Supreme Decree No. 058-2024-PCM. (See C.N.200.2024 .TREATIES-IV.4 of 21 June 2024 for the text of the notification.)","The Secretary-General received from the Government of Peru a notification dated 14 June 2024, made under article 4 (3) of the above Covenant, regarding the extension of the state of emergency declared by Supreme Decree N"
Perú,Peru,2024-06-19,2024,extensión,estado de emergencia,directo,C.N.201.2024,https://treaties.un.org/doc/Publication/CN/2024/CN.201.2024-Eng.pdf,ONU_PIDCP_art4,"The Secretary-General received from the Government of Peru a notification dated 14 June 2024, made under article 4 (3) of the above Covenant, regarding the extension of the state of emergency declared by Supreme Decree No. 23-2023-PCM in the provinces of Putumayo and Mariscal Castilla (Department of Loreto), for a period of 60 calendar days starting on 12 June 2024 through Supreme Decree No. 057-2024-PCM. (See C.N.201.2024 .TREATIES-IV.4 of 21 June 2024 for the text of the notification.)","The Secretary-General received from the Government of Peru a notification dated 14 June 2024, made under article 4 (3) of the above Covenant, regarding the extension of the state of emergency declared by Supreme Decree N"
Ecuador,Ecuador,2024-07-03,2024,declaración,estado de emergencia,directo,C.N.287.2024,https://treaties.un.org/doc/Publication/CN/2024/CN.287.2024-Eng.pdf,ONU_PIDCP_art4,"The Secretary-General received from the Government of Ecuador a notification dated 3 July 2024, made under article 4 (3) of the above Covenant, regarding the declaration of the state of emergency by Executive Decree No. 318 for 60 days beginning on 2 July 2024. (See depositary notification C.N.287.2024 .TREATIES-IV.4 of 12 July 2024 for the text of the notification.)","The Secretary-General received from the Government of Ecuador a notification dated 3 July 2024, made under article 4 (3) of the above Covenant, regarding the declaration of the state of emergency by Executive Decree No. "
Perú,Peru,2024-07-03,2024,extensión,estado de emergencia,directo,C.N.244.2024,https://treaties.un.org/doc/Publication/CN/2024/CN.244.2024-Eng.pdf,ONU_PIDCP_art4,"The Secretary-General received from the Government of Peru a notification dated 3 July 2024, made under article 4 (3) of the above Covenant, regarding the extension of the state of emergency declared by Supreme Decree No. 008-2024-PCM in Corredor Vial Sur Apurímac-Cusco-Arequipa (Apurímac-Cusco-Arequipa Southern Road Corridor), including the five hundred (500) metres adjacent to either side of the road corridor, for a period of thirty (30) calendar days starting on 4 July 2024 through Supreme Decree No. 065-2024-PCM. (See C.N.244.2024 .TREATIES-IV.4 of 3 July 2024 for the text of the notification.)","The Secretary-General received from the Government of Peru a notification dated 3 July 2024, made under article 4 (3) of the above Covenant, regarding the extension of the state of emergency declared by Supreme Decree No"
Perú,Peru,2024-07-17,2024,extensión,estado de emergencia,directo,C.N.304.2024,https://treaties.un.org/doc/Publication/CN/2024/CN.304.2024-Eng.pdf,ONU_PIDCP_art4,"The Secretary-General received from the Government of Peru a notification dated 17 July 2024, made under article 4 (3) of the above Covenant, regarding the extension of the state of emergency declared by Supreme Decree No. 003-2024-PCM in the province of Zarumilla in the department of Tumbes, for a period of sixty (60) calendar days starting on 9 July 2024 through Supreme Decree No. 068-2024-PCM. (See C.N.304.2024 .TREATIES-IV.4 of 24 July 2024 for the text of the notification.)","The Secretary-General received from the Government of Peru a notification dated 17 July 2024, made under article 4 (3) of the above Covenant, regarding the extension of the state of emergency declared by Supreme Decree N"
Perú,Peru,2024-07-17,2024,extensión,estado de emergencia,directo,C.N.305.2024,https://treaties.un.org/doc/Publication/CN/2024/CN.305.2024-Eng.pdf,ONU_PIDCP_art4,"The Secretary-General received from the Government of Peru a notification dated 17 July 2024, made under article 4 (3) of the above Covenant, regarding the extension of the state of emergency declared by Supreme Decree No. 018-2024-PCM in the province of Pataz of the department of La Libertad, for a period of thirty (30) calendar days starting on 13 July 2024 through Supreme Decree No. 069-2024-PCM. (See C.N.305.2024 .TREATIES-IV.4 of 24 July 2024 for the text of the notification.)","The Secretary-General received from the Government of Peru a notification dated 17 July 2024, made under article 4 (3) of the above Covenant, regarding the extension of the state of emergency declared by Supreme Decree N"
Perú,Peru,2024-07-17,2024,extensión,estado de emergencia,directo,C.N.307.2024,https://treaties.un.org/doc/Publication/CN/2024/CN.307.2024-Eng.pdf,ONU_PIDCP_art4,"The Secretary-General received from the Government of Peru a notification dated 17 July 2024, made under article 4 (3) of the above Covenant, regarding the extension of the state of emergency declared by Supreme Decree No. 019-2024-PCM in the province of Trujillo of the department of La Libertad, for a period of thirty (30) calendar days starting on 13 July 2024 through Supreme Decree No. 071-2024-PCM. (See C.N.307.2024 .TREATIES-IV.4 of 24 July 2024 for the text of the notification.)","The Secretary-General received from the Government of Peru a notification dated 17 July 2024, made under article 4 (3) of the above Covenant, regarding the extension of the state of emergency declared by Supreme Decree N"
Perú,Peru,2024-07-17,2024,declaración,estado de emergencia,directo,C.N.306.2024,https://treaties.un.org/doc/Publication/CN/2024/CN.306.2024-Eng.pdf,ONU_PIDCP_art4,"The Secretary-General received from the Government of Peru a notification dated 17 July 2024, made under article 4 (3) of the above Covenant, regarding the declaration of a state of emergency in the province of Virú of the department of La Libertad for a period of thirty (30) calendar days starting on 13 July 2024 by Supreme Decree No. 070-2024-PCM. (See C.N.306.2024 .TREATIES-IV.4 of 24 July 2024 for the text of the notification.)","The Secretary-General received from the Government of Peru a notification dated 17 July 2024, made under article 4 (3) of the above Covenant, regarding the declaration of a state of emergency in the province of Virú of t"
Perú,Peru,2024-07-17,2024,declaración,estado de emergencia,directo,C.N.303.2024,https://treaties.un.org/doc/Publication/CN/2024/CN.303.2024-Eng.pdf,ONU_PIDCP_art4,"The Secretary-General received from the Government of Peru a notification dated 17 July 2024, made under article 4 (3) of the above Covenant, regarding the declaration of a state of emergency in the province of San Román of the department of Puno for a period of thirty (30) calendar days starting on 6 July 2024 by Supreme Decree No. 067-2024-PCM. (See C.N.303.2024 .TREATIES-IV.4 of 24 July 2024 for the text of the notification.)","The Secretary-General received from the Government of Peru a notification dated 17 July 2024, made under article 4 (3) of the above Covenant, regarding the declaration of a state of emergency in the province of San Román"
Ecuador,Ecuador,2024-08-12,2024,declaración,estado de emergencia,directo,C.N.323.2024,https://treaties.un.org/doc/Publication/CN/2024/CN.323.2024-Eng.pdf,ONU_PIDCP_art4,"The Secretary-General received from the Government of Ecuador a notification dated 12 August 2024, made under article 4 (3) of the above Covenant, regarding additional restrictions by Executive Decree No. 351 of 8 August 2024 to the state of emergency declared by Executive Decree No. 318. (See depositary notification C.N.323.2024 .TREATIES-IV.4 of 16 August 2024 for the text of the notification.)","The Secretary-General received from the Government of Ecuador a notification dated 12 August 2024, made under article 4 (3) of the above Covenant, regarding additional restrictions by Executive Decree No. 351 of 8 August"
Perú,Peru,2024-08-21,2024,extensión,estado de emergencia,directo,C.N.333.2024,https://treaties.un.org/doc/Publication/CN/2024/CN.333.2024-Eng.pdf,ONU_PIDCP_art4,"The Secretary-General received from the Government of Peru a notification dated 20 August 2024, made under article 4 (3) of the above Covenant, regarding the extension of the state of emergency declared by Supreme Decree No. 018-2024-PCM in the province of Pataz of the department of La Libertad, for a period of thirty (30) calendar days starting on 12 August 2024 through Supreme Decree No. 086-2024-PCM. (See C.N.333.2024 .TREATIES-IV.4 of 23 August 2024 for the text of the notification.)","The Secretary-General received from the Government of Peru a notification dated 20 August 2024, made under article 4 (3) of the above Covenant, regarding the extension of the state of emergency declared by Supreme Decree"
Perú,Peru,2024-08-21,2024,extensión,estado de emergencia,directo,C.N.332.2024,https://treaties.un.org/doc/Publication/CN/2024/CN.332.2024-Eng.pdf,ONU_PIDCP_art4,"The Secretary-General received from the Government of Peru a notification dated 20 August 2024, made under article 4 (3) of the above Covenant, regarding the extension of the state of emergency declared by Supreme Decree No. 023-2023-PCM in the provinces of Putumayo and Mariscal Castilla of the department of Loreto, for a period of sixty (60) calendar days starting on 11 August 2024 through Supreme Decree No. 083-2024-PCM. (See C.N.332.2024 .TREATIES-IV.4 of 23 August 2024 for the text of the notification.)","The Secretary-General received from the Government of Peru a notification dated 20 August 2024, made under article 4 (3) of the above Covenant, regarding the extension of the state of emergency declared by Supreme Decree"
Perú,Peru,2024-08-21,2024,extensión,estado de emergencia,directo,C.N.326.2024,https://treaties.un.org/doc/Publication/CN/2024/CN.326.2024-Eng.pdf,ONU_PIDCP_art4,"The Secretary-General received from the Government of Peru a notification dated 19 August 2024, made under article 4 (3) of the above Covenant, regarding the extension of the state of emergency declared by Supreme Decree No. 046-2023-PCM in the districts of Tambopata, Inambari, Las Piedras and Laberinto in the province of Tambopata, and in the districts of Madre de Dios and Huepetuhe in the province of Manu in the department of Madre de Dios, for a period of sixty (60) calendar days starting on 30 July 2024 through Supreme Decree No. 076-2024-PCM. (See C.N.326.2024 .TREATIES-IV.4 of 23 August 2024 for the text of the notification.)","The Secretary-General received from the Government of Peru a notification dated 19 August 2024, made under article 4 (3) of the above Covenant, regarding the extension of the state of emergency declared by Supreme Decree"
Perú,Peru,2024-08-21,2024,extensión,estado de emergencia,directo,C.N.331.2024,https://treaties.un.org/doc/Publication/CN/2024/CN.331.2024-Eng.pdf,ONU_PIDCP_art4,"The Secretary-General received from the Government of Peru a notification dated 20 August 2024, made under article 4 (3) of the above Covenant, regarding the extension of the state of emergency declared by Supreme Decree No. 019-2024-PCM in the province of Trujillo of the department of La Libertad, for a period of thirty (30) calendar days starting on 12 August 2024 through Supreme Decree No. 084-2024-PCM. (See C.N.331.2024 .TREATIES-IV.4 of 23 August 2024 for the text of the notification.)","The Secretary-General received from the Government of Peru a notification dated 20 August 2024, made under article 4 (3) of the above Covenant, regarding the extension of the state of emergency declared by Supreme Decree"
Perú,Peru,2024-08-21,2024,extensión,estado de emergencia,directo,C.N.330.2024,https://treaties.un.org/doc/Publication/CN/2024/CN.330.2024-Eng.pdf,ONU_PIDCP_art4,"The Secretary-General received from the Government of Peru a notification dated 20 August 2024, made under article 4 (3) of the above Covenant, regarding the extension of the state of emergency declared by Supreme Decree No. 070-2024-PCM in the province of Virú of the department of La Libertad, for a period of thirty (30) calendar days starting on 12 August 2024 through Supreme Decree No. 085-2024-PCM. (See C.N.330.2024 .TREATIES-IV.4 of 23 August 2024 for the text of the notification.)","The Secretary-General received from the Government of Peru a notification dated 20 August 2024, made under article 4 (3) of the above Covenant, regarding the extension of the state of emergency declared by Supreme Decree"
Perú,Peru,2024-08-21,2024,extensión,estado de emergencia,directo,C.N.329.2024,https://treaties.un.org/doc/Publication/CN/2024/CN.329.2024-Eng.pdf,ONU_PIDCP_art4,"The Secretary-General received from the Government of Peru a notification dated 20 August 2024, made under article 4 (3) of the above Covenant, regarding the extension of the state of emergency in the districts and provinces of the departments of Ayacucho, Huancavelica, Cusco and Junín, for a period of sixty (60) calendar days from 4 August to 2 October 2024 through Supreme Decree No. 081-2024-PCM. (See C.N.329.2024 .TREATIES-IV.4 of 23 August 2024 for the text of the notification.)","The Secretary-General received from the Government of Peru a notification dated 20 August 2024, made under article 4 (3) of the above Covenant, regarding the extension of the state of emergency in the districts and provi"
Perú,Peru,2024-08-21,2024,extensión,estado de emergencia,directo,C.N.328.2024,https://treaties.un.org/doc/Publication/CN/2024/CN.328.2024-Eng.pdf,ONU_PIDCP_art4,"The Secretary-General received from the Government of Peru a notification dated 20 August 2024, made under article 4 (3) of the above Covenant, regarding the extension of the state of emergency declared by Supreme Decree No. 008-2024-PCM in Corredor Vial Sur Apurímac-Cusco-Arequipa (Apurímac-Cusco-Arequipa Southern Road Corridor), including the five hundred (500) metres adjacent to either side of the road corridor, for a period of thirty (30) calendar days starting on 3 August 2024 through Supreme Decree No. 078-2024-PCM. (See C.N.328.2024 .TREATIES-IV.4 of 23 August 2024 for the text of the notification.)","The Secretary-General received from the Government of Peru a notification dated 20 August 2024, made under article 4 (3) of the above Covenant, regarding the extension of the state of emergency declared by Supreme Decree"
Perú,Peru,2024-08-21,2024,extensión,estado de emergencia,directo,C.N.327.2024,https://treaties.un.org/doc/Publication/CN/2024/CN.327.2024-Eng.pdf,ONU_PIDCP_art4,"The Secretary-General received from the Government of Peru a notification dated 20 August 2024, made under article 4 (3) of the above Covenant, regarding the extension of the state of emergency declared by Supreme Decree No. 067-2024-PCM in the province of San Román of the department of Puno, for a period of thirty (30) calendar days starting on 5 August 2024 through Supreme Decree No. 079-2024-PCM. (See C.N.327.2024 .TREATIES-IV.4 of 23 August 2024 for the text of the notification.)","The Secretary-General received from the Government of Peru a notification dated 20 August 2024, made under article 4 (3) of the above Covenant, regarding the extension of the state of emergency declared by Supreme Decree"
Ecuador,Ecuador,2024-09-03,2024,extensión,estado de emergencia,directo,C.N.350.2024,https://treaties.un.org/doc/Publication/CN/2024/CN.350.2024-Eng.pdf,ONU_PIDCP_art4,"The Secretary-General received from the Government of Ecuador a notification dated 3 September 2024, made under article 4 (3) of the above Covenant, regarding the extension of the state of emergency by Executive Decree No. 377 for an additional 30 days beginning on 30 August 2024. (See depositary notification C.N.350.2024 .TREATIES-IV.4 of 11 September 2024 for the text of the notification.)","The Secretary-General received from the Government of Ecuador a notification dated 3 September 2024, made under article 4 (3) of the above Covenant, regarding the extension of the state of emergency by Executive Decree N"
Ecuador,Ecuador,2024-09-18,2024,declaración,estado de emergencia,heredado,C.N.359.2024,https://treaties.un.org/doc/Publication/CN/2024/CN.359.2024-Eng.pdf,ONU_PIDCP_art4,"The Secretary-General received from the Government of Ecuador a notification dated 18 September 2024, made under article 4 (3) of the above Covenant, regarding the issuance and entry into force of Executive Decree No. 392 of 17 September 2024 suspending the right to liberty of movement from 10:00 p.m. on 18 September 2024 until 6:00 a.m. on 19 September 2024 in all cantons and parishes of the Provinces of Guayas, Los Ríos, Manabí, Orellana, Santa Elena, El Oro and in the Camilo Ponce Enríquez Canton of Azuay Province. (See depositary notification C.N.359.2024 .TREATIES-IV.4 of 23 September 2024 for the text of the notification.)","The Secretary-General received from the Government of Ecuador a notification dated 18 September 2024, made under article 4 (3) of the above Covenant, regarding the issuance and entry into force of Executive Decree No. 39"
Perú,Peru,2024-09-19,2024,extensión,estado de emergencia,directo,C.N.357.2024,https://treaties.un.org/doc/Publication/CN/2024/CN.357.2024-Eng.pdf,ONU_PIDCP_art4,"The Secretary-General received from the Government of Peru a notification dated 19 September 2024, made under article 4 (3) of the above Covenant, regarding the extension of the state of emergency declared by Supreme Decree No. 018-2024-PCM in the province of Pataz of the department of La Libertad, for a period of thirty (30) calendar days starting on 11 September 2024 through Supreme Decree No. 091-2024-PCM. (See C.N.357.2024 .TREATIES-IV.4 of 20 September 2024 for the text of the notification.)","The Secretary-General received from the Government of Peru a notification dated 19 September 2024, made under article 4 (3) of the above Covenant, regarding the extension of the state of emergency declared by Supreme Dec"
Perú,Peru,2024-09-19,2024,extensión,estado de emergencia,directo,C.N.356.2024,https://treaties.un.org/doc/Publication/CN/2024/CN.356.2024-Eng.pdf,ONU_PIDCP_art4,"The Secretary-General received from the Government of Peru a notification dated 19 September 2024, made under article 4 (3) of the above Covenant, regarding the extension of the state of emergency declared by Supreme Decree No. 070-2024-PCM in the province of Virú of the department of La Libertad, for a period of thirty (30) calendar days starting on 11 September 2024 through Supreme Decree No. 092-2024-PCM. (See C.N.356.2024 .TREATIES-IV.4 of 20 September 2024 for the text of the notification.)","The Secretary-General received from the Government of Peru a notification dated 19 September 2024, made under article 4 (3) of the above Covenant, regarding the extension of the state of emergency declared by Supreme Dec"
Perú,Peru,2024-09-19,2024,extensión,estado de emergencia,directo,C.N.355.2024,https://treaties.un.org/doc/Publication/CN/2024/CN.355.2024-Eng.pdf,ONU_PIDCP_art4,"The Secretary-General received from the Government of Peru a notification dated 17 September 2024, made under article 4 (3) of the above Covenant, regarding the extension of the state of emergency declared by Supreme Decree No. 019-2024-PCM in the province of Trujillo of the department of La Libertad, for a period of thirty (30) calendar days starting on 11 September 2024 through Supreme Decree No. 093-2024-PCM. (See C.N.355.2024 .TREATIES-IV.4 of 20 September 2024 for the text of the notification.)","The Secretary-General received from the Government of Peru a notification dated 17 September 2024, made under article 4 (3) of the above Covenant, regarding the extension of the state of emergency declared by Supreme Dec"
Ecuador,Ecuador,2024-10-03,2024,declaración,estado de emergencia,directo,C.N.425.2024,https://treaties.un.org/doc/Publication/CN/2024/CN.425.2024-Eng.pdf,ONU_PIDCP_art4,"The Secretary-General received from the Government of Ecuador a notification dated 3 October 2024, made under article 4 (3) of the above Covenant, regarding the issuance and entry into force of Executive Decree No. 410 of 3 October 2024 declaring a state of emergency in the Provinces of Guayas, Los Ríos, Manabí, Orellana, Santa Elena and El Oro, as well as in the Metropolitan District of Quito in Pichincha Province and Camilo Ponce Enríquez Canton in Azuay Province, for a period of 60 days beginning on 3 October 2024. (See depositary notification C.N.425.2024 .TREATIES-IV.4 of 9 October 2024 for the text of the notification.)","The Secretary-General received from the Government of Ecuador a notification dated 3 October 2024, made under article 4 (3) of the above Covenant, regarding the issuance and entry into force of Executive Decree No. 410 o"
Perú,Peru,2024-10-07,2024,extensión,estado de emergencia,directo,C.N.429.2024,https://treaties.un.org/doc/Publication/CN/2024/CN.429.2024-Eng.pdf,ONU_PIDCP_art4,"The Secretary-General received from the Government of Peru a notification dated 4 October 2024, made under article 4 (3) of the above Covenant, regarding the extension of the state of emergency declared by Supreme Decree No. 046-2023-PCM in the districts of Tambopata, Inambari, Las Piedras and Laberinto in the province of Tambopata; and in the districts of Madre de Dios and Huepetuhe in the province of Manu in the department of Madre de Dios, for a period of sixty (60) calendar days starting on 28 September 2024 through Supreme Decree No. 101-2024-PCM. (See C.N.429.2024 .TREATIES-IV.4 of 9 October 2024 for the text of the notification.)","The Secretary-General received from the Government of Peru a notification dated 4 October 2024, made under article 4 (3) of the above Covenant, regarding the extension of the state of emergency declared by Supreme Decree"
Perú,Peru,2024-10-07,2024,extensión,estado de emergencia,directo,C.N.430.2024,https://treaties.un.org/doc/Publication/CN/2024/CN.430.2024-Eng.pdf,ONU_PIDCP_art4,"The Secretary-General received from the Government of Peru a notification dated 4 October 2024, made under article 4 (3) of the above Covenant, regarding the extension of the state of emergency declared by Supreme Decree No. 008-2023-PCM in Corredor Vial Sur Apurímac-Cusco-Arequipa (Apurímac-Cusco-Arequipa Southern Road Corridor), for a period of thirty (30) calendar days starting on 2 October 2024 through Supreme Decree No. 103-2024-PCM. (See C.N.430.2024 .TREATIES-IV.4 of 9 October 2024 for the text of the notification.)","The Secretary-General received from the Government of Peru a notification dated 4 October 2024, made under article 4 (3) of the above Covenant, regarding the extension of the state of emergency declared by Supreme Decree"
Perú,Peru,2024-10-07,2024,declaración,estado de emergencia,directo,C.N.433.2024,https://treaties.un.org/doc/Publication/CN/2024/CN.433.2024-Eng.pdf,ONU_PIDCP_art4,"The Secretary-General received from the Government of Peru a notification dated 4 October 2024, made under article 4 (3) of the above Covenant, regarding the declaration of a state of emergency, for a period of sixty (60) days, from 28 September 2024 in the Districts of Ate, Ancón, Carabayllo, Comas, Independencia, Los Olivos, Lurigancho-Chosica, Puente Piedra, Rímac, San Martin de Porres, San Juan de Lurigancho, Santa Rosa and Villa El Salvador in the Province of Lima in the Department of Lima, as well as in the District of Ventanilla in the Constitutional Province of Callao by Supreme Decree No. 100-2024-PCM. (See C.N.433.2024 .TREATIES-IV.4 of 14 October 2024 for the text of the notification.)","The Secretary-General received from the Government of Peru a notification dated 4 October 2024, made under article 4 (3) of the above Covenant, regarding the declaration of a state of emergency, for a period of sixty (60"
Perú,Peru,2024-10-07,2024,extensión,estado de emergencia,directo,C.N.434.2024,https://treaties.un.org/doc/Publication/CN/2024/CN.434.2024-Eng.pdf,ONU_PIDCP_art4,"The Secretary-General received from the Government of Peru a notification dated 4 October 2024, made under article 4 (3) of the above Covenant, regarding the declaration of a state of emergency, for a period of 60 calendar days, from 3 October to 1 December 2024, in the population centres of Yanamonte and Carhuahuran in the District of Uchuraccay, Province of Huanta, Department of Ayacucho; and in the population centre of Cochabamba Grande in the District of Cochabamba Grande, Province of Tayacaja, Department of Huancavelica. In addition, the state of emergency was extended for the same period in the following districts and population centres by Supreme Decree No. 104-2024-PCM. (See C.N.434.2024 .TREATIES-IV.4 of 14 October 2024 for the text of the notification.)","The Secretary-General received from the Government of Peru a notification dated 4 October 2024, made under article 4 (3) of the above Covenant, regarding the declaration of a state of emergency, for a period of 60 calend"
Perú,Peru,2024-10-25,2024,extensión,estado de emergencia,directo,C.N.448.2024,https://treaties.un.org/doc/Publication/CN/2024/CN.448.2024-Eng.pdf,ONU_PIDCP_art4,"The Secretary-General received from the Government of Peru a notification dated 25 October 2024, made under article 4 (3) of the above Covenant, regarding the extension of the state of emergency declared by Supreme Decree No. 070-2024-PCM in the province of Virú of the department of La Libertad, for a period of thirty (30) calendar days starting on 11 October 2024 through Supreme Decree No. 107-2024-PCM. (See C.N.448.2024 .TREATIES-IV.4 of 29 October 2024 for the text of the notification.)","The Secretary-General received from the Government of Peru a notification dated 25 October 2024, made under article 4 (3) of the above Covenant, regarding the extension of the state of emergency declared by Supreme Decre"
Perú,Peru,2024-10-25,2024,extensión,estado de emergencia,directo,C.N.447.2024,https://treaties.un.org/doc/Publication/CN/2024/CN.447.2024-Eng.pdf,ONU_PIDCP_art4,"The Secretary-General received from the Government of Peru a notification dated 25 October 2024, made under article 4 (3) of the above Covenant, regarding the extension of the state of emergency declared by Supreme Decree No. 018-2024-PCM in the province of Pataz of the department of La Libertad, for a period of thirty (30) calendar days starting on 11 October 2024 through Supreme Decree No. 108-2024-PCM. (See C.N.447.2024 .TREATIES-IV.4 of 29 October 2024 for the text of the notification.)","The Secretary-General received from the Government of Peru a notification dated 25 October 2024, made under article 4 (3) of the above Covenant, regarding the extension of the state of emergency declared by Supreme Decre"
Perú,Peru,2024-10-25,2024,extensión,estado de emergencia,directo,C.N.449.2024,https://treaties.un.org/doc/Publication/CN/2024/CN.449.2024-Eng.pdf,ONU_PIDCP_art4,"The Secretary-General received from the Government of Peru a notification dated 25 October 2024, made under article 4 (3) of the above Covenant, regarding the extension of the state of emergency declared by Supreme Decree No. 019-2024-PCM in the province of Trujillo of the department of La Libertad, for a period of thirty (30) calendar days starting on 11 October 2024 through Supreme Decree No. 109-2024-PCM. (See C.N.449.2024 .TREATIES-I1V.4 of 29 October 2024 for the text of the notification.)","The Secretary-General received from the Government of Peru a notification dated 25 October 2024, made under article 4 (3) of the above Covenant, regarding the extension of the state of emergency declared by Supreme Decre"
Perú,Peru,2024-11-05,2024,extensión,estado de emergencia,directo,C.N.460.2024,https://treaties.un.org/doc/Publication/CN/2024/CN.460.2024-Eng.pdf,ONU_PIDCP_art4,"The Secretary-General received from the Government of Peru a notification dated 5 November 2024, made under article 4 (3) of the above Covenant, regarding the extension, through Supreme Decree No. 118-2024-PCM, of the state of emergency declared in Corredor Vial Sur Apurímac-Cusco-Arequipa (Apurímac-Cusco-Arequipa Southern Road Corridor), including the five hundred (500) metres adjacent to either side of the road corridor, for a period of thirty (30) calendar days starting on 1 November 2024. (See C.N.460.2024 .TREATIES-IV.4 of 7 November 2024 for the text of the notification.)","The Secretary-General received from the Government of Peru a notification dated 5 November 2024, made under article 4 (3) of the above Covenant, regarding the extension, through Supreme Decree No. 118-2024-PCM, of the st"
Perú,Peru,2024-11-12,2024,declaración,estado de emergencia,directo,C.N.468.2024,https://treaties.un.org/doc/Publication/CN/2024/CN.468.2024-Eng.pdf,ONU_PIDCP_art4,"The Secretary-General received from the Government of Peru a notification dated 28 October 2024, made under article 4 (3) of the above Covenant, regarding the declaration of a state of emergency in the Districts of Manitea and Kimbiri in the Province of La Convención (Department of Cusco), for a period of 60 calendar days by Supreme Decree No. 115-2024-PCM issued on 24 October 2024. (See C.N.468.2024 .TREATIES-IV.4 of 19 November 2024 for the text of the notification.)","The Secretary-General received from the Government of Peru a notification dated 28 October 2024, made under article 4 (3) of the above Covenant, regarding the declaration of a state of emergency in the Districts of Manit"
Perú,Peru,2024-12-12,2024,extensión,estado de emergencia,directo,C.N.483.2024,https://treaties.un.org/doc/Publication/CN/2024/CN.483.2024-Eng.pdf,ONU_PIDCP_art4,"The Secretary-General received from the Government of Peru a notification dated 12 December 2024, made under article 4 (3) of the above Covenant. By Supreme Decree No. 132-2024-PCM, published on 29 November 2024, the state of emergency declared in Corredor Vial Sur Apurímac-Cusco-Arequipa (Apurímac-Cusco-Arequipa Southern Road Corridor), including the five hundred (500) meters adjacent to either side of the road corridor, has been extended for a period of thirty (30) calendar days, starting on 1 December 2024. (See C.N.483.2024 .TREATIES-IV.4 of 18 December 2024 for the text of the notification.)","The Secretary-General received from the Government of Peru a notification dated 12 December 2024, made under article 4 (3) of the above Covenant. By Supreme Decree No. 132-2024-PCM, published on 29 November 2024, the sta"
Perú,Peru,2024-12-12,2024,declaración,estado de emergencia,directo,C.N.484.2024,https://treaties.un.org/doc/Publication/CN/2024/CN.484.2024-Eng.pdf,ONU_PIDCP_art4,"The Secretary-General received from the Government of Peru a notification dated 12 December 2024, made under article 4 (3) of the above Covenant. By Supreme Decree No. 129-2024-PCM, dated 26 November 2024, the Government of Peru declared a state of emergency in the Districts of Ate, Ancón, Carabayllo, Comas, Independencia, Los Olivos, Lurigancho-Chosica, Puente Piedra, Rímac, San Martin de Porres, San Juan de Lurigancho, Santa Rosa and Villa El Salvador in the Province of Lima in the Department of Lima, as well as in the District of Ventanilla in the Constitutional Province of Callao, for a period of 45 calendar days starting on 27 November 2024. (See C.N.484.2024 .TREATIES-IV.4 of 18 December 2024 for the text of the notification.)","The Secretary-General received from the Government of Peru a notification dated 12 December 2024, made under article 4 (3) of the above Covenant. By Supreme Decree No. 129-2024-PCM, dated 26 November 2024, the Government"
Perú,Peru,2024-12-12,2024,extensión,estado de emergencia,directo,C.N.485.2024,https://treaties.un.org/doc/Publication/CN/2024/CN.485.2024-Eng.pdf,ONU_PIDCP_art4,"The Secretary-General received from the Government of Peru a notification dated 12 November 2024, made under article 4 (3) of the above Covenant. By Supreme Decree No. 122-2024-PCM, published on 8 November 2024, the Government of Peru extended the state of emergency declared in the province of Pataz of the department of La Libertad for a period of thirty (30) calendar days starting on 10 November 2024. (See C.N.485.2024 .TREATIES-IV.4 of 18 December 2024 for the text of the notification.)","The Secretary-General received from the Government of Peru a notification dated 12 November 2024, made under article 4 (3) of the above Covenant. By Supreme Decree No. 122-2024-PCM, published on 8 November 2024, the Gove"
Perú,Peru,2024-12-12,2024,extensión,estado de emergencia,directo,C.N.486.2024,https://treaties.un.org/doc/Publication/CN/2024/CN.486.2024-Eng.pdf,ONU_PIDCP_art4,"The Secretary-General received from the Government of Peru a notification dated 12 December 2024, made under article 4 (3) of the above Covenant. Through Supreme Decree No. 126-2024-PCM, published on 22 November 2024, the Government of Peru extended the state of emergency declared in the districts of Tambopata, Inambari, Las Piedras and Laberinto in the province of Tambopata, and in the districts of Madre de Dios and Huepetuhe in the province of Manu in the department of Madre de Dios, for a period of 60 calendar days starting on 27 November 2024. (See C.N.486.2024 .TREATIES-IV.4 of 18 December 2024 for the text of the notification.)","The Secretary-General received from the Government of Peru a notification dated 12 December 2024, made under article 4 (3) of the above Covenant. Through Supreme Decree No. 126-2024-PCM, published on 22 November 2024, th"
Perú,Peru,2024-12-12,2024,extensión,estado de emergencia,directo,C.N.487.2024,https://treaties.un.org/doc/Publication/CN/2024/CN.487.2024-Eng.pdf,ONU_PIDCP_art4,"The Secretary-General received from the Government of Peru a notification dated 12 November 2024, made under article 4 (3) of the above Covenant. The Secretary-General received from the Government of Peru a notification dated 28 October 2024. By Supreme Decree No. 120-2024-PCM, published on 8 November 2024, the Government of Peru extended the state of emergency declared in the province of Trujillo of the department of La Libertad for a period of thirty (30) calendar days starting on 10 November 2024. (See C.N.487.2024 .TREATIES-IV.4 of 18 December 2024 for the text of the notification.)","The Secretary-General received from the Government of Peru a notification dated 12 November 2024, made under article 4 (3) of the above Covenant. The Secretary-General received from the Government of Peru a notification "
Perú,Peru,2024-12-12,2024,extensión,estado de emergencia,directo,C.N.488.2024,https://treaties.un.org/doc/Publication/CN/2024/CN.488.2024-Eng.pdf,ONU_PIDCP_art4,"The Secretary-General received from the Government of Peru a notification dated 12 November 2024, made under article 4 (3) of the above Covenant. By Supreme Decree No. 121-2024-PCM, published on 8 November 2024, the Government of Peru extended the state of emergency in the province of Virú of the department of La Libertad for a period of thirty (30) calendar days starting on 10 November 2024. (See C.N.488.2024 .TREATIES-IV.4 of 18 December 2024 for the text of the notification.)","The Secretary-General received from the Government of Peru a notification dated 12 November 2024, made under article 4 (3) of the above Covenant. By Supreme Decree No. 121-2024-PCM, published on 8 November 2024, the Gove"
Perú,Peru,2024-12-30,2024,extensión,estado de emergencia,directo,C.N.551.2024,https://treaties.un.org/doc/Publication/CN/2024/CN.551.2024-Eng.pdf,ONU_PIDCP_art4,"The Secretary-General received from the Government of Peru a notification dated 30 December 2024, made under article 4 (3) of the above Covenant, regarding the extension of the state of emergency in Corredor Vial Sur Apurímac-Cusco-Arequipa (Apurímac-Cusco-Arequipa Southern Road Corridor), including the five hundred (500) metres adjacent to either side of the road corridor, for a period of 30 calendar days starting on 31 December 2024 through Supreme Decree No. 147-2024-PCM. (See C.N.551.2024 .TREATIES-IV.4 of 7 January 2025 for the text of the notification.)","The Secretary-General received from the Government of Peru a notification dated 30 December 2024, made under article 4 (3) of the above Covenant, regarding the extension of the state of emergency in Corredor Vial Sur Apu"
Perú,Peru,2024-12-30,2024,extensión,estado de emergencia,directo,C.N.544.2024,https://treaties.un.org/doc/Publication/CN/2024/CN.544.2024-Eng.pdf,ONU_PIDCP_art4,"The Secretary-General received from the Government of Peru a notification dated 12 December 2024, made under article 4 (3) of the above Covenant, regarding the extension of the state of emergency declared in 30 districts and population centres of provinces in the Departments of Ayacucho, Huancavelica, Junín and Cusco, for a period of 60 calendar days starting on 2 December 2024 through Supreme Decree No. 133-2024-PCM. (See C.N.544.2024 .TREATIES-IV.4 of 7 January 2025 for the text of the notification.)","The Secretary-General received from the Government of Peru a notification dated 12 December 2024, made under article 4 (3) of the above Covenant, regarding the extension of the state of emergency declared in 30 districts"
Perú,Peru,2024-12-30,2024,extensión,estado de emergencia,directo,C.N.546.2024,https://treaties.un.org/doc/Publication/CN/2024/CN.546.2024-Eng.pdf,ONU_PIDCP_art4,"The Secretary-General received from the Government of Peru a notification dated 12 December 2024, made under article 4 (3) of the above Covenant, regarding the extension of the state of emergency in the province of Virú of the department of La Libertad for a period of 30 calendar days starting on 10 December 2024 through Supreme Decree No. 137-2024-PCM. (See C.N.546.2024 .TREATIES-IV.4 of 7 January 2025 for the text of the notification.)","The Secretary-General received from the Government of Peru a notification dated 12 December 2024, made under article 4 (3) of the above Covenant, regarding the extension of the state of emergency in the province of Virú "
Perú,Peru,2024-12-30,2024,extensión,estado de emergencia,directo,C.N.547.2024,https://treaties.un.org/doc/Publication/CN/2024/CN.547.2024-Eng.pdf,ONU_PIDCP_art4,"The Secretary-General received from the Government of Peru a notification dated 12 December 2024, made under article 4 (3) of the above Covenant, regarding the extension of the state of emergency in the province of Pataz of the department of La Libertad for a period of 30 calendar days starting on 10 December 2024 through Supreme Decree No. 138-2024-PCM. (See C.N.547.2024 .TREATIES-IV.4 of 7 January 2025 for the text of the notification.)","The Secretary-General received from the Government of Peru a notification dated 12 December 2024, made under article 4 (3) of the above Covenant, regarding the extension of the state of emergency in the province of Pataz"
Perú,Peru,2024-12-30,2024,extensión,estado de emergencia,directo,C.N.550.2024,https://treaties.un.org/doc/Publication/CN/2024/CN.550.2024-Eng.pdf,ONU_PIDCP_art4,"The Secretary-General received from the Government of Peru a notification dated 30 December 2024, made under article 4 (3) of the above Covenant, regarding the extension of the state of emergency in the Districts of Manitea and Kimbiri in the Province of La Convención (Department of Cusco) for a period of 60 calendar days starting on 24 December 2024 through Supreme Decree No. 146-2024-PCM. (See C.N.550.2024 .TREATIES-IV.4 of 7 January 2025 for the text of the notification.)","The Secretary-General received from the Government of Peru a notification dated 30 December 2024, made under article 4 (3) of the above Covenant, regarding the extension of the state of emergency in the Districts of Mani"
Perú,Peru,2024-12-30,2024,declaración,estado de emergencia,directo,C.N.548.2024,https://treaties.un.org/doc/Publication/CN/2024/CN.548.2024-Eng.pdf,ONU_PIDCP_art4,"The Secretary-General received from the Government of Peru a notification dated 12 December 2024, made under article 4 (3) of the above Covenant, regarding the declaration of the state of emergency in the district of La Victoria in the province Lima (Department of Lima) and in the districts of Callao Cercado, Bellavista, Carmen de La Legua-Reynoso, La Perla, La Punta and Mi Perú in the Constitutional Province of Callao, for a period of 60 calendar days starting on 7 December 2024 through Supreme Decree No. 139-2024-PCM. (See C.N.548.2024 .TREATIES-IV.4 of 7 January 2025 for the text of the notification.)","The Secretary-General received from the Government of Peru a notification dated 12 December 2024, made under article 4 (3) of the above Covenant, regarding the declaration of the state of emergency in the district of La "
Perú,Peru,2024-12-30,2024,declaración,estado de emergencia,directo,C.N.549.2024,https://treaties.un.org/doc/Publication/CN/2024/CN.549.2024-Eng.pdf,ONU_PIDCP_art4,"The Secretary-General received from the Government of Peru a notification dated 30 December 2024, made under article 4 (3) of the above Covenant, regarding the declaration of the state of emergency in the district of Cielo Punco in the province La Convención (Department of Cusco) and in the district of Samugari in the province of La Mar (Department of Ayacucho), for a period of 60 calendar days starting on 24 December 2024 through Supreme Decree No. 145-2024-PCM. (See C.N.549.2024 .TREATIES-IV.4 of 7 January 2025 for the text of the notification.)","The Secretary-General received from the Government of Peru a notification dated 30 December 2024, made under article 4 (3) of the above Covenant, regarding the declaration of the state of emergency in the district of Cie"
Perú,Peru,2024-12-30,2024,extensión,estado de emergencia,directo,C.N.545.2024,https://treaties.un.org/doc/Publication/CN/2024/CN.545.2024-Eng.pdf,ONU_PIDCP_art4,"The Secretary-General received from the Government of Peru a notification dated 12 December 2024, made under article 4 (3) of the above Covenant, regarding the extension of the state of emergency in the province of Trujillo of the department of La Libertad, for a period of 30 calendar days starting on 10 December 2024 through Supreme Decree No. 136-2024-PCM. (See C.N.545.2024 .TREATIES-IV.4 of 7 January 2025 for the text of the notification.)","The Secretary-General received from the Government of Peru a notification dated 12 December 2024, made under article 4 (3) of the above Covenant, regarding the extension of the state of emergency in the province of Truji"
Trinidad y Tobago,Trinidad and Tobago,2024-12-31,2024,declaración,estado de emergencia,heredado,C.N.552.2024,https://treaties.un.org/doc/Publication/CN/2024/CN.552.2024-Eng.pdf,ONU_PIDCP_art4,The President of the Republic of Trinidad and Tobago declared a state of public emergency by Proclamation (Legal Notice No. 239 of 2024) from 30 December 2024 to 14 January 2025. (See depositary notification C.N.552.2024 .TREATIES-IV.4 of 16 January 2025),The President of the Republic of Trinidad and Tobago declared a state of public emergency by Proclamation (Legal Notice No. 239 of 2024) from 30 December 2024 to 14 January 2025. (See depositary notification C.N.552.2024
Perú,Peru,2025-01-02,2025,extensión,estado de emergencia,directo,C.N.19.2025,https://treaties.un.org/doc/Publication/CN/2025/CN.19.2025-Eng.pdf,ONU_PIDCP_art4,"The Secretary-General received from the Government of Peru a notification dated 12 October 2024, made under article 4 (3) of the above Covenant, regarding the extension of the state of emergency in the provinces of Putumayo and Mariscal Ramón Castilla in the department of Loreto, for a period of 60 calendar days starting on 10 October 2024 through Supreme Decree No. 106-2024-PCM. (See C.N.19.2025 .TREATIES-IV.4 of 7 January 2025 for the text of the notification.)","The Secretary-General received from the Government of Peru a notification dated 12 October 2024, made under article 4 (3) of the above Covenant, regarding the extension of the state of emergency in the provinces of Putum"
Perú,Peru,2025-01-02,2025,extensión,estado de emergencia,directo,C.N.20.2025,https://treaties.un.org/doc/Publication/CN/2025/CN.20.2025-Eng.pdf,ONU_PIDCP_art4,"The Secretary-General received from the Government of Peru a notification dated 12 December 2024, made under article 4 (3) of the above Covenant, regarding the extension of the state of emergency in the provinces of Putumayo and Mariscal Ramón Castilla in the department of Loreto, for a period of 60 calendar days starting on 9 December 2024 through Supreme Decree No. 135-2024-PCM. (See C.N.20.2025 .TREATIES-IV.4 of 7 January 2025 for the text of the notification.)","The Secretary-General received from the Government of Peru a notification dated 12 December 2024, made under article 4 (3) of the above Covenant, regarding the extension of the state of emergency in the provinces of Putu"
Perú,Peru,2025-01-03,2025,extensión,estado de emergencia,directo,C.N.21.2025,https://treaties.un.org/doc/Publication/CN/2025/CN.21.2025-Eng.pdf,ONU_PIDCP_art4,"The Secretary-General received from the Government of Peru a notification dated 31 December 2024, made under article 4 (3) of the above Covenant, regarding the two extensions of the state of emergency in the province of Zarumilla of the department of Tumbes for a period of 60 calendar days each starting from 7 September 2024 by Supreme Decree No. 090-2024-PCM and from 6 November 2024 by Supreme Decree No. 119-2024-PCM, respectively. (See C.N.21.2025 .TREATIES-IV.4 of 7 January 2025 for the text of the notification.)","The Secretary-General received from the Government of Peru a notification dated 31 December 2024, made under article 4 (3) of the above Covenant, regarding the two extensions of the state of emergency in the province of "
Ecuador,Ecuador,2025-01-07,2025,declaración,estado de emergencia,directo,C.N.28.2025,https://treaties.un.org/doc/Publication/CN/2025/CN.28.2025-Eng.pdf,ONU_PIDCP_art4,"The Secretary-General received from the Government of Ecuador a notification dated 7 January 2025, made under article 4 (3) of the above Covenant, regarding the Executive Decree No. 493 of 2 January 2025 declaring a state of emergency in the Provinces of Guayas, Los Ríos, Manabí, Orellana, Santa Elena, El Oro and Sucumbíos, the Metropolitan District of Quito in Pichincha Province, La Troncal Canton in Cañar Province and Camilo Ponce Enríquez Canton in Azuay Province, owing to serious internal unrest and internal armed conflict – the latter of which was addressed by Executive Decree No. 218 of 7 April 2024 – including in the detention centres of the National Social Rehabilitation System nationwide, for a period of 60 days beginning on 2 January 2025. (See depositary notification C.N.28.2025 .TREATIES-IV.4 of 10 January 2025 for the text of the notification.)","The Secretary-General received from the Government of Ecuador a notification dated 7 January 2025, made under article 4 (3) of the above Covenant, regarding the Executive Decree No. 493 of 2 January 2025 declaring a stat"
Perú,Peru,2025-01-08,2025,extensión,estado de emergencia,directo,C.N.24.2025,https://treaties.un.org/doc/Publication/CN/2025/CN.24.2025-Eng.pdf,ONU_PIDCP_art4,"The Secretary-General received from the Government of Peru a notification dated 8 January 2025, made under article 4 (3) of the above Covenant, regarding the extension of the state of emergency in the province of Zarumilla of the department of Tumbes for a period of 60 calendar days starting on 5 January 2025 by Supreme Decree No. 001-2025-PCM. (See C.N.24.2025 .TREATIES-IV.4 of 9 January 2025 for the text of the notification.)","The Secretary-General received from the Government of Peru a notification dated 8 January 2025, made under article 4 (3) of the above Covenant, regarding the extension of the state of emergency in the province of Zarumil"
Perú,Peru,2025-01-08,2025,extensión,estado de emergencia,directo,C.N.25.2025,https://treaties.un.org/doc/Publication/CN/2025/CN.25.2025-Eng.pdf,ONU_PIDCP_art4,"The Secretary-General received from the Government of Peru a notification dated 8 January 2025, made under article 4 (3) of the above Covenant, regarding the extension of the state of emergency in the province of Pataz of the department of La Libertad for a period of 60 calendar days starting on 9 January 2025 by Supreme Decree No. 004-2025-PCM. (See C.N.25.2025 .TREATIES-IV.4 of 9 January 2025 for the text of the notification.)","The Secretary-General received from the Government of Peru a notification dated 8 January 2025, made under article 4 (3) of the above Covenant, regarding the extension of the state of emergency in the province of Pataz o"
Perú,Peru,2025-01-08,2025,extensión,estado de emergencia,directo,C.N.26.2025,https://treaties.un.org/doc/Publication/CN/2025/CN.26.2025-Eng.pdf,ONU_PIDCP_art4,"The Secretary-General received from the Government of Peru a notification dated 8 January 2025, made under article 4 (3) of the above Covenant, regarding the extension of the state of emergency in the province of Virú of the department of La Libertad for a period of 60 calendar days starting on 9 January 2025 by Supreme Decree No. 002-2025-PCM. (See C.N.26.2025 .TREATIES-IV.4 of 9 January 2025 for the text of the notification.)","The Secretary-General received from the Government of Peru a notification dated 8 January 2025, made under article 4 (3) of the above Covenant, regarding the extension of the state of emergency in the province of Virú of"
Perú,Peru,2025-01-08,2025,extensión,estado de emergencia,directo,C.N.27.2025,https://treaties.un.org/doc/Publication/CN/2025/CN.27.2025-Eng.pdf,ONU_PIDCP_art4,"The Secretary-General received from the Government of Peru a notification dated 8 January 2025, made under article 4 (3) of the above Covenant, regarding the extension of the state of emergency in the province of Trujillo of the department of La Libertad, for a period of 60 calendar days starting on 9 January 2025 through Supreme Decree No. 003-2025-PCM. (See C.N.27.2025 .TREATIES-IV.4 of 9 January 2025 for the text of the notification.)","The Secretary-General received from the Government of Peru a notification dated 8 January 2025, made under article 4 (3) of the above Covenant, regarding the extension of the state of emergency in the province of Trujill"
Trinidad y Tobago,Trinidad and Tobago,2025-01-24,2025,extensión,estado de emergencia,heredado,C.N.73.2025,https://treaties.un.org/doc/Publication/CN/2025/CN.73.2025-Eng.pdf,ONU_PIDCP_art4,The state of public emergency declared in the Republic of Trinidad and Tobago was extended on 13 January 2025 for a further period of three months until 14 April 2025 (Legal Notice No. 12 of 2025). (See depositary notification C.N.73.2025 .TREATIES-IV.4 of 28 January 2025),The state of public emergency declared in the Republic of Trinidad and Tobago was extended on 13 January 2025 for a further period of three months until 14 April 2025 (Legal Notice No. 12 of 2025). (See depositary notifi
Perú,Peru,2025-02-03,2025,extensión,estado de emergencia,directo,C.N.78.2025,https://treaties.un.org/doc/Publication/CN/2025/CN.78.2025-Eng.pdf,ONU_PIDCP_art4,"The Secretary-General received from the Government of Peru a notification dated 31 January 2024, made under article 4 (3) of the above Covenant. Through Supreme Decree No. 011-2025-PCM, published on 23 January 2025, the Government of Peru extended the state of emergency declared in the districts of Tambopata, Inambari, Las Piedras and Laberinto in the province of Tambopata, and in the districts of Madre de Dios and Huepetuhe in the province of Manu in the department of Madre de Dios, for a period of 60 calendar days starting on 26 January 2025. (See C.N.78.2025 .TREATIES-IV.4 of 12 February 2025 for the text of the notification.)","The Secretary-General received from the Government of Peru a notification dated 31 January 2024, made under article 4 (3) of the above Covenant. Through Supreme Decree No. 011-2025-PCM, published on 23 January 2025, the "
Perú,Peru,2025-02-03,2025,extensión,estado de emergencia,directo,C.N.79.2025,https://treaties.un.org/doc/Publication/CN/2025/CN.79.2025-Eng.pdf,ONU_PIDCP_art4,"The Secretary-General received from the Government of Peru a notification dated 31 January 2025, made under article 4 (3) of the above Covenant, regarding the extension of the state of emergency in Corredor Vial Sur Apurímac-Cusco-Arequipa (Apurímac-Cusco-Arequipa Southern Road Corridor), including the five hundred (500) meters adjacent to either side of the road corridor, for a period of 60 calendar days starting on 30 January 2025 through Supreme Decree No. 012-2025-PCM. (See C.N.79.2025 .TREATIES-IV.4 of 12 February 2025 for the text of the notification.)","The Secretary-General received from the Government of Peru a notification dated 31 January 2025, made under article 4 (3) of the above Covenant, regarding the extension of the state of emergency in Corredor Vial Sur Apur"
Perú,Peru,2025-02-17,2025,extensión,estado de emergencia,directo,C.N.88.2025,https://treaties.un.org/doc/Publication/CN/2025/CN.88.2025-Eng.pdf,ONU_PIDCP_art4,"The Secretary-General received from the Government of Peru a notification dated 13 February 2025, made under article 4 (3) of the above Covenant, regarding the extension of the state of emergency in the provinces of Putumayo and Mariscal Ramón Castilla in the department of Loreto, for a period of 60 calendar days starting on 7 February 2025 through Supreme Decree No. 018-2025-PCM. (See C.N.88.2025 .TREATIES-IV.4 of 19 February 2025 for the text of the notification.)","The Secretary-General received from the Government of Peru a notification dated 13 February 2025, made under article 4 (3) of the above Covenant, regarding the extension of the state of emergency in the provinces of Putu"
Perú,Peru,2025-02-17,2025,extensión,estado de emergencia,directo,C.N.87.2025,https://treaties.un.org/doc/Publication/CN/2025/CN.87.2025-Eng.pdf,ONU_PIDCP_art4,"The Secretary-General received from the Government of Peru a notification dated 13 February 2025, made under article 4 (3) of the above Covenant, regarding the extension of the state of emergency declared in 24 districts and population centres of provinces in the Departments of Ayacucho, Huancavelica, Junín and Cusco, for a period of 60 calendar days starting on 31 January 2025 through Supreme Decree No. 016-2025-PCM. (See C.N.87.2025 .TREATIES-IV.4 of 19 February 2025 for the text of the notification.)","The Secretary-General received from the Government of Peru a notification dated 13 February 2025, made under article 4 (3) of the above Covenant, regarding the extension of the state of emergency declared in 24 districts"
Chile,Chile,2025-02-28,2025,extensión,estado de emergencia,directo,C.N.114.2025,https://treaties.un.org/doc/Publication/CN/2025/CN.114.2025-Eng.pdf,ONU_PIDCP_art4,"The Secretary-General received from the Government of Chile a notification dated 13 February 2025, made under article 4 (3) of the above Covenant, regarding the further extension of the constitutional state of emergency in the areas indicated, and the temporary suspension of the right to liberty of movement, as provided for in article 12 of the International Covenant on Civil and Political Rights. (See C.N.114.2025 .TREATIES-IV.4 of 10 March 2025 for the text of the notification.)","The Secretary-General received from the Government of Chile a notification dated 13 February 2025, made under article 4 (3) of the above Covenant, regarding the further extension of the constitutional state of emergency "
Chile,Chile,2025-03-03,2025,declaración,estado de emergencia,directo,C.N.135.2025,https://treaties.un.org/doc/Publication/CN/2025/CN.135.2025-Eng.pdf,ONU_PIDCP_art4,"The Secretary-General received from the Government of Chile a notification dated 26 February 2025, made under article 4 (3) of the above Covenant, regarding the establishment a constitutional state of emergency in the areas indicated, and the temporary suspension of the right to liberty of movement and the right of assembly, as provided for in articles 12 and 21 of the International Covenant on Civil and Political Rights. (See C.N.135.2025 .TREATIES-IV.4 of 17 March 2025 for the text of the notification.)","The Secretary-General received from the Government of Chile a notification dated 26 February 2025, made under article 4 (3) of the above Covenant, regarding the establishment a constitutional state of emergency in the ar"
Perú,Peru,2025-03-06,2025,extensión,estado de emergencia,directo,C.N.112.2025,https://treaties.un.org/doc/Publication/CN/2025/CN.112.2025-Eng.pdf,ONU_PIDCP_art4,"The Secretary-General received from the Government of Peru a notification dated 6 March 2025, made under article 4 (3) of the above Covenant, regarding the extension of the state of emergency in the districts of Manitea, Kimbiri and Cielo Punco in the province La Convención (Department of Cusco) and in the district of Samugari in the province of La Mar (Department of Ayacucho), for a period of 60 calendar days starting on 22 February 2025 through Supreme Decree No. 022-2025-PCM. (See C.N.112.2025 .TREATIES-IV.4 of 7 March 2025 for the text of the notification.)","The Secretary-General received from the Government of Peru a notification dated 6 March 2025, made under article 4 (3) of the above Covenant, regarding the extension of the state of emergency in the districts of Manitea,"
Perú,Peru,2025-03-06,2025,extensión,estado de emergencia,directo,C.N.113.2025,https://treaties.un.org/doc/Publication/CN/2025/CN.113.2025-Eng.pdf,ONU_PIDCP_art4,"The Secretary-General received from the Government of Peru a notification dated 6 March 2025, made under article 4 (3) of the above Covenant, regarding the extension of the state of emergency in the province of Zarumilla of the department of Tumbes for a period of 60 calendar days starting from 6 March 2025 by Supreme Decree No. 025-2025-PCM. (See C.N.113.2025 .TREATIES-IV.4 of 7 March 2025 for the text of the notification.)","The Secretary-General received from the Government of Peru a notification dated 6 March 2025, made under article 4 (3) of the above Covenant, regarding the extension of the state of emergency in the province of Zarumilla"
Perú,Peru,2025-03-20,2025,extensión,estado de emergencia,directo,C.N.143.2025,https://treaties.un.org/doc/Publication/CN/2025/CN.143.2025-Eng.pdf,ONU_PIDCP_art4,"The Secretary-General received from the Government of Peru a notification dated 13 March 2025, made under article 4 (3) of the above Covenant. By Supreme Decree No. 030-2025-PCM, published on 7 March 2025, the state of emergency declared in the province of Pataz of the department of La Libertad was extended for a period of 60 calendar days starting on 10 March 2025. (See depositary notification C.N.143.2025 .TREATIES-IV.4 of 21 March 2025)","The Secretary-General received from the Government of Peru a notification dated 13 March 2025, made under article 4 (3) of the above Covenant. By Supreme Decree No. 030-2025-PCM, published on 7 March 2025, the state of e"
Perú,Peru,2025-03-20,2025,extensión,estado de emergencia,directo,C.N.144.2025,https://treaties.un.org/doc/Publication/CN/2025/CN.144.2025-Eng.pdf,ONU_PIDCP_art4,"The Secretary-General received from the Government of Peru a notification dated 13 March 2025, made under article 4 (3) of the above Covenant. By Supreme Decree No. 031-2025-PCM, published on 7 March 2025, the state of emergency declared in the province of Trujillo of the department of La Libertad was extended for a period of 60 calendar days starting on 10 March 2025. (See depositary notification C.N.144.2025 .TREATIES-IV.4 of 21 March 2025)","The Secretary-General received from the Government of Peru a notification dated 13 March 2025, made under article 4 (3) of the above Covenant. By Supreme Decree No. 031-2025-PCM, published on 7 March 2025, the state of e"
Perú,Peru,2025-03-20,2025,extensión,estado de emergencia,directo,C.N.145.2025,https://treaties.un.org/doc/Publication/CN/2025/CN.145.2025-Eng.pdf,ONU_PIDCP_art4,"The Secretary-General received from the Government of Peru a notification dated 13 March 2025, made under article 4 (3) of the above Covenant. By Supreme Decree No. 029-2025-PCM, published on 7 March 2025, the state of emergency declared in the province of Virú of the department of La Libertad was extended for a period of 60 calendar days starting on 10 March 2025. (See depositary notification C.N.145.2025 .TREATIES-IV.4 of 21 March 2025)","The Secretary-General received from the Government of Peru a notification dated 13 March 2025, made under article 4 (3) of the above Covenant. By Supreme Decree No. 029-2025-PCM, published on 7 March 2025, the state of e"
Perú,Peru,2025-03-20,2025,declaración,estado de emergencia,directo,C.N.146.2025,https://treaties.un.org/doc/Publication/CN/2025/CN.146.2025-Eng.pdf,ONU_PIDCP_art4,"The Secretary-General received from the Government of Peru a notification dated 13 March 2025, made under article 4 (3) of the above Covenant. By Supreme Decree No. 028-2025-PCM, published on 6 March 2025, the Government of Peru declared a state of emergency for a period of sixty (60) calendar days, starting from 7 March 2025, in the districts of Anco and Unión Progreso in the Province of La Mar, Department of Ayacucho, and in the districts of Megantoni, Kumpirushiato, Echarate, Villa Virgen, and Villa Kintiarina in the Province of La Convención in the Department of Cusco. (See depoistary notification C.N.146.2025 .TREATIES-IV.4 of 21 March 2025)","The Secretary-General received from the Government of Peru a notification dated 13 March 2025, made under article 4 (3) of the above Covenant. By Supreme Decree No. 028-2025-PCM, published on 6 March 2025, the Government"
Perú,Peru,2025-03-20,2025,declaración,estado de emergencia,directo,C.N.195.2025,https://treaties.un.org/doc/Publication/CN/2025/CN.195.2025-Eng.pdf,ONU_PIDCP_art4,"The Secretary-General received from the Government of Peru a notification dated 20 March 2025, made under article 4 (3) of the above Covenant. By Supreme Decree No. 035-2025-PCM, published on 17 March 2025, the Government of Peru declared a state of emergency for a period of thirty (30) calendar days, starting from 18 March 2025, in Lima Metropolitan area of the Department of Lima and in the Constitutional Province of Callao. (See depoistary notification C.N.195.2025 .TREATIES-IV.4 of 13 May 2025)","The Secretary-General received from the Government of Peru a notification dated 20 March 2025, made under article 4 (3) of the above Covenant. By Supreme Decree No. 035-2025-PCM, published on 17 March 2025, the Governmen"
Perú,Peru,2025-04-09,2025,extensión,estado de emergencia,directo,C.N.168.2025,https://treaties.un.org/doc/Publication/CN/2025/CN.168.2025-Eng.pdf,ONU_PIDCP_art4,"The Secretary-General received from the Government of Peru a notification dated 8 April 2025, made under article 4 (3) of the above Covenant, regarding the extension of the state of emergency declared in the 14 districts and 6 populations centres of provinces in the Departments of Ayacucho, Huancavelica, Cusco and Junín for a period of 60 calendar days starting on 1 April 2025 through Supreme Decree No. 041-2025-PCM. (See C.N.168.2025 .TREATIES-IV.4 of 11 April 2025 for the text of the notification.)","The Secretary-General received from the Government of Peru a notification dated 8 April 2025, made under article 4 (3) of the above Covenant, regarding the extension of the state of emergency declared in the 14 districts"
Perú,Peru,2025-04-09,2025,extensión,estado de emergencia,directo,C.N.169.2025,https://treaties.un.org/doc/Publication/CN/2025/CN.169.2025-Eng.pdf,ONU_PIDCP_art4,"The Secretary-General received from the Government of Peru a notification dated 8 April 2025, made under article 4 (3) of the above Covenant, regarding the extension of the state of emergency in Corredor Vial Sur Apurímac-Cusco-Arequipa (Apurímac-Cusco-Arequipa Southern Road Corridor), including the five hundred (500) meters adjacent to either side of the road corridor, for a period of 60 calendar days starting on 31 March 2025 through Supreme Decree No. 040-2025-PCM. (See C.N.169.2025 .TREATIES-IV.4 of 11 April 2025 for the text of the notification.)","The Secretary-General received from the Government of Peru a notification dated 8 April 2025, made under article 4 (3) of the above Covenant, regarding the extension of the state of emergency in Corredor Vial Sur Apuríma"
Perú,Peru,2025-04-09,2025,declaración,estado de emergencia,directo,C.N.170.2025,https://treaties.un.org/doc/Publication/CN/2025/CN.170.2025-Eng.pdf,ONU_PIDCP_art4,"The Secretary-General received from the Government of Peru a notification dated 8 April 2025, made under article 4 (3) of the above Covenant, regarding the declaration of a state of emergency in the districts of Ayna, Santa Rosa, Anchihuay and Río Magdalena in the province of La Mar (department of Ayacucho) for a period of 60 calendar days starting on 5 April 2025 through Supreme Decree No. 044-2025-PCM. (See C.N.170.2025 .TREATIES-IV.4 of 11 April 2025 for the text of the notification.)","The Secretary-General received from the Government of Peru a notification dated 8 April 2025, made under article 4 (3) of the above Covenant, regarding the declaration of a state of emergency in the districts of Ayna, Sa"
Perú,Peru,2025-04-09,2025,extensión,estado de emergencia,directo,C.N.171.2025,https://treaties.un.org/doc/Publication/CN/2025/CN.171.2025-Eng.pdf,ONU_PIDCP_art4,"The Secretary-General received from the Government of Peru a notification dated 8 April 2025, made under article 4 (3) of the above Covenant, regarding the extension of the state of emergency in the provinces of Putumayo and Mariscal Ramón Castilla in the department of Loreto for a period of 60 calendar days starting on 8 April 2025 through Supreme Decree No. 045-2025-PCM. (See C.N.171.2025 .TREATIES-IV.4 of 11 April 2025 for the text of the notification.)","The Secretary-General received from the Government of Peru a notification dated 8 April 2025, made under article 4 (3) of the above Covenant, regarding the extension of the state of emergency in the provinces of Putumayo"
Perú,Peru,2025-04-09,2025,extensión,estado de emergencia,directo,C.N.167.2025,https://treaties.un.org/doc/Publication/CN/2025/CN.167.2025-Eng.pdf,ONU_PIDCP_art4,"The Secretary-General received from the Government of Peru a notification dated 24 March 2025, made under article 4 (3) of the above Covenant regarding the extension of the state of emergency declared in the districts of Tambopata, Inambari, Las Piedras and Laberinto in the province of Tambopata, and in the districts of Madre de Dios and Huepetuhe in the province of Manu in the department of Madre de Dios, for a period of 60 calendar days starting on 27 March 2025 through Supreme Decree No. 036-2025-PCM. (See C.N.167.2025 .TREATIES-IV.4 of 11 April 2025 for the text of the notification.)","The Secretary-General received from the Government of Peru a notification dated 24 March 2025, made under article 4 (3) of the above Covenant regarding the extension of the state of emergency declared in the districts of"
Ecuador,Ecuador,2025-04-16,2025,declaración,estado de emergencia,directo,C.N.183.2025,https://treaties.un.org/doc/Publication/CN/2025/CN.183.2025-Eng.pdf,ONU_PIDCP_art4,"The Secretary-General received from the Government of Ecuador a notification dated 16 April 2025, made under article 4 (3) of the above Covenant, regarding the Executive Decree No. 599 of 12 April 2025 declaring a state of emergency, owing to the increase in rates of violence, the commission of crimes and the intensity of the unlawful acts perpetrated by organized armed groups, for a period of 60 days beginning on 12 April 2025. (See depositary notification C.N.183.2025 .TREATIES-IV.4 of 28 April 2025 2025 for the text of the notification.)","The Secretary-General received from the Government of Ecuador a notification dated 16 April 2025, made under article 4 (3) of the above Covenant, regarding the Executive Decree No. 599 of 12 April 2025 declaring a state "
Trinidad y Tobago,Trinidad and Tobago,2025-04-22,2025,declaración,estado de emergencia,heredado,C.N.180.2025,https://treaties.un.org/doc/Publication/CN/2025/CN.180.2025-Eng.pdf,ONU_PIDCP_art4,The Government of the Republic of Trinidad and Tobago notified the Secretary-General that the state of public emergency declared in the Republic of Trinidad and Tobago ended on 14 April 2025 at 11h59 p.m. (See depositary notification C.N.180.2025 .TREATIES-IV.4 of 23 April 2025),The Government of the Republic of Trinidad and Tobago notified the Secretary-General that the state of public emergency declared in the Republic of Trinidad and Tobago ended on 14 April 2025 at 11h59 p.m. (See depositary
Perú,Peru,2025-05-06,2025,extensión,estado de emergencia,directo,C.N.197.2025,https://treaties.un.org/doc/Publication/CN/2025/CN.197.2025-Eng.pdf,ONU_PIDCP_art4,"The Secretary-General received from the Government of Peru a notification dated 5 May 2025, made under article 4 (3) of the above Covenant. By Supreme Decree No. 046-2025-PCM, published on 13 April 2025, the Government of Peru extended a state of emergency for a period of thirty (30) calendar days, starting from 17 April 2025, in Lima Metropolitan area of the Department of Lima and in the Constitutional Province of Callao. (See depoistary notification C.N.197.2025 .TREATIES-IV.4 of 13 mai 2025)","The Secretary-General received from the Government of Peru a notification dated 5 May 2025, made under article 4 (3) of the above Covenant. By Supreme Decree No. 046-2025-PCM, published on 13 April 2025, the Government o"
Perú,Peru,2025-05-06,2025,extensión,estado de emergencia,directo,C.N.192.2025,https://treaties.un.org/doc/Publication/CN/2025/CN.192.2025-Eng.pdf,ONU_PIDCP_art4,"The Secretary-General received from the Government of Peru a notification dated 5 May 2025, made under article 4 (3) of the above Covenant, regarding the extension of the state of emergency in the districts of Manitea, Kimbiri and Cielo Punco in the province La Convención (Department of Cusco) and in the district of Samugari in the province of La Mar (Department of Ayacucho), for a period of 60 calendar days starting on 23 April 2025 through Supreme Decree No. 049-2025-PCM. (See C.N.192.2025 .TREATIES-IV.4 of 9 May 2025 for the text of the notification.)","The Secretary-General received from the Government of Peru a notification dated 5 May 2025, made under article 4 (3) of the above Covenant, regarding the extension of the state of emergency in the districts of Manitea, K"
Perú,Peru,2025-05-08,2025,extensión,estado de emergencia,directo,C.N.193.2025,https://treaties.un.org/doc/Publication/CN/2025/CN.193.2025-Eng.pdf,ONU_PIDCP_art4,"The Secretary-General received from the Government of Peru a notification dated 7 May 2025, made under article 4 (3) of the above Covenant, regarding the extension of the state of emergency in the province of Zarumilla of the department of Tumbes for a period of sixty calendar days starting from 5 May 2025 by Supreme Decree No. 055-2025-PCM. (See C.N.193.2025 .TREATIES-IV.4 of 9 May 2025 for the text of the notification.)","The Secretary-General received from the Government of Peru a notification dated 7 May 2025, made under article 4 (3) of the above Covenant, regarding the extension of the state of emergency in the province of Zarumilla o"
Perú,Peru,2025-05-08,2025,extensión,estado de emergencia,directo,C.N.194.2025,https://treaties.un.org/doc/Publication/CN/2025/CN.194.2025-Eng.pdf,ONU_PIDCP_art4,"The Secretary-General received from the Government of Peru a notification dated 7 May 2025, made under article 4 (3) of the above Covenant. By Supreme Decree No. 058-2025-PCM, published on 1 May 2025, the Government of Peru extended a state of emergency for a period of sixty (60) calendar days, starting from 6 May 2025, in the districts of Anco and Unión Progreso in the Province of La Mar, Department of Ayacucho, and in the districts of Megantoni, Kumpirushiato, Echarate, Villa Virgen, and Villa Kintiarina in the Province of La Convención in the Department of Cusco. (See depositary notification C.N.194.2025 .TREATIES-IV.4 of 9 May 2025)","The Secretary-General received from the Government of Peru a notification dated 7 May 2025, made under article 4 (3) of the above Covenant. By Supreme Decree No. 058-2025-PCM, published on 1 May 2025, the Government of P"
Perú,Peru,2025-05-15,2025,extensión,estado de emergencia,directo,C.N.202.2025,https://treaties.un.org/doc/Publication/CN/2025/CN.202.2025-Eng.pdf,ONU_PIDCP_art4,"The Secretary-General received from the Government of Peru a notification dated 14 May 2025, made under article 4 (3) of the above Covenant. By Supreme Decree No. 061-2025-PCM, published on 8 May 2025, the state of emergency declared in the province of Virú of the department of La Libertad was extended for a period of 60 calendar days starting on 9 May 2025. (See depositary notification C.N.202.2025 .TREATIES-IV.4 of 16 May 2025)","The Secretary-General received from the Government of Peru a notification dated 14 May 2025, made under article 4 (3) of the above Covenant. By Supreme Decree No. 061-2025-PCM, published on 8 May 2025, the state of emerg"
Perú,Peru,2025-05-15,2025,extensión,estado de emergencia,directo,C.N.203.2025,https://treaties.un.org/doc/Publication/CN/2025/CN.203.2025-Eng.pdf,ONU_PIDCP_art4,"The Secretary-General received from the Government of Peru a notification dated 14 May 2025, made under article 4 (3) of the above Covenant. By Supreme Decree No. 060-2025-PCM, published on 8 May 2025, the state of emergency declared in the province of Pataz of the department of La Libertad was extended for a period of 60 calendar days starting on 9 May 2025. (See depositary notification C.N.203.2025 .TREATIES-IV.4 of 16 May 2025)","The Secretary-General received from the Government of Peru a notification dated 14 May 2025, made under article 4 (3) of the above Covenant. By Supreme Decree No. 060-2025-PCM, published on 8 May 2025, the state of emerg"
Perú,Peru,2025-05-15,2025,extensión,estado de emergencia,directo,C.N.204.2025,https://treaties.un.org/doc/Publication/CN/2025/CN.204.2025-Eng.pdf,ONU_PIDCP_art4,"The Secretary-General received from the Government of Peru a notification dated 14 May 2025, made under article 4 (3) of the above Covenant. By Supreme Decree No. 062-2025-PCM, published on 8 May 2025, the state of emergency declared in the province of Trujillo of the department of La Libertad was extended for a period of 60 calendar days starting on 9 May 2025. (See depositary notification C.N.204.2025 .TREATIES-IV.4 of 16 May 2025)","The Secretary-General received from the Government of Peru a notification dated 14 May 2025, made under article 4 (3) of the above Covenant. By Supreme Decree No. 062-2025-PCM, published on 8 May 2025, the state of emerg"
Perú,Peru,2025-05-22,2025,extensión,estado de emergencia,directo,C.N.218.2025,https://treaties.un.org/doc/Publication/CN/2025/CN.218.2025-Eng.pdf,ONU_PIDCP_art4,"The Secretary-General received from the Government of Peru a notification dated 20 May 2025, made under article 4 (3) of the above Covenant. By Supreme Decree No. 064-2025-PCM, published on 16 May 2025, the state of emergency declared in the Districts of Ate, Carabayllo, Comas, Puente Piedra, San Martín de Porres, San Juan de Lurigancho, Villa María del Triunfo and Villa El Salvador in the Province of Lima in the Department of Lima, as well as in the Constitutional Province of Callao was extended for a period of 30 calendar days starting on 17 May 2025. (See depositary notification C.N.218.2025 .TREATIES-IV.4 of 29 May 2025)","The Secretary-General received from the Government of Peru a notification dated 20 May 2025, made under article 4 (3) of the above Covenant. By Supreme Decree No. 064-2025-PCM, published on 16 May 2025, the state of emer"
Perú,Peru,2025-05-30,2025,extensión,estado de emergencia,directo,C.N.387.2025,https://treaties.un.org/doc/Publication/CN/2025/CN.387.2025-Eng.pdf,ONU_PIDCP_art4,"The Secretary-General received from the Government of Peru a notification dated 29 May 2025, made under article 4 (3) of the above Covenant regarding the extension of the state of emergency declared in the districts of Tambopata, Inambari, Las Piedras and Laberinto in the province of Tambopata, and in the districts of Madre de Dios and Huepetuhe in the province of Manu in the department of Madre de Dios, for a period of 60 calendar days starting on 26 May 2025 through Supreme Decree No. 068-2025-PCM. (See C.N.387.2025 .TREATIES-IV.4 of 28 July 2025 for the text of the notification.)","The Secretary-General received from the Government of Peru a notification dated 29 May 2025, made under article 4 (3) of the above Covenant regarding the extension of the state of emergency declared in the districts of T"
Perú,Peru,2025-05-30,2025,extensión,estado de emergencia,directo,C.N.388.2025,https://treaties.un.org/doc/Publication/CN/2025/CN.388.2025-Eng.pdf,ONU_PIDCP_art4,"The Secretary-General received from the Government of Peru a notification dated 29 May 2025, made under article 4 (3) of the above Covenant, regarding the extension of the state of emergency in Corredor Vial Sur Apurímac-Cusco-Arequipa (Apurímac-Cusco-Arequipa Southern Road Corridor), including the five hundred (500) meters adjacent to either side of the road corridor, for a period of 60 calendar days starting on 30 May 2025 through Supreme Decree No. 070-2025-PCM. (See C.N.388.2025 .TREATIES-IV.4 of 28 July 2025 for the text of the notification.)","The Secretary-General received from the Government of Peru a notification dated 29 May 2025, made under article 4 (3) of the above Covenant, regarding the extension of the state of emergency in Corredor Vial Sur Apurímac"
Perú,Peru,2025-05-30,2025,declaración,estado de emergencia,directo,C.N.389.2025,https://treaties.un.org/doc/Publication/CN/2025/CN.389.2025-Eng.pdf,ONU_PIDCP_art4,"The Secretary-General received from the Government of Peru a notification dated 29 May 2025, made under article 4 (3) of the above Covenant, regarding the declaration of a state of emergency in the districts of Ayna, Santa Rosa, Anchihuay and Río Magdalena in the province of La Mar (department of Ayacucho) for a period of 60 calendar days starting on 4 June 2025 through Supreme Decree No. 071-2025-PCM. (See C.N.389.2025 .TREATIES-IV.4 of 28 July 2025 for the text of the notification.)","The Secretary-General received from the Government of Peru a notification dated 29 May 2025, made under article 4 (3) of the above Covenant, regarding the declaration of a state of emergency in the districts of Ayna, San"
Perú,Peru,2025-06-11,2025,extensión,estado de emergencia,directo,C.N.275.2025,https://treaties.un.org/doc/Publication/CN/2025/CN.275.2025-Eng.pdf,ONU_PIDCP_art4,"The Secretary-General received from the Government of Peru a notification dated 10 June 2025, made under article 4 (3) of the above Covenant, regarding the extension of the state of emergency declared in the 12 districts and 8 populations centres of provinces in the Departments of Ayacucho, Huanta, Huancavelica, Tayacaja, Cusco, La Convencion and Junín for a period of 60 calendar days starting on 31 May 2025 through Supreme Decree No. 073-2025-PCM. (See C.N.275.2025 .TREATIES-IV.4 of 12 June 2025 for the text of the notification.)","The Secretary-General received from the Government of Peru a notification dated 10 June 2025, made under article 4 (3) of the above Covenant, regarding the extension of the state of emergency declared in the 12 districts"
Perú,Peru,2025-06-11,2025,extensión,estado de emergencia,directo,C.N.276.2025,https://treaties.un.org/doc/Publication/CN/2025/CN.276.2025-Eng.pdf,ONU_PIDCP_art4,"The Secretary-General received from the Government of Peru a notification dated 5 June 2025, made under article 4 (3) of the above Covenant, regarding the extension of the state of emergency in the provinces of Putumayo and Mariscal Ramón Castilla in the department of Loreto for a period of 60 calendar days starting on 7 June 2025 through Supreme Decree No. 076-2025-PCM. (See C.N.276.2025 .TREATIES-IV.4 of 12 June 2025 for the text of the notification.)","The Secretary-General received from the Government of Peru a notification dated 5 June 2025, made under article 4 (3) of the above Covenant, regarding the extension of the state of emergency in the provinces of Putumayo "
Perú,Peru,2025-06-11,2025,extensión,estado de emergencia,directo,C.N.277.2025,https://treaties.un.org/doc/Publication/CN/2025/CN.277.2025-Eng.pdf,ONU_PIDCP_art4,"The Secretary-General received from the Government of Peru a notification dated 10 June 2025, made under article 4 (3) of the above Covenant. By Supreme Decree No. 077-2025-PCM, published on 6 June 2025, the state of emergency declared in the province of Pataz of the department of La Libertad was extended for a period of 60 calendar days starting on 8 June 2025. (See depositary notification C.N.277.2025 .TREATIES-IV.4 of 12 June 2025)","The Secretary-General received from the Government of Peru a notification dated 10 June 2025, made under article 4 (3) of the above Covenant. By Supreme Decree No. 077-2025-PCM, published on 6 June 2025, the state of eme"
Ecuador,Ecuador,2025-06-13,2025,extensión,estado de emergencia,directo,C.N.296.2025,https://treaties.un.org/doc/Publication/CN/2025/CN.296.2025-Eng.pdf,ONU_PIDCP_art4,"The Secretary-General received from the Government of Ecuador a notification dated 13 June 2025, made under article 4 (3) of the above Covenant, regarding the issuance and entry into force of Executive Decree No. 23 dated 10 June 2025 extending the state of emergency in the Provinces of Guayas, Los Ríos, Manabí, Orellana, Santa Elena, El Oro, Sucumbíos and in the Metropolitan District of Quito in Pichincha Province, for 30 additional days beginning on 10 June 2025. (See depositary notification C.N.296.2025 .TREATIES-IV.4 of 17 June 2025 for the text of the notification.)","The Secretary-General received from the Government of Ecuador a notification dated 13 June 2025, made under article 4 (3) of the above Covenant, regarding the issuance and entry into force of Executive Decree No. 23 date"
Perú,Peru,2025-06-27,2025,extensión,estado de emergencia,directo,C.N.355.2025,https://treaties.un.org/doc/Publication/CN/2025/CN.355.2025-Eng.pdf,ONU_PIDCP_art4,"The Secretary-General received from the Government of Peru a notification dated 23 June 2025, made under article 4 (3) of the above Covenant. By Supreme Decree No. 085-2025-PCM, published on 19 June 2025, the state of emergency declared in the districts of Manitea, Kimbiri and Cielo Punco in the Province of La Convención (Department of Cusco) and in the district of Samugari in the province of La Mar (Department of Ayacucho), was extended for a period of sixty (60) calendar days starting on 22 June 2025 (see depositary notification C.N.355.2025 .TREATIES-IV.4 of 1 July 2025).","The Secretary-General received from the Government of Peru a notification dated 23 June 2025, made under article 4 (3) of the above Covenant. By Supreme Decree No. 085-2025-PCM, published on 19 June 2025, the state of em"
Perú,Peru,2025-06-27,2025,declaración,estado de emergencia,directo,C.N.354.2025,https://treaties.un.org/doc/Publication/CN/2025/CN.354.2025-Eng.pdf,ONU_PIDCP_art4,"The Secretary-General received from the Government of Peru a notification dated 23 June 2025, made under article 4 (3) of the above Covenant. By Supreme Decree No. 082-2025-PCM, published on 14 June 2025, a state of emergency was declared in the districts of Pangoa and Río Tambo in the province of Satipo (Department of Junín), for a period of sixty (60) calendar days starting on 15 June 2025 (see depositary notification C.N.354.2025 .TREATIES-IV.4 of 1 July 2025).","The Secretary-General received from the Government of Peru a notification dated 23 June 2025, made under article 4 (3) of the above Covenant. By Supreme Decree No. 082-2025-PCM, published on 14 June 2025, a state of emer"
Perú,Peru,2025-06-27,2025,extensión,estado de emergencia,directo,C.N.356.2025,https://treaties.un.org/doc/Publication/CN/2025/CN.356.2025-Eng.pdf,ONU_PIDCP_art4,"The Secretary-General received from the Government of Peru a notification dated 23 June 2025, made under article 4 (3) of the above Covenant. By Supreme Decree No. 083-2025-PCM, issued on 15 June 2025, the state of emergency declared in the Districts of Ate, Carabayllo, Comas, Puente Piedra, San Martín de Porres, San Juan de Lurigancho, Villa María del Triunfo and Villa El Salvador in the Province of Lima in the Department of Lima, as well as in the Constitutional Province of Callao, has been extended for a period of thirty (30) calendar days, starting on 16 June 2025 (see depositary notification C.N.356.2025 .TREATIES-IV.4 du 1 July 2025).","The Secretary-General received from the Government of Peru a notification dated 23 June 2025, made under article 4 (3) of the above Covenant. By Supreme Decree No. 083-2025-PCM, issued on 15 June 2025, the state of emerg"
Perú,Peru,2025-07-10,2025,extensión,estado de emergencia,directo,C.N.373.2025,https://treaties.un.org/doc/Publication/CN/2025/CN.373.2025-Eng.pdf,ONU_PIDCP_art4,"The Secretary-General received from the Government of Peru a notification dated 9 July 2025, made under article 4 (3) of the above Covenant, regarding the extension of the state of emergency in the province of Trujillo of the department of La Libertad for a period of 60 calendar days starting on 8 July 2025 by Supreme Decree No. 092-2025-PCM. (See C.N.373.2025 .TREATIES-IV.4 of 11 July 2025 for the text of the notification.)","The Secretary-General received from the Government of Peru a notification dated 9 July 2025, made under article 4 (3) of the above Covenant, regarding the extension of the state of emergency in the province of Trujillo o"
Perú,Peru,2025-07-10,2025,extensión,estado de emergencia,directo,C.N.374.2025,https://treaties.un.org/doc/Publication/CN/2025/CN.374.2025-Eng.pdf,ONU_PIDCP_art4,"The Secretary-General received from the Government of Peru a notification dated 9 July 2025, made under article 4 (3) of the above Covenant, regarding the extension of the state of emergency in the province of Virú of the department of La Libertad for a period of 60 calendar days starting on 8 July 2025 by Supreme Decree No. 091-2025-PCM. (See C.N.374.2025 .TREATIES-IV.4 of 11 July 2025 for the text of the notification.)","The Secretary-General received from the Government of Peru a notification dated 9 July 2025, made under article 4 (3) of the above Covenant, regarding the extension of the state of emergency in the province of Virú of th"
Perú,Peru,2025-07-10,2025,extensión,estado de emergencia,directo,C.N.375.2025,https://treaties.un.org/doc/Publication/CN/2025/CN.375.2025-Eng.pdf,ONU_PIDCP_art4,"The Secretary-General received from the Government of Peru a notification dated 9 July 2025, made under article 4 (3) of the above Covenant, regarding the extension of the state of emergency in the province of Zarumilla of the department of Tumbes for a period of 60 calendar days starting from 4 July 2025 by Supreme Decree No. 087-2025-PCM. (See C.N.375.2025 .TREATIES-IV.4 of 11 July 2025 for the text of the notification.)","The Secretary-General received from the Government of Peru a notification dated 9 July 2025, made under article 4 (3) of the above Covenant, regarding the extension of the state of emergency in the province of Zarumilla "
Perú,Peru,2025-07-10,2025,extensión,estado de emergencia,directo,C.N.376.2025,https://treaties.un.org/doc/Publication/CN/2025/CN.376.2025-Eng.pdf,ONU_PIDCP_art4,"The Secretary-General received from the Government of Peru a notification dated 9 July 2025, made under article 4 (3) of the above Covenant, regarding the extension of the state of emergency in the districts of Anco and Unión Progreso in the Province of La Mar, Department of Ayacucho, and in the districts of Megantoni, Kumpirushiato, Echarate, Villa Virgen, and Villa Kintiarina in the Province of La Convención in the Department of Cusco, for a period of 60 calendar days starting on 5 July 2025 by Supreme Decree No. 090-2025-PCM. (See C.N.376.2025 .TREATIES-IV.4 of 11 July 2025 for the text of the notification)","The Secretary-General received from the Government of Peru a notification dated 9 July 2025, made under article 4 (3) of the above Covenant, regarding the extension of the state of emergency in the districts of Anco and "
Perú,Peru,2025-07-25,2025,extensión,estado de emergencia,directo,C.N.390.2025,https://treaties.un.org/doc/Publication/CN/2025/CN.390.2025-Eng.pdf,ONU_PIDCP_art4,"The Secretary-General received from the Government of Peru a notification dated 24 July 2025, made under article 4 (3) of the above Covenant regarding the extension of the state of emergency declared in the districts of Tambopata, Inambari, Las Piedras and Laberinto in the province of Tambopata, and in the districts of Madre de Dios and Huepetuhe in the province of Manu in the department of Madre de Dios, for a period of 60 calendar days starting on 25 July 2025 through Supreme Decree No. 094-2025-PCM. (See C.N.390.2025 .TREATIES-IV.4 of 28 July 2025 for the text of the notification.)","The Secretary-General received from the Government of Peru a notification dated 24 July 2025, made under article 4 (3) of the above Covenant regarding the extension of the state of emergency declared in the districts of "
Perú,Peru,2025-08-04,2025,extensión,estado de emergencia,directo,C.N.398.2025,https://treaties.un.org/doc/Publication/CN/2025/CN.398.2025-Eng.pdf,ONU_PIDCP_art4,"The Secretary-General received from the Government of Peru a notification dated 1 August 2025, made under article 4 (3) of the above Covenant, regarding the extension of the state of emergency in the provinces of Putumayo and Mariscal Ramón Castilla in the department of Loreto for a period of 60 calendar days starting on 6 August 2025 through Supreme Decree No. 100-2025-PCM. (See C.N.398.2025 .TREATIES-IV.4 of 6 August 2025 for the text of the notification.)","The Secretary-General received from the Government of Peru a notification dated 1 August 2025, made under article 4 (3) of the above Covenant, regarding the extension of the state of emergency in the provinces of Putumay"
Perú,Peru,2025-08-04,2025,extensión,estado de emergencia,directo,C.N.396.2025,https://treaties.un.org/doc/Publication/CN/2025/CN.396.2025-Eng.pdf,ONU_PIDCP_art4,"The Secretary-General received from the Government of Peru a notification dated 29 July 2025, made under article 4 (3) of the above Covenant, regarding the extension of the state of emergency in Corredor Vial Sur Apurímac-Cusco-Arequipa (Apurímac-Cusco-Arequipa Southern Road Corridor), including the five hundred (500) meters adjacent to either side of the road corridor, for a period of 60 calendar days starting on 29 July 2025 through Supreme Decree No. 095-2025-PCM. (See C.N.396.2025 .TREATIES-IV.4 of 6 August 2025 for the text of the notification.)","The Secretary-General received from the Government of Peru a notification dated 29 July 2025, made under article 4 (3) of the above Covenant, regarding the extension of the state of emergency in Corredor Vial Sur Apuríma"
Perú,Peru,2025-08-04,2025,extensión,estado de emergencia,directo,C.N.399.2025,https://treaties.un.org/doc/Publication/CN/2025/CN.399.2025-Eng.pdf,ONU_PIDCP_art4,"The Secretary-General received from the Government of Peru a notification dated 1 August 2025, made under article 4 (3) of the above Covenant, regarding the extension of the state of emergency in the districts of Ayna, Santa Rosa, Anchihuay and Río Magdalena in the province of La Mar (department of Ayacucho) for a period of 60 calendar days starting on 3 August 2025 through Supreme Decree No. 099-2025-PCM. (See C.N.399.2025 .TREATIES-IV.4 of 6 August 2025 for the text of the notification.)","The Secretary-General received from the Government of Peru a notification dated 1 August 2025, made under article 4 (3) of the above Covenant, regarding the extension of the state of emergency in the districts of Ayna, S"
Perú,Peru,2025-08-04,2025,extensión,estado de emergencia,directo,C.N.397.2025,https://treaties.un.org/doc/Publication/CN/2025/CN.397.2025-Eng.pdf,ONU_PIDCP_art4,"The Secretary-General received from the Government of Peru a notification dated 1 August 2025, made under article 4 (3) of the above Covenant, regarding the extension of the state of emergency in the 12 districts and 8 populations centres of provinces in the Departments of Ayacucho, Huancavelica, Cusco and Junín for a period of 60 calendar days starting on 30 July 2025 through Supreme Decree No. 096-2025-PCM. (See C.N.397.2025 .TREATIES-IV.4 of 6 August 2025 for the text of the notification.)","The Secretary-General received from the Government of Peru a notification dated 1 August 2025, made under article 4 (3) of the above Covenant, regarding the extension of the state of emergency in the 12 districts and 8 p"
Ecuador,Ecuador,2025-08-08,2025,declaración,estado de emergencia,directo,C.N.410.2025,https://treaties.un.org/doc/Publication/CN/2025/CN.410.2025-Eng.pdf,ONU_PIDCP_art4,"The Secretary-General received from the Government of Ecuador a notification dated 8 August 2025, made under article 4 (3) of the above Covenant, regarding the issuance and entry into force of Executive Decree No. 76 dated 6 August 2025 on the declaration of a state of emergency in the Provinces of El Oro, Guayas, Los Ríos and Manabí for a period of 60 additional days beginning on 6 August 2025. (See depositary notification C.N.410.2025 .TREATIES-IV.4 of 13 August 2025 for the text of the notification.)","The Secretary-General received from the Government of Ecuador a notification dated 8 August 2025, made under article 4 (3) of the above Covenant, regarding the issuance and entry into force of Executive Decree No. 76 dat"
Perú,Peru,2025-08-14,2025,declaración,estado de emergencia,directo,C.N.419.2025,https://treaties.un.org/doc/Publication/CN/2025/CN.419.2025-Eng.pdf,ONU_PIDCP_art4,"The Secretary-General received from the Government of Peru a notification dated 11 August 2025, made under article 4 (3) of the above Covenant, regarding the declaration of the state of emergency in the Province of Pataz, Department of La Libertad for a period of 60 calendar days starting on 7 August 2025 through Supreme Decree No. 101-2025-PCM of 31 July 2025. (See C.N.419.2025 .TREATIES-IV.4 of 26 August 2025 for the text of the notification.)","The Secretary-General received from the Government of Peru a notification dated 11 August 2025, made under article 4 (3) of the above Covenant, regarding the declaration of the state of emergency in the Province of Pataz"
Perú,Peru,2025-08-14,2025,fin/levantamiento,estado de emergencia,directo,C.N.420.2025,https://treaties.un.org/doc/Publication/CN/2025/CN.420.2025-Eng.pdf,ONU_PIDCP_art4,"The Secretary-General received from the Government of Peru a notification dated 13 August 2025, made under article 4 (3) of the above Covenant, regarding the extension of the state of emergency in the districts of Pangoa and Río Tambo, Province of Satipo, Department of Junín for a period of 60 calendar days starting on 14 August 2025 through Supreme Decree No. 104-2025-PCM. In addition, the Government of Peru informed the Secretary-General that the same Supreme Decree repeals the following regulatory provisions: Supreme Decrees No. 085-2025-PCM, No. 090-2025-PCM and No. 099-2025-PCM. Furthermore, the Government of Peru informed that as from 14 August 2025, a state of emergency has been declared for a period of 60 calendar days in districts of the Province of La Convención, Department of Cusco, and of the Province of La Mar, Department of Ayacucho. (See C.N.420.2025 .TREATIES-IV.4 of 26 August 2025 for the text of the notification.)","The Secretary-General received from the Government of Peru a notification dated 13 August 2025, made under article 4 (3) of the above Covenant, regarding the extension of the state of emergency in the districts of Pangoa"
Ecuador,Ecuador,2025-08-22,2025,declaración,estado de emergencia,directo,C.N.426.2025,https://treaties.un.org/doc/Publication/CN/2025/CN.426.2025-Eng.pdf,ONU_PIDCP_art4,"The Secretary-General received from the Government of Ecuador a notification dated 22 August 2025, made under article 4 (3) of the above Covenant, regarding the issuance and entry into force of Executive Decree No. 109 dated 20 August 2025 expanding the state of emergency declared through Executive Decree No. 76 to include La Maná Canton in the Province of Cotopaxi and Las Naves Canton and Echeandía Canton in the Province of Bolívar. (See depositary notification C.N.426.2025 .TREATIES-IV.4 of 29 August 2025 for the text of the notification.)","The Secretary-General received from the Government of Ecuador a notification dated 22 August 2025, made under article 4 (3) of the above Covenant, regarding the issuance and entry into force of Executive Decree No. 109 d"
Perú,Peru,2025-09-03,2025,extensión,estado de emergencia,directo,C.N.430.2025,https://treaties.un.org/doc/Publication/CN/2025/CN.430.2025-Eng.pdf,ONU_PIDCP_art4,"The Secretary-General received from the Government of Peru a notification dated 3 September 2025, made under article 4 (3) of the above Covenant, regarding the extension of the state of emergency in the province of Zarumilla of the department of Tumbes for a period of 60 calendar days starting from 2 September 2025 by Supreme Decree No. 111-2025-PCM. (See C.N.430.2025 .TREATIES-IV.4 of 3 September 2025 for the text of the notification.)","The Secretary-General received from the Government of Peru a notification dated 3 September 2025, made under article 4 (3) of the above Covenant, regarding the extension of the state of emergency in the province of Zarum"
Ecuador,Ecuador,2025-09-17,2025,declaración,estado de emergencia,directo,C.N.454.2025,https://treaties.un.org/doc/Publication/CN/2025/CN.454.2025-Eng.pdf,ONU_PIDCP_art4,"The Secretary-General received from the Government of Ecuador a notification dated 17 September 2025, made under article 4 (3) of the above Covenant, regarding the issuance and entry into force of Executive Decree No. 134 dated 16 September 2025 on the declaration of a state of emergency in the Provinces of Carchi, Imbabura, Pichincha, Azuay, Bolívar, Cotopaxi and Santo Domingo for a period of 60 additional days beginning on 16 September 2025. (See depositary notification C.N.454.2025 .TREATIES-IV.4 of 25 September 2025 for the text of the notification.)","The Secretary-General received from the Government of Ecuador a notification dated 17 September 2025, made under article 4 (3) of the above Covenant, regarding the issuance and entry into force of Executive Decree No. 13"
Ecuador,Ecuador,2025-09-19,2025,extensión,estado de emergencia,directo,C.N.493.2025,https://treaties.un.org/doc/Publication/CN/2025/CN.493.2025-Eng.pdf,ONU_PIDCP_art4,"The Secretary-General received from the Government of Ecuador a notification dated 19 September 2025, made under article 4 (3) of the above Covenant, regarding the issuance and entry into force of Executive Decree No. 146 dated 18 September 2025 by which the President of the Republic, Daniel Noboa Azín, amended Executive Decree No. 134 of 16 September 2025 and extended the state of emergency to the Province of Chimborazo. The decree also provides for the restriction of freedom of transit every day between 10 p.m. and 5 a.m. in the Provinces of Imbabura, Chimborazo, Bolívar, Carchi and Cotopaxi. The duration of the state of emergency continues to be that established in Executive Decree No. 134, namely, 60 days from 16 September 2025. (See depositary notification C.N.493.2025 .TREATIES-IV.4 of 26 September 2025 for the text of the notification.)","The Secretary-General received from the Government of Ecuador a notification dated 19 September 2025, made under article 4 (3) of the above Covenant, regarding the issuance and entry into force of Executive Decree No. 14"
Ecuador,Ecuador,2025-10-06,2025,declaración,estado de emergencia,directo,C.N.545.2025,https://treaties.un.org/doc/Publication/CN/2025/CN.545.2025-Eng.pdf,ONU_PIDCP_art4,"The Secretary-General received from the Government of Ecuador a notification dated 6 October 2025, made under article 4 (3) of the above Covenant, on the issuance and entry into force of Executive Decree No. 174 dated 4 October 2025 regarding the declaration of the state of emergency in the Provinces of Pichincha, Cotopaxi, Tungurahua, Chimborazo, Bolívar, Cañar, Azuay, Orellana, Sucumbíos and Pastaza for 60 days starting on 4 October 2025. (See depositary notification C.N.545.2025 .TREATIES-IV.4 of 14 October 2025 for the text of the notification.)","The Secretary-General received from the Government of Ecuador a notification dated 6 October 2025, made under article 4 (3) of the above Covenant, on the issuance and entry into force of Executive Decree No. 174 dated 4 "
Ecuador,Ecuador,2025-10-07,2025,extensión,estado de emergencia,directo,C.N.543.2025,https://treaties.un.org/doc/Publication/CN/2025/CN.543.2025-Eng.pdf,ONU_PIDCP_art4,"The Secretary-General received from the Government of Ecuador a notification dated 7 October 2025, made under article 4 (3) of the above Covenant, regarding the issuance and entry into force of Executive Decree No. 175 dated 5 October 2025 on the extension of the state of emergency in the Provinces of Guayas, El Oro, Los Ríos, Manabí, and Echeandía Canton in the Province of Bolívar for a an additional period of 30 days beginning on 5 October 2025. (See depositary notification C.N.543.2025 .TREATIES-IV.4 of 9 October 2025 for the text of the notification.)","The Secretary-General received from the Government of Ecuador a notification dated 7 October 2025, made under article 4 (3) of the above Covenant, regarding the issuance and entry into force of Executive Decree No. 175 d"
Perú,Peru,2025-10-09,2025,extensión,estado de emergencia,heredado,C.N.546.2025,https://treaties.un.org/doc/Publication/CN/2025/CN.546.2025-Eng.pdf,ONU_PIDCP_art4,"The Secretary-General received from the Government of Peru a notification dated 8 October 2025, made under article 4 (3) of the above Covenant, regarding the extension of the states of emergency in the provinces of Trujillo and Virú of the department of La Libertad for a period of 60 calendar days starting on 6 September 2025 by Supreme Decree No. 114-2025-PCM. (See C.N.546.2025 .TREATIES-IV.4 of 14 October 2025 for the text of the notification.)","The Secretary-General received from the Government of Peru a notification dated 8 October 2025, made under article 4 (3) of the above Covenant, regarding the extension of the states of emergency in the provinces of Truji"
Perú,Peru,2025-10-09,2025,extensión,estado de emergencia,directo,C.N.547.2025,https://treaties.un.org/doc/Publication/CN/2025/CN.547.2025-Eng.pdf,ONU_PIDCP_art4,"The Secretary-General received from the Government of Peru a notification dated 8 October 2025, made under article 4 (3) of the above Covenant regarding the extension of the state of emergency declared in the districts of Tambopata, Inambari, Las Piedras and Laberinto in the province of Tambopata, and in the districts of Madre de Dios and Huepetuhe in the province of Manu in the department of Madre de Dios, for a period of 60 calendar days starting on 23 September 2025 through Supreme Decree No. 117-2025-PCM. (See C.N.547.2025 .TREATIES-IV.4 of 14 October 2025 for the text of the notification.)","The Secretary-General received from the Government of Peru a notification dated 8 October 2025, made under article 4 (3) of the above Covenant regarding the extension of the state of emergency declared in the districts o"
Perú,Peru,2025-10-09,2025,extensión,estado de emergencia,directo,C.N.548.2025,https://treaties.un.org/doc/Publication/CN/2025/CN.548.2025-Eng.pdf,ONU_PIDCP_art4,"The Secretary-General received from the Government of Peru a notification dated 8 October 2025, made under article 4 (3) of the above Covenant, regarding the extension of the state of emergency declared in the districts and population centres located in the following provinces and departments: Province of Huanta (Department of Ayacucho), Province of Tayacaja (Department of Huancavelica), Province of La Convención (Department of Cusco), and Province of Satipo (Department of Junín), for a period of 60 calendar days starting on 28 September 2025 through Supreme Decree No. 118-2025-PCM. (See C.N.548.2025 .TREATIES-IV.4 of 14 October 2025 for the text of the notification.)","The Secretary-General received from the Government of Peru a notification dated 8 October 2025, made under article 4 (3) of the above Covenant, regarding the extension of the state of emergency declared in the districts "
Perú,Peru,2025-10-09,2025,extensión,estado de emergencia,directo,C.N.549.2025,https://treaties.un.org/doc/Publication/CN/2025/CN.549.2025-Eng.pdf,ONU_PIDCP_art4,"The Secretary-General received from the Government of Peru a notification dated 8 October 2025, made under article 4 (3) of the above Covenant, regarding the extension of the state of emergency in Corredor Vial Sur Apurímac-Cusco-Arequipa (Apurímac-Cusco-Arequipa Southern Road Corridor), including the five hundred (500) meters adjacent to either side of the road corridor, for a period of 60 calendar days starting on 27 September 2025 through Supreme Decree No. 121-2025-PCM. (See C.N.549.2025 .TREATIES-IV.4 of 14 October 2025 for the text of the notification.)","The Secretary-General received from the Government of Peru a notification dated 8 October 2025, made under article 4 (3) of the above Covenant, regarding the extension of the state of emergency in Corredor Vial Sur Apurí"
Perú,Peru,2025-10-09,2025,extensión,estado de emergencia,directo,C.N.550.2025,https://treaties.un.org/doc/Publication/CN/2025/CN.550.2025-Eng.pdf,ONU_PIDCP_art4,"The Secretary-General received from the Government of Peru a notification dated 8 October 2025, made under article 4 (3) of the above Covenant, regarding the extension of the state of emergency in the provinces of Putumayo and Mariscal Ramón Castilla in the department of Loreto for a period of 60 calendar days starting on 5 October 2025 through Supreme Decree No. 120-2025-PCM. (See C.N.550.2025 .TREATIES-IV.4 of 14 October 2025 for the text of the notification.)","The Secretary-General received from the Government of Peru a notification dated 8 October 2025, made under article 4 (3) of the above Covenant, regarding the extension of the state of emergency in the provinces of Putuma"
Perú,Peru,2025-10-09,2025,extensión,estado de emergencia,directo,C.N.551.2025,https://treaties.un.org/doc/Publication/CN/2025/CN.551.2025-Eng.pdf,ONU_PIDCP_art4,"The Secretary-General received from the Government of Peru a notification dated 8 October 2025, made under article 4 (3) of the above Covenant, regarding the extension of the state of emergency in the province of Pataz of the Department of La Libertad for a period of 60 calendar days starting on 6 October 2025 by Supreme Decree No. 122-2025-PCM. (See C.N.551.2025 .TREATIES-IV.4 of 14 October 2025 for the text of the notification.)","The Secretary-General received from the Government of Peru a notification dated 8 October 2025, made under article 4 (3) of the above Covenant, regarding the extension of the state of emergency in the province of Pataz o"
Perú,Peru,2025-10-24,2025,declaración,estado de emergencia,directo,C.N.635.2025,https://treaties.un.org/doc/Publication/CN/2025/CN.635.2025-Eng.pdf,ONU_PIDCP_art4,"The Secretary-General received from the Government of Peru a notification dated 24 October 2025, made under article 4 (3) of the above Covenant regarding the declaration of a state of emergency in metropolitan Lima, Department of Lima, and in the Constitutional Province of Callao for a period of 30 calendar days from 22 October 2025, by Supreme Decree No. 124-2025-PCM. (See C.N.635.2025 .TREATIES-IV.4 of 30 October 2025 for the text of the notification.)","The Secretary-General received from the Government of Peru a notification dated 24 October 2025, made under article 4 (3) of the above Covenant regarding the declaration of a state of emergency in metropolitan Lima, Depa"
Ecuador,Ecuador,2025-11-05,2025,extensión,estado de emergencia,directo,C.N.643.2025,https://treaties.un.org/doc/Publication/CN/2025/CN.643.2025-Eng.pdf,ONU_PIDCP_art4,"The Secretary-General received from the Government of Ecuador a notification dated 5 November 2025, made under article 4 (3) of the above Covenant, regarding the issuance and entry into force of Executive Decree No. 202 dated 4 November 2025 on the extension of the state of emergency in the in the Provinces of Manabí, Guayas, Santa Elena, Los Ríos and El Oro, as well as in La Maná Canton (Cotopaxi Province) and Las Naves and Echeandía Cantons (Bolívar Province), for an additional period of 60 days beginning on 4 November 2025. (See depositary notification C.N.643.2025 .TREATIES-IV.4 of 13 November 2025 for the text of the notification.)","The Secretary-General received from the Government of Ecuador a notification dated 5 November 2025, made under article 4 (3) of the above Covenant, regarding the issuance and entry into force of Executive Decree No. 202 "
Perú,Peru,2025-11-12,2025,extensión,estado de emergencia,directo,C.N.648.2025,https://treaties.un.org/doc/Publication/CN/2025/CN.648.2025-Eng.pdf,ONU_PIDCP_art4,"The Secretary-General received from the Government of Peru a notification dated 10 November 2025, made under article 4 (3) of the above Covenant, regarding the extension of the state of emergency in seventeen districts of the Departments of Junín, Cusco, and Ayacucho, for a period of 60 calendar days starting on 13 October 2025 by Supreme Decree No. 123-2025-PCM of 10 October 2025. (See C.N.648.2025 .TREATIES-IV.4 of 20 November 2025 for the text of the notification.)","The Secretary-General received from the Government of Peru a notification dated 10 November 2025, made under article 4 (3) of the above Covenant, regarding the extension of the state of emergency in seventeen districts o"
Perú,Peru,2025-12-06,2025,declaración,estado de emergencia,directo,C.N.678.2025,https://treaties.un.org/doc/Publication/CN/2025/CN.678.2025-Eng.pdf,ONU_PIDCP_art4,"The Secretary-General received from the Government of Peru a notification dated 4 December 2025, made under article 4 (3) of the above Covenant regarding the declaration of a state of emergency in the provinces of Trujillo and Virú, Department of La Libertad for a period of 60 calendar days from 20 November 2025, by Supreme Decree No. 130-2025-PCM. (See C.N.678.2025 .TREATIES-IV.4 of 18 December 2025 for the text of the notification.)","The Secretary-General received from the Government of Peru a notification dated 4 December 2025, made under article 4 (3) of the above Covenant regarding the declaration of a state of emergency in the provinces of Trujil"
Perú,Peru,2025-12-06,2025,extensión,estado de emergencia,directo,C.N.674.2025,https://treaties.un.org/doc/Publication/CN/2025/CN.674.2025-Eng.pdf,ONU_PIDCP_art4,"The Secretary-General received from the Government of Peru a notification dated 4 December 2025, made under article 4 (3) of the above Covenant regarding the extension of a state of emergency in metropolitan Lima, Department of Lima, and in the Constitutional Province of Callao for a period of 30 calendar days from 21 November 2025, by Supreme Decree No. 132-2025-PCM. (See C.N.674.2025 .TREATIES-IV.4 of 18 December 2025 for the text of the notification.)","The Secretary-General received from the Government of Peru a notification dated 4 December 2025, made under article 4 (3) of the above Covenant regarding the extension of a state of emergency in metropolitan Lima, Depart"
Perú,Peru,2025-12-06,2025,declaración,estado de emergencia,directo,C.N.675.2025,https://treaties.un.org/doc/Publication/CN/2025/CN.675.2025-Eng.pdf,ONU_PIDCP_art4,"The Secretary-General received from the Government of Peru a notification dated 4 December 2025, made under article 4 (3) of the above Covenant regarding the declaration of a state of emergency in the Provinces of Tumbes and Zarumilla, Department of Tumbes for a period of 60 calendar days from 20 November 2025, by Supreme Decree No. 131-2025-PCM. (See C.N.675.2025 .TREATIES-IV.4 of 18 December 2025 for the text of the notification.)","The Secretary-General received from the Government of Peru a notification dated 4 December 2025, made under article 4 (3) of the above Covenant regarding the declaration of a state of emergency in the Provinces of Tumbes"
Perú,Peru,2025-12-06,2025,extensión,estado de emergencia,directo,C.N.680.2025,https://treaties.un.org/doc/Publication/CN/2025/CN.680.2025-Eng.pdf,ONU_PIDCP_art4,"The Secretary-General received from the Government of Peru a notification dated 4 December 2025, made under article 4 (3) of the above Covenant regarding the extension of a state of emergency in 12 districts and 8 population centres (see the corresponding depositary notification for the list of the locations) for a period of 60 calendar days from 27 November 2025, by Supreme Decree No. 133-2025-PCM. (See C.N.680.2025 .TREATIES-IV.4 of 18 December 2025 for the text of the notification.)","The Secretary-General received from the Government of Peru a notification dated 4 December 2025, made under article 4 (3) of the above Covenant regarding the extension of a state of emergency in 12 districts and 8 popula"
Perú,Peru,2025-12-06,2025,declaración,estado de emergencia,directo,C.N.681.2025,https://treaties.un.org/doc/Publication/CN/2025/CN.681.2025-Eng.pdf,ONU_PIDCP_art4,"The Secretary-General received from the Government of Peru a notification dated 4 December 2025, made under article 4 (3) of the above Covenant regarding the declaration of a state of emergency in the border districts of Palca, Tacna and La Yarada-Los Palos in the Province of Tacna, Department of Tacna for a period of 60 calendar days from 29 November 2025, by Supreme Decree No. 135-2025-PCM. (See C.N.681.2025 .TREATIES-IV.4 of 18 December 2025 for the text of the notification.)","The Secretary-General received from the Government of Peru a notification dated 4 December 2025, made under article 4 (3) of the above Covenant regarding the declaration of a state of emergency in the border districts of"
Perú,Peru,2026-01-05,2026,extensión,estado de emergencia,directo,C.N.5.2026,https://treaties.un.org/doc/Publication/CN/2026/CN.5.2026-Eng.pdf,ONU_PIDCP_art4,"The Secretary-General received from the Government of Peru a notification dated 31 December 2025, made under article 4 (3) of the above Covenant, regarding the extension of the state of emergency in metropolitan Lima, Department of Lima, and in the Constitutional Province of Callao for a period of 30 calendar days starting on 21 December 2025 through Supreme Decree No. 140-2025-PCM. (See C.N.5.2026 .TREATIES-IV.4 of 13 January 2026 for the text of the notification.)","The Secretary-General received from the Government of Peru a notification dated 31 December 2025, made under article 4 (3) of the above Covenant, regarding the extension of the state of emergency in metropolitan Lima, De"
Perú,Peru,2026-01-05,2026,declaración,estado de emergencia,directo,C.N.6.2026,https://treaties.un.org/doc/Publication/CN/2026/CN.6.2026-Eng.pdf,ONU_PIDCP_art4,"The Secretary-General received from the Government of Peru a notification dated 31 December 2025, made under article 4 (3) of the above Covenant, regarding the declaration of the state of emergency in the Provinces of Putumayo and Mariscal Ramón Castilla, Department of Loreto for a period of 60 calendar days starting on 7 December 2025 through Supreme Decree No. 139-2025-PCM. (See C.N.6.2026 .TREATIES-IV.4 of 13 January 2026 for the text of the notification.)","The Secretary-General received from the Government of Peru a notification dated 31 December 2025, made under article 4 (3) of the above Covenant, regarding the declaration of the state of emergency in the Provinces of Pu"
Perú,Peru,2026-01-05,2026,declaración,estado de emergencia,directo,C.N.7.2026,https://treaties.un.org/doc/Publication/CN/2026/CN.7.2026-Eng.pdf,ONU_PIDCP_art4,"The Secretary-General received from the Government of Peru a notification dated 31 December 2025, made under article 4 (3) of the above Covenant, regarding the declaration of the state of emergency in the Province of Pataz and in the population centre of Chagualito, in the District of Cochorco, Province of Sánchez Carrión, Department of La Libertad for a period of 60 calendar days starting on 7 December 2025 through Supreme Decree No. 138-2025-PCM. (See C.N.7.2026 .TREATIES-IV.4 of 13 January 2026 for the text of the notification.)","The Secretary-General received from the Government of Peru a notification dated 31 December 2025, made under article 4 (3) of the above Covenant, regarding the declaration of the state of emergency in the Province of Pat"
Perú,Peru,2026-01-05,2026,declaración,estado de emergencia,directo,C.N.8.2026,https://treaties.un.org/doc/Publication/CN/2026/CN.8.2026-Eng.pdf,ONU_PIDCP_art4,"The Secretary-General received from the Government of Peru a notification dated 31 December 2025, made under article 4 (3) of the above Covenant, regarding the declaration of the state of emergency in various border districts of the Departments of Amazonas, Cajamarca, Madre de Dios, Piura, Puno and Ucayali for a period of 60 calendar days starting on 7 December 2025 through Supreme Decree No. 137-2025-PCM. (See C.N.8.2026 .TREATIES-IV.4 of 13 January 2026 for the text of the notification.)","The Secretary-General received from the Government of Peru a notification dated 31 December 2025, made under article 4 (3) of the above Covenant, regarding the declaration of the state of emergency in various border dist"
Perú,Peru,2026-01-05,2026,declaración,estado de emergencia,directo,C.N.9.2026,https://treaties.un.org/doc/Publication/CN/2026/CN.9.2026-Eng.pdf,ONU_PIDCP_art4,"The Secretary-General received from the Government of Peru a notification dated 31 December 2025, made under article 4 (3) of the above Covenant, regarding the declaration of the state of emergency in the Districts of Tambopata, Inambari, Las Piedras and Laberinto, Province of Tambopata, and in the Districts of Madre de Dios and Huepetuhe, Province of Manu, in the Department of Madre de Dios for a period of 60 calendar days starting on 7 December 2025 through Supreme Decree No. 136-2025-PCM. (See C.N.9.2026 .TREATIES-IV.4 of 13 January 2026 for the text of the notification.)","The Secretary-General received from the Government of Peru a notification dated 31 December 2025, made under article 4 (3) of the above Covenant, regarding the declaration of the state of emergency in the Districts of Ta"
Perú,Peru,2026-01-05,2026,declaración,estado de emergencia,directo,C.N.10.2026,https://treaties.un.org/doc/Publication/CN/2026/CN.10.2026-Eng.pdf,ONU_PIDCP_art4,"The Secretary-General received from the Government of Peru a notification dated 31 December 2025, made under article 4 (3) of the above Covenant, regarding the declaration of the state of emergency in the Districts of Piura, Castilla, Veintiséis de Octubre y Catacaos, Province of Piura; the Districts of Sullana and Bellavista, Province of Sullana; the Province of Paita; and the Province of Talara, in the Department of Piura for a period of 60 calendar days starting on 25 December 2025 through Supreme Decree No. 146-2025-PCM. (See C.N.10.2026 .TREATIES-IV.4 of 13 January 2026 for the text of the notification.)","The Secretary-General received from the Government of Peru a notification dated 31 December 2025, made under article 4 (3) of the above Covenant, regarding the declaration of the state of emergency in the Districts of Pi"
Perú,Peru,2026-01-05,2026,declaración,estado de emergencia,directo,C.N.11.2026,https://treaties.un.org/doc/Publication/CN/2026/CN.11.2026-Eng.pdf,ONU_PIDCP_art4,"The Secretary-General received from the Government of Peru a notification dated 31 December 2025, made under article 4 (3) of the above Covenant, regarding the declaration of the state of emergency in the Districts of Anco, Ayna, Santa Rosa, Samugari, Anchihuay, Río Magdalena and Unión Progreso, Province of La Mar, Department of Ayacucho; in the districts of Kimbiri, Villa Kintiarina, Villa Virgen, Echarate, Megantoni, Kumpirushiato, Cielo Punco y Manitea, Province of La Convención, Departament of Cusco; and in the Districts of Pangoa and Río Tambo, Province of Satipo, in the Department of Junín for a period of 60 calendar days starting on 21 December 2025 through Supreme Decree No. 143-2025-PCM. (See C.N.11.2026 .TREATIES-IV.4 of 13 January 2026 for the text of the notification.)","The Secretary-General received from the Government of Peru a notification dated 31 December 2025, made under article 4 (3) of the above Covenant, regarding the declaration of the state of emergency in the Districts of An"
Ecuador,Ecuador,2026-01-07,2026,declaración,estado de emergencia,directo,C.N.2.2026,https://treaties.un.org/doc/Publication/CN/2026/CN.2.2026-Eng.pdf,ONU_PIDCP_art4,"The Secretary-General received from the Government of Ecuador a notification dated 6 January 2026, made under article 4 (3) of the above Covenant, regarding the issuance and entry into force of Executive Decree No. 277 of 31 December 2025 on the declaration of the state of emergency in the Provinces of Guayas, Manabí, Santa Elena, Los Ríos, El Oro, Pichincha, Esmeraldas, Santo Domingo and Sucumbíos, as well as in La Maná Canton (Cotopaxi Province) and Las Naves and Echeandía Cantons (Bolívar Province) for a period of 60 days beginning on 31 December 2025. (See depositary notification C.N.2.2026 .TREATIES-IV.4 of 8 January 2026 for the text of the notification.)","The Secretary-General received from the Government of Ecuador a notification dated 6 January 2026, made under article 4 (3) of the above Covenant, regarding the issuance and entry into force of Executive Decree No. 277 o"
Perú,Peru,2026-01-14,2026,declaración,estado de emergencia,directo,C.N.55.2026,https://treaties.un.org/doc/Publication/CN/2026/CN.55.2026-Eng.pdf,ONU_PIDCP_art4,"The Secretary-General received from the Government of Peru a notification dated 14 January 2026, made under article 4 (3) of the above Covenant. By Supreme Decree No. 004-2026-PCM , published on the date, a state of emergency has been declared in the province of Pisco, department of Ica, for a period of sixty (60) calendar days, starting on 10 January 2026. (see depositary notification C.N.55.2026 .TREATIES-IV.4 of 16 January 2026).","The Secretary-General received from the Government of Peru a notification dated 14 January 2026, made under article 4 (3) of the above Covenant. By Supreme Decree No. 004-2026-PCM , published on the date, a state of emer"
Guatemala,Guatemala,2026-01-19,2026,declaración,estado de sitio,directo,C.N.62.2026,https://treaties.un.org/doc/Publication/CN/2026/CN.62.2026-Eng.pdf,ONU_PIDCP_art4,"The Secretary-General received from the Government of Guatemala a notification dated 19 January 2026, made under article 4 (3) of the above Covenant, regarding the declaration of the state of siege throughout the Republic of Guatemala for a period of thirty (30) days by Government Decree No. 1-2026. (See C.N.62.2026 .TREATIES-IV.4 of 23 January 2026 for the text of the notification.)","The Secretary-General received from the Government of Guatemala a notification dated 19 January 2026, made under article 4 (3) of the above Covenant, regarding the declaration of the state of siege throughout the Republi"
Chile,Chile,2026-01-21,2026,declaración,estado de emergencia,directo,C.N.63.2026,https://treaties.un.org/doc/Publication/CN/2026/CN.63.2026-Eng.pdf,ONU_PIDCP_art4,"The Secretary-General received from the Government of Chile a notification dated 20 January 2025, made under article 4 (3) of the above Covenant, regarding the establishment a constitutional state of emergency for a period of 30 days in the areas indicated in response to forest fires. The liberty of movement, as provided for in article 12 of the International Covenant on Civil and Political Rights may be restricted. (See C.N.63.2026 .TREATIES-IV.4 of 23 January 2026 for the text of the notification.)","The Secretary-General received from the Government of Chile a notification dated 20 January 2025, made under article 4 (3) of the above Covenant, regarding the establishment a constitutional state of emergency for a peri"
Perú,Peru,2026-02-02,2026,declaración,estado de emergencia,directo,C.N.75.2026,https://treaties.un.org/doc/Publication/CN/2026/CN.75.2026-Eng.pdf,ONU_PIDCP_art4,"The Secretary-General received from the Government of Peru a notification dated 27 January 2026, made under article 4 (3) of the above Covenant regarding the declaration of a state of emergency in the provinces of Trujillo and Virú, Department of La Libertad for a period of 60 calendar days from 19 January 2026, by Supreme Decree No. 008-2026-PCM. (See C.N.75.2026 .TREATIES-IV.4 of 4 February 2026 for the text of the notification.)","The Secretary-General received from the Government of Peru a notification dated 27 January 2026, made under article 4 (3) of the above Covenant regarding the declaration of a state of emergency in the provinces of Trujil"
Perú,Peru,2026-02-02,2026,extensión,estado de emergencia,directo,C.N.73.2026,https://treaties.un.org/doc/Publication/CN/2026/CN.73.2026-Eng.pdf,ONU_PIDCP_art4,"The Secretary-General received from the Government of Peru a notification dated 27 January 2026, made under article 4 (3) of the above Covenant, regarding the extension of the state of emergency in metropolitan Lima, Department of Lima, and in the Constitutional Province of Callao for a period of 30 calendar days starting on 20 January 2026 through Supreme Decree No. 006-2026-PCM. (See C.N.73.2026 .TREATIES-IV.4 of 4 February 2026 for the text of the notification.)","The Secretary-General received from the Government of Peru a notification dated 27 January 2026, made under article 4 (3) of the above Covenant, regarding the extension of the state of emergency in metropolitan Lima, Dep"
Perú,Peru,2026-02-02,2026,extensión,estado de emergencia,directo,C.N.74.2026,https://treaties.un.org/doc/Publication/CN/2026/CN.74.2026-Eng.pdf,ONU_PIDCP_art4,"The Secretary-General received from the Government of Peru a notification dated 27 January 2026, made under article 4 (3) of the above Covenant regarding the extension of the state of emergency declared in the Provinces of Tumbes and Zarumilla, Department of Tumbes for a period of sixty (60) calendar days from 19 January 2026, by Supreme Decree No. 007-2026-PCM. (See C.N.74.2026 .TREATIES-IV.4 of 4 February 2026 for the text of the notification.)","The Secretary-General received from the Government of Peru a notification dated 27 January 2026, made under article 4 (3) of the above Covenant regarding the extension of the state of emergency declared in the Provinces "
Perú,Peru,2026-02-02,2026,extensión,estado de emergencia,directo,C.N.76.2026,https://treaties.un.org/doc/Publication/CN/2026/CN.76.2026-Eng.pdf,ONU_PIDCP_art4,"The Secretary-General received from the Government of Peru a notification dated 30 January 2026, made under article 4 (3) of the above Covenant, regarding the extension of the state of emergency declared in the districts and population centres located in the following provinces and departments: Province of Huanta (Department of Ayacucho), Province of Tayacaja (Department of Huancavelica), Province of La Convención (Department of Cusco), and Province of Satipo (Department of Junín), for a period of 60 calendar days starting 30 January 2026 through Supreme Decree No. 012-2026-PCM. (See C.N.76.2026 .TREATIES-IV.4 of 4 February 2026 for the text of the notification.)","The Secretary-General received from the Government of Peru a notification dated 30 January 2026, made under article 4 (3) of the above Covenant, regarding the extension of the state of emergency declared in the districts"
Perú,Peru,2026-02-02,2026,declaración,estado de emergencia,directo,C.N.77.2026,https://treaties.un.org/doc/Publication/CN/2026/CN.77.2026-Eng.pdf,ONU_PIDCP_art4,"The Secretary-General received from the Government of Peru a notification dated 30 January 2026, made under article 4 (3) of the above Covenant regarding the declaration of a state of emergency in the border districts of Palca, Tacna and La Yarada-Los Palos in the Province of Tacna, Department of Tacna for a period of 60 calendar days from 30 January 2026, by Supreme Decree No. 013-2026-PCM. (See C.N.77.2026 .TREATIES-IV.4 of 4 February 2026 for the text of the notification.)","The Secretary-General received from the Government of Peru a notification dated 30 January 2026, made under article 4 (3) of the above Covenant regarding the declaration of a state of emergency in the border districts of"
Perú,Peru,2026-02-04,2026,declaración,estado de emergencia,directo,C.N.79.2026,https://treaties.un.org/doc/Publication/CN/2026/CN.79.2026-Eng.pdf,ONU_PIDCP_art4,"The Secretary-General received from the Government of Peru a notification dated 27 January 2026, made under article 4 (3) of the above Covenant, regarding the declaration of the state of emergency in the Province of Pataz and in the population centre of Chagualito, in the District of Cochorco, Province of Sánchez Carrión, Department of La Libertad for a period of sixty (60) calendar days starting on 5 February 2026 through Supreme Decree No. 016-2026-PCM. (See C.N.79.2026 .TREATIES-IV.4 of 6 February 2026 for the text of the notification.)","The Secretary-General received from the Government of Peru a notification dated 27 January 2026, made under article 4 (3) of the above Covenant, regarding the declaration of the state of emergency in the Province of Pata"
Perú,Peru,2026-02-04,2026,declaración,estado de emergencia,directo,C.N.78.2026,https://treaties.un.org/doc/Publication/CN/2026/CN.78.2026-Eng.pdf,ONU_PIDCP_art4,"The Secretary-General received from the Government of Peru a notification dated 30 January 2026, made under article 4 (3) of the above Covenant, regarding the declaration of the state of emergency in the Provinces of Putumayo and Mariscal Ramón Castilla, Department of Loreto for a period of 60 calendar days starting on 5 February 2026 through Supreme Decree No. 015-2026-PCM. (See C.N.78.2026 .TREATIES-IV.4 of 6 February 2026 for the text of the notification.)","The Secretary-General received from the Government of Peru a notification dated 30 January 2026, made under article 4 (3) of the above Covenant, regarding the declaration of the state of emergency in the Provinces of Put"
Perú,Peru,2026-02-13,2026,extensión,estado de emergencia,directo,C.N.88.2026,https://treaties.un.org/doc/Publication/CN/2026/CN.88.2026-Eng.pdf,ONU_PIDCP_art4,"The Secretary-General received from the Government of Peru a notification dated 12 February 2026, made under article 4 (3) of the above Covenant, regarding the extension of the state of emergency in various border districts of the Departments of Amazonas, Cajamarca, Madre de Dios, Piura, Puno and Ucayali for a period of 60 calendar days starting on 5 February 2026 through Supreme Decree No. 018-2026-PCM. (See C.N.88.2026 .TREATIES-IV.4 of 17 February 2026 for the text of the notification.)","The Secretary-General received from the Government of Peru a notification dated 12 February 2026, made under article 4 (3) of the above Covenant, regarding the extension of the state of emergency in various border distri"
Perú,Peru,2026-02-13,2026,extensión,estado de emergencia,directo,C.N.87.2026,https://treaties.un.org/doc/Publication/CN/2026/CN.87.2026-Eng.pdf,ONU_PIDCP_art4,"The Secretary-General received from the Government of Peru a notification dated 12 February 2026, made under article 4 (3) of the above Covenant, regarding the extension of the state of emergency in the Districts of Tambopata, Inambari, Las Piedras and Laberinto, Province of Tambopata, and in the Districts of Madre de Dios and Huepetuhe, Province of Manu, in the Department of Madre de Dios for a period of 60 calendar days starting on 5 February 2026 through Supreme Decree No. 017-2026-PCM. (See C.N.87.2026 .TREATIES-IV.4 of 17 February 2026 for the text of the notification.)","The Secretary-General received from the Government of Peru a notification dated 12 February 2026, made under article 4 (3) of the above Covenant, regarding the extension of the state of emergency in the Districts of Tamb"
Guatemala,Guatemala,2026-02-17,2026,declaración,estado de sitio,heredado,C.N.97.2026,https://treaties.un.org/doc/Publication/CN/2026/CN.97.2026-Eng.pdf,ONU_PIDCP_art4,"The Secretary-General received from the Government of Guatemala a notification dated 17 February 2026, made under article 4 (3) of the above Covenant, regarding the declaration of the state of alert throughout the Republic of Guatemala for a period of fifteen (15) days by Government Decree No. 2-2026. (See C.N.97.2026 .TREATIES-IV.4 of 25 February 2026 for the text of the notification.)","The Secretary-General received from the Government of Guatemala a notification dated 17 February 2026, made under article 4 (3) of the above Covenant, regarding the declaration of the state of alert throughout the Republ"
Chile,Chile,2026-02-18,2026,extensión,estado de emergencia,directo,C.N.92.2026,https://treaties.un.org/doc/Publication/CN/2026/CN.92.2026-Eng.pdf,ONU_PIDCP_art4,"The Secretary-General received from the Government of Chile a notification dated 18 Febuary 2025, made under article 4 (3) of the above Covenant, regarding the extension for thirty days of a constitutional state of emergency in the areas indicated in response to forest fires. (See C.N.92.2026 .TREATIES-IV.4 of 24 February 2026 for the text of the notification.)","The Secretary-General received from the Government of Chile a notification dated 18 Febuary 2025, made under article 4 (3) of the above Covenant, regarding the extension for thirty days of a constitutional state of emerg"
Ecuador,Ecuador,2026-03-02,2026,extensión,estado de emergencia,directo,C.N.115.2026,https://treaties.un.org/doc/Publication/CN/2026/CN.115.2026-Eng.pdf,ONU_PIDCP_art4,"The Secretary-General received from the Government of Ecuador a notification dated 28 February 2026, made under article 4 (3) of the above Covenant, regarding the issuance and entry into force of Executive Decree No. 311 of 28 February 2026 on the extension of the state of emergency in the Provinces of Guayas, Manabí, Santa Elena, Los Ríos, El Oro, Pichincha, Esmeraldas, Santo Domingo de los Tsáchilas and Sucumbíos, and in La Maná Canton, Las Naves Canton and Echeandía Canton (Bolívar Province) for a period of thirty (30) days beginning on 28 February 2026. (See depositary notification C.N.115.2026 .TREATIES-IV.4 of 24 March 2026 for the text of the notification.)","The Secretary-General received from the Government of Ecuador a notification dated 28 February 2026, made under article 4 (3) of the above Covenant, regarding the issuance and entry into force of Executive Decree No. 311"
Guatemala,Guatemala,2026-03-05,2026,declaración,estado de emergencia,directo,C.N.105.2026,https://treaties.un.org/doc/Publication/CN/2026/CN.105.2026-Eng.pdf,ONU_PIDCP_art4,"The Secretary-General received from the Government of Guatemala a notification dated 5 March 2026, made under article 4 (3) of the above Covenant, regarding the declaration of the state of emergency throughout the Republic of Guatemala for a period of fifteen (15) days by Government Decree No. 3-2026. (See C.N.105.2026 .TREATIES-IV.4 of 5 March 2026 for the text of the notification.)","The Secretary-General received from the Government of Guatemala a notification dated 5 March 2026, made under article 4 (3) of the above Covenant, regarding the declaration of the state of emergency throughout the Republ"
Ecuador,Ecuador,2026-03-17,2026,declaración,estado de emergencia,directo,C.N.116.2026,https://treaties.un.org/doc/Publication/CN/2026/CN.116.2026-Eng.pdf,ONU_PIDCP_art4,"The Secretary-General received from the Government of Ecuador a notification dated 16 March 2026, made under article 4 (3) of the above Covenant, regarding the issuance and entry into force of Executive Decree No. 329 of 13 March 2026 amending the state of emergency previously declared by Executive Decree No. 311 in the Provinces of Guayas, Los Ríos, El Oro and Santo Domingo de los Tsáchilas which will take effect from 12 a.m. on 15 March 2026 and will remain in force for the duration of the previously declared state of emergency. (See depositary notification C.N.116.2026 .TREATIES-IV.4 of 24 March 2026 for the text of the notification.)","The Secretary-General received from the Government of Ecuador a notification dated 16 March 2026, made under article 4 (3) of the above Covenant, regarding the issuance and entry into force of Executive Decree No. 329 of"
Guatemala,Guatemala,2026-03-23,2026,declaración,estado de emergencia,directo,C.N.117.2026,https://treaties.un.org/doc/Publication/CN/2026/CN.117.2026-Eng.pdf,ONU_PIDCP_art4,"The Secretary-General received from the Government of Guatemala a notification dated 23 March 2026, made under article 4 (3) of the above Covenant, regarding the declaration of the state of emergency, on 19 March 2026, in the departments of Guatemala, Petén, Escuintla, Izabal, San Marcos and Huehuetenango for a period of fifteen (15) days by Government Decree No. 4-2026. (See C.N.117.2026 .TREATIES-IV.4 of 24 March 2026 for the text of the notification.)","The Secretary-General received from the Government of Guatemala a notification dated 23 March 2026, made under article 4 (3) of the above Covenant, regarding the declaration of the state of emergency, on 19 March 2026, i"
Perú,Peru,2026-03-25,2026,declaración,estado de emergencia,directo,C.N.121.2026,https://treaties.un.org/doc/Publication/CN/2026/CN.121.2026-Eng.pdf,ONU_PIDCP_art4,"The Secretary-General received from the Government of Peru a notification dated 24 March 2026, made under article 4 (3) of the above Covenant, regarding the declaration of a state of emergency in metropolitan Lima (Department of Lima) and in the Constitutional Province of Callao for a period of thirty (30) calendar days, from 28 February 2026, through Supreme Decree No. 027-2026-PCM. (See C.N.121.2026 .TREATIES-IV.4 of 31 March 2026 for the text of the notification.)","The Secretary-General received from the Government of Peru a notification dated 24 March 2026, made under article 4 (3) of the above Covenant, regarding the declaration of a state of emergency in metropolitan Lima (Depar"
Perú,Peru,2026-03-25,2026,declaración,estado de emergencia,directo,C.N.122.2026,https://treaties.un.org/doc/Publication/CN/2026/CN.122.2026-Eng.pdf,ONU_PIDCP_art4,"The Secretary-General received from the Government of Peru a notification dated 24 March 2026, made under article 4 (3) of the above Covenant, regarding the declaration of a state of emergency through Supreme Decree No. 029-2026-PCM for a period of sixty (60) calendar days, from 8 March 2026, in the following districts: - Anco, Ayna, Santa Rosa, Samugari, Anchihuay, Río Magdalena and Unión Progreso in the Province of La Mar (Department of Ayacucho); - Kimbiri, Villa Kintiarina, Villa Virgen, Echarate, Megantoni, Kumpirushiato, Cielo Punco and Manitea in the Province of La Convención (Department of Cusco); - Pangoa and Río Tambo in the Province of Satipo (Department of Junín). The aforementioned supreme decree excludes from its scope of application the following: - the communities ( centros poblados ) of Puerto Ocopa and Quiteni located in the district of Río Tambo in the Province of Satipo (Department of Junín), as well as the community ( centro poblado ) of Kiteni located in the District of Echarate in the Province of La Convención (Department of Cusco); - the territorial areas known as the ""Camisea gas energy hub"" ( Eje Energético del Gas de Camisea ) and the “River-land operational corridor of the Ene River"" ( Corredor Operacional Fluvial - Terrestre del Ene ). (See C.N.122.2026 .TREATIES-IV.4 of 31 March 2026 for the text of the notification.)","The Secretary-General received from the Government of Peru a notification dated 24 March 2026, made under article 4 (3) of the above Covenant, regarding the declaration of a state of emergency through Supreme Decree No. "
Perú,Peru,2026-03-25,2026,declaración,estado de emergencia,directo,C.N.123.2026,https://treaties.un.org/doc/Publication/CN/2026/CN.123.2026-Eng.pdf,ONU_PIDCP_art4,"The Secretary-General received from the Government of Peru a notification dated 24 March 2026, made under article 4 (3) of the above Covenant, regarding the declaration of a state of emergency through Supreme Decree No. 030-2026-PCM for a period of sixty (60) calendar days, from 8 March 2026, in the following jurisdictions of the department of Piura: - the districts of Piura, Castilla, Veintiséis de Octubre and Catacaos of the Province of Piura; - the districts of Sullana and Bellavista of the Province of Sullana; and - the provinces of Paita and Talara. (See C.N.123.2026 .TREATIES-IV.4 of 31 March 2026 for the text of the notification.)","The Secretary-General received from the Government of Peru a notification dated 24 March 2026, made under article 4 (3) of the above Covenant, regarding the declaration of a state of emergency through Supreme Decree No. "
Perú,Peru,2026-03-25,2026,declaración,estado de emergencia,directo,C.N.124.2026,https://treaties.un.org/doc/Publication/CN/2026/CN.124.2026-Eng.pdf,ONU_PIDCP_art4,"The Secretary-General received from the Government of Peru a notification dated 24 March 2026, made under article 4 (3) of the above Covenant, regarding the declaration of a state of emergency in the province of Pisco (department of Ica) for a period of sixty (60) calendar days, starting on 15 March 2026, through Supreme Decree No. 038-2026-PCM. (See C.N.124.2026 .TREATIES-IV.4 of 31 March 2026 for the text of the notification.)","The Secretary-General received from the Government of Peru a notification dated 24 March 2026, made under article 4 (3) of the above Covenant, regarding the declaration of a state of emergency in the province of Pisco (d"
Ecuador,Ecuador,2026-04-06,2026,declaración,estado de emergencia,heredado,C.N.130.2026,https://treaties.un.org/doc/Publication/CN/2026/CN.130.2026-Eng.pdf,ONU_PIDCP_art4,"The Secretary-General received from the Government of Ecuador a notification dated 6 April 2026, made under article 4 (3) of the above Covenant, regarding the issuance and entry into force of Executive Decree No. 353, dated 2 April 2026 in the Provinces of Guayas, Los Ríos, El Oro and Santo Domingo de los Tsáchilas, and in the the cantons of La Maná (Cotopaxi), Las Naves and Echeandía (Bolívar), and La Troncal (Cañar), which will take effect on 2 April 2026 for a period of sixty (60) days. (See depositary notification C.N.130.2026 .TREATIES-IV.4 of 7 April 2026 for the text of the notification.)","The Secretary-General received from the Government of Ecuador a notification dated 6 April 2026, made under article 4 (3) of the above Covenant, regarding the issuance and entry into force of Executive Decree No. 353, da"
Guatemala,Guatemala,2026-04-08,2026,declaración,estado de emergencia,directo,C.N.134.2026,https://treaties.un.org/doc/Publication/CN/2026/CN.134.2026-Eng.pdf,ONU_PIDCP_art4,"The Secretary-General received from the Government of Guatemala a notification dated 8 April 2026, made under article 4 (3) of the above Covenant, regarding the declaration of the state of emergency, on 7 April 2026, in the departments of Guatemala, Sacatepéquez, Petén, Escuintla, Izabal, San Marcos and Huehuetenango for a period of fifteen (15) days by Government Decree No. 5-2026. (See C.N.134.2026 .TREATIES-IV.4 of 9 April 2026 for the text of the notification.)","The Secretary-General received from the Government of Guatemala a notification dated 8 April 2026, made under article 4 (3) of the above Covenant, regarding the declaration of the state of emergency, on 7 April 2026, in "
Trinidad y Tobago,Trinidad and Tobago,2026-04-10,2026,declaración,estado de emergencia,heredado,C.N.145.2025,https://treaties.un.org/doc/Publication/CN/2025/CN.145.2025-Eng.pdf,ONU_PIDCP_art4,The Government of the Republic of Trinidad and Tobago notified the Secretary-General that the state of public emergency declared in the Republic of Trinidad and Tobago effective on 3 March 2026. (See depositary notification C.N.145.2025 .TREATIES-IV.4 of 20 April 2026),The Government of the Republic of Trinidad and Tobago notified the Secretary-General that the state of public emergency declared in the Republic of Trinidad and Tobago effective on 3 March 2026. (See depositary notificat
Guatemala,Guatemala,2026-04-21,2026,declaración,estado de emergencia,directo,C.N.147.2026,https://treaties.un.org/doc/Publication/CN/2026/CN.147.2026-Eng.pdf,ONU_PIDCP_art4,"The Secretary-General received from the Government of Guatemala a notification dated 21 April 2026, made under article 4 (3) of the above Covenant, regarding the declaration of the state of emergency, on 21 April 2026, in the departments of Guatemala, Escuintla, Izabal, San Marcos and Huehuetenango of the Republic of Guatemala for a period of fifteen (15) days by Government Decree No. 6-2026. (See C.N.147.2026 .TREATIES-IV.4 of 22 April 2026 for the text of the notification.)","The Secretary-General received from the Government of Guatemala a notification dated 21 April 2026, made under article 4 (3) of the above Covenant, regarding the declaration of the state of emergency, on 21 April 2026, i"
Guatemala,Guatemala,2026-05-06,2026,declaración,estado de emergencia,directo,C.N.158.2026,https://treaties.un.org/doc/Publication/CN/2026/CN.158.2026-Eng.pdf,ONU_PIDCP_art4,"The Secretary-General received from the Government of Guatemala a notification dated 6 May 2026, made under article 4 (3) of the above Covenant, regarding the declaration of the state of emergency, on 6 May 2026, in the departments of Guatemala, Escuintla, Izabal, San Marcos and Huehuetenango of the Republic of Guatemala for a period of fifteen (15) days by Government Decree No. 7-2026. (See C.N.158.2026 .TREATIES-IV.4 of 7 May 2026 for the text of the notification.)","The Secretary-General received from the Government of Guatemala a notification dated 6 May 2026, made under article 4 (3) of the above Covenant, regarding the declaration of the state of emergency, on 6 May 2026, in the "
Perú,Peru,2026-05-29,2026,declaración,estado de emergencia,directo,C.N.183.2026,https://treaties.un.org/doc/Publication/CN/2026/CN.183.2026-Eng.pdf,ONU_PIDCP_art4,"The Secretary-General received from the Government of Peru a notification dated 20 May 2026, made under article 4 (3) of the above Covenant, regarding the declaration of a state of emergency in the provinces of Trujillo and Virú in the department of La Libertad for a period of sixty (60) calendar days beginning on 27 March 2026, through supreme decree no. 041-2026-PCM. (See C.N.183.2026 .TREATIES-IV.4 of 3 June 2026 for the text of the notification.)","The Secretary-General received from the Government of Peru a notification dated 20 May 2026, made under article 4 (3) of the above Covenant, regarding the declaration of a state of emergency in the provinces of Trujillo "
Perú,Peru,2026-05-29,2026,extensión,estado de emergencia,directo,C.N.184.2026,https://treaties.un.org/doc/Publication/CN/2026/CN.184.2026-Eng.pdf,ONU_PIDCP_art4,"The Secretary-General received from the Government of Peru a notification dated 20 May 2026, made under article 4 (3) of the above Covenant, regarding the extension of the state of emergency in twelve (12) districts and eight (8) populated centres in the departments of Ayacucho, Huancavelica, Cusco and Junín for a period of sixty (60) calendar days beginning on 27 March 2026, through Supreme Decree No. 040-2026-PCM. (See C.N.184.2026 .TREATIES-IV.4 of 3 June 2026 for the text of the notification.)","The Secretary-General received from the Government of Peru a notification dated 20 May 2026, made under article 4 (3) of the above Covenant, regarding the extension of the state of emergency in twelve (12) districts and "
Perú,Peru,2026-05-29,2026,declaración,estado de emergencia,directo,C.N.185.2026,https://treaties.un.org/doc/Publication/CN/2026/CN.185.2026-Eng.pdf,ONU_PIDCP_art4,"The Secretary-General received from the Government of Peru a notification dated 25 May 2026, made under article 4 (3) of the above Covenant, regarding the declaration of a state of emergency in the province of Zarumilla in the department of Tumbes for a period of sixty (60) calendar days beginning on 29 March 2026, through supreme decree no. 045-2026-PCM. (See C.N.185.2026 .TREATIES-IV.4 of 3 June 2026 for the text of the notification.)","The Secretary-General received from the Government of Peru a notification dated 25 May 2026, made under article 4 (3) of the above Covenant, regarding the declaration of a state of emergency in the province of Zarumilla "
Perú,Peru,2026-05-29,2026,extensión,estado de emergencia,directo,C.N.186.2026,https://treaties.un.org/doc/Publication/CN/2026/CN.186.2026-Eng.pdf,ONU_PIDCP_art4,"The Secretary-General received from the Government of Peru a notification dated 25 May 2026, made under article 4 (3) of the above Covenant, regarding the extension of the state of emergency in Metropolitan Lima (department of Lima) and the Constitutional Province of Callao for a period of thirty (30) calendar days beginning on 30 March 2026, through Supreme Decree No. 044-2026-PCM. (See C.N.186.2026 .TREATIES-IV.4 of 3 June 2026 for the text of the notification.)","The Secretary-General received from the Government of Peru a notification dated 25 May 2026, made under article 4 (3) of the above Covenant, regarding the extension of the state of emergency in Metropolitan Lima (departm"
Perú,Peru,2026-05-29,2026,extensión,estado de emergencia,directo,C.N.187.2026,https://treaties.un.org/doc/Publication/CN/2026/CN.187.2026-Eng.pdf,ONU_PIDCP_art4,"The Secretary-General received from the Government of Peru a notification dated 25 May 2026, made under article 4 (3) of the above Covenant, regarding the extension of the state of emergency in the province of Pataz in the department of La Libertad for a period of sixty (60) calendar days beginning on 6 April 2026, through supreme decree no. 049-2026-PCM. (See C.N.187.2026 .TREATIES-IV.4 of 3 June 2026 for the text of the notification.)","The Secretary-General received from the Government of Peru a notification dated 25 May 2026, made under article 4 (3) of the above Covenant, regarding the extension of the state of emergency in the province of Pataz in t"
Perú,Peru,2026-05-29,2026,extensión,estado de emergencia,directo,C.N.188.2026,https://treaties.un.org/doc/Publication/CN/2026/CN.188.2026-Eng.pdf,ONU_PIDCP_art4,"The Secretary-General received from the Government of Peru a notification dated 25 May 2026, made under article 4 (3) of the above Covenant, regarding the extension of the state of emergency in the provinces of Putumayo and Mariscal Ramón Castilla in the department of Loreto for a period of sixty (60) calendar days beginning on 6 April 2026, through supreme decree no. 050-2026-PCM. (See C.N.188.2026 .TREATIES-IV.4 of 3 June 2026 for the text of the notification.)","The Secretary-General received from the Government of Peru a notification dated 25 May 2026, made under article 4 (3) of the above Covenant, regarding the extension of the state of emergency in the provinces of Putumayo "
Perú,Peru,2026-05-29,2026,declaración,estado de emergencia,directo,C.N.189.2026,https://treaties.un.org/doc/Publication/CN/2026/CN.189.2026-Eng.pdf,ONU_PIDCP_art4,"The Secretary-General received from the Government of Peru a notification dated 25 May 2026, made under article 4 (3) of the above Covenant, regarding the declaration of a state of emergency in the border districts of Palca, Tacna and La Yarada - Los Palos in the province of Tacna and in the district of Tarata in the province of Tarata (department of Tacna) for a period of sixty (60) calendar days beginning on 10 April 2026, through supreme decree no. 051-2026-PCM. (See C.N.189.2026 .TREATIES-IV.4 of 3 June 2026 for the text of the notification.)","The Secretary-General received from the Government of Peru a notification dated 25 May 2026, made under article 4 (3) of the above Covenant, regarding the declaration of a state of emergency in the border districts of Pa"
Perú,Peru,2026-05-29,2026,declaración,estado de emergencia,directo,C.N.190.2026,https://treaties.un.org/doc/Publication/CN/2026/CN.190.2026-Eng.pdf,ONU_PIDCP_art4,"The Secretary-General received from the Government of Peru a notification dated 25 May 2026, made under article 4 (3) of the above Covenant, regarding the declaration of a state of emergency in the following districts of the department of Cajamarca: Encañada and Chetilla in the province of Cajamarca; Cachachi in the province of Cajabamba; Sorochuco and Huasmin in the province of Celendín; Contumazá in the province of Contumazá; Chalamarca in the province of Chota; Hualgayoc, Chugur and Bambamarca in the province of Hualgayoc; San Ignacio and San José de Lourdes in the province of San Ignacio; and Gregorio Pita in the province of San Marcos, for a period of sixty (60) calendar days beginning on 13 April 2026, through supreme decree no. 052-2026-PCM. (See C.N.190.2026 .TREATIES-IV.4 of 3 June 2026 for the text of the notification.)","The Secretary-General received from the Government of Peru a notification dated 25 May 2026, made under article 4 (3) of the above Covenant, regarding the declaration of a state of emergency in the following districts of"
Perú,Peru,2026-05-29,2026,declaración,estado de emergencia,directo,C.N.191.2026,https://treaties.un.org/doc/Publication/CN/2026/CN.191.2026-Eng.pdf,ONU_PIDCP_art4,"The Secretary-General received from the Government of Peru a notification dated 25 May 2026, made under article 4 (3) of the above Covenant, regarding the declaration of a state of emergency in the following districts of the department of Madre de Dios: Tambopata, Inambari, Las Piedras and Laberinto (province of Tambopata), and Madre de Dios and Huepetuhe (province of Manu), for a period of sixty (60) calendar days starting on 17 April 2026, through Supreme Decree No. 055-2026-PCM. (See C.N.191.2026 .TREATIES-IV.4 of 3 June 2026 for the text of the notification.)","The Secretary-General received from the Government of Peru a notification dated 25 May 2026, made under article 4 (3) of the above Covenant, regarding the declaration of a state of emergency in the following districts of"
Ecuador,Ecuador,2026-06-17,2026,declaración,estado de emergencia,directo,C.N.245.2026,https://treaties.un.org/doc/Publication/CN/2026/CN.245.2026-Eng.pdf,ONU_PIDCP_art4,"The Secretary-General received from the Government of Ecuador a notification dated 17 June 2026, made under article 4 (3) of the above Covenant, regarding the issuance and entry into force of Executive Decree No. 423 of 16 June 2026 on the declaration of a state of emergency in the provinces of Guayas, Manabí, Santa Elena, Los Ríos, El Oro, Pichincha, Esmeraldas, Santo Domingo de los Tsáchilas, Sucumbíos and Azuay and in the cantons of La Maná (province of Cotopaxi), Las Naves (province of Bolívar) and La Troncal (province of Cañar). for a period of sixty (60) days beginning on 16 June 2026. (See depositary notification C.N.245.2026 .TREATIES-IV.4 of 17 June 2026 for the text of the notification.)","The Secretary-General received from the Government of Ecuador a notification dated 17 June 2026, made under article 4 (3) of the above Covenant, regarding the issuance and entry into force of Executive Decree No. 423 of "
